{
    "features": {
        "word_count": 56,
        "sentence_count": 4,
        "document_length": 60,
        "sophisticated_ratio": 0.7166666666666667,
        "concrete_ratio": 0.21666666666666667,
        "lexical_diversity": 0.9829144620811286,
        "hapax_legomena_lemma_ratio": 0.5166666666666667,
        "ratio_passive_per_token": 0.0,
        "ratio_passive_per_verb": 0.0,
        "total_token_ratio_passive": 0.0,
        "max_size_passive": 0,
        "ratio_coordination_per_token": 0.05,
        "total_token_ratio_coordination": 0.05,
        "max_size_coordination": 1,
        "ratio_clitic_per_token": 0.0,
        "ratio_pre_clitic_pronouns_per_token": 0.0,
        "ratio_post_clitic_pronouns_per_token": 0.0,
        "ratio_aux_verbs_per_token": 0.0,
        "ratio_aux_verbs_per_verb": 0.0,
        "total_token_ratio_aux_verbs": 0.0,
        "max_size_aux_verbs": 0,
        "ratio_named_entities_per_token": 0.06666666666666667,
        "ratio_named_entities_per_verb": 2.0,
        "total_token_ratio_named_entities": 0.21666666666666667,
        "max_size_named_entities": 5,
        "ratio_subordination_per_token": 0.03333333333333333,
        "ratio_subordination_per_verb": 1.0,
        "total_token_ratio_subordination": 0.25,
        "max_size_subordination": 8,
        "max_size_np_pp_modifiers": 16
    },
    "sentences": {
        "0": {
            "words": {
                "0": {
                    "text": "iPhone",
                    "id": 1,
                    "lemma": "iPhone",
                    "word_length": 6,
                    "word_syllables": 0,
                    "ortho_neighbors": "na",
                    "ortho_neighbors_+freq_cum": "na",
                    "age_of_acquisition": -1,
                    "familiarity": -1,
                    "lexical_frequency": 1e-10,
                    "complexity": 3,
                    "hapax_legomena_lemma": 0,
                    "concrete": false,
                    "sophisticated": true,
                    "passive": "O",
                    "coordination": {
                        "conjuncts": [
                            23
                        ],
                        "cc": [
                            21
                        ]
                    },
                    "clitic_type": false,
                    "aux_verbs": "O",
                    "named_entities": "B",
                    "subordination": [],
                    "np_pp_modifiers": {
                        "ids": [
                            4,
                            3,
                            2,
                            6,
                            8,
                            7,
                            9,
                            12,
                            10,
                            11,
                            13,
                            15,
                            14,
                            20,
                            17,
                            19
                        ],
                        "texts": [
                            "Max",
                            "Pro",
                            "13",
                            "\u20ac",
                            "Caract\u00e9ristiques",
                            "700,00",
                            "\u00c9tat",
                            "Description",
                            "Comme",
                            "neuf",
                            "iPhone",
                            "Pro",
                            "13",
                            "\u00e9tat",
                            "en",
                            "bon"
                        ]
                    }
                },
                "1": {
                    "text": "13",
                    "id": 2,
                    "lemma": "13",
                    "word_length": 2,
                    "word_syllables": 0,
                    "ortho_neighbors": "na",
                    "ortho_neighbors_+freq_cum": "na",
                    "age_of_acquisition": -1,
                    "familiarity": -1,
                    "lexical_frequency": 1e-10,
                    "complexity": "na",
                    "hapax_legomena_lemma": 0,
                    "concrete": false,
                    "sophisticated": true,
                    "passive": "O",
                    "coordination": {},
                    "clitic_type": false,
                    "aux_verbs": "O",
                    "named_entities": "I",
                    "subordination": [],
                    "np_pp_modifiers": {
                        "ids": [],
                        "texts": []
                    }
                },
                "2": {
                    "text": "Pro",
                    "id": 3,
                    "lemma": "Pro",
                    "word_length": 3,
                    "word_syllables": 1,
                    "ortho_neighbors": 1,
                    "ortho_neighbors_+freq_cum": 18.84,
                    "age_of_acquisition": -1,
                    "familiarity": -1,
                    "lexical_frequency": 1e-10,
                    "complexity": "na",
                    "hapax_legomena_lemma": 0,
                    "concrete": false,
                    "sophisticated": true,
                    "passive": "O",
                    "coordination": {},
                    "clitic_type": false,
                    "aux_verbs": "O",
                    "named_entities": "I",
                    "subordination": [],
                    "np_pp_modifiers": {
                        "ids": [
                            2
                        ],
                        "texts": [
                            "13"
                        ]
                    }
                },
                "3": {
                    "text": "Max",
                    "id": 4,
                    "lemma": "Max",
                    "word_length": 3,
                    "word_syllables": 1,
                    "ortho_neighbors": 9,
                    "ortho_neighbors_+freq_cum": 446.3,
                    "age_of_acquisition": -1,
                    "familiarity": -1,
                    "lexical_frequency": 1e-10,
                    "complexity": "na",
                    "hapax_legomena_lemma": 0,
                    "concrete": false,
                    "sophisticated": true,
                    "passive": "O",
                    "coordination": {},
                    "clitic_type": false,
                    "aux_verbs": "O",
                    "named_entities": "I",
                    "subordination": [],
                    "np_pp_modifiers": {
                        "ids": [
                            3,
                            2
                        ],
                        "texts": [
                            "Pro",
                            "13"
                        ]
                    }
                },
                "4": {
                    "text": "128GB",
                    "id": 5,
                    "lemma": "128GB",
                    "word_length": 5,
                    "word_syllables": 0,
                    "ortho_neighbors": "na",
                    "ortho_neighbors_+freq_cum": "na",
                    "age_of_acquisition": -1,
                    "familiarity": -1,
                    "lexical_frequency": 1e-10,
                    "complexity": "na",
                    "hapax_legomena_lemma": 1,
                    "concrete": false,
                    "sophisticated": true,
                    "passive": "O",
                    "coordination": {},
                    "clitic_type": false,
                    "aux_verbs": "O",
                    "named_entities": "I",
                    "subordination": [],
                    "np_pp_modifiers": {
                        "ids": [],
                        "texts": []
                    }
                },
                "5": {
                    "text": "\u20ac",
                    "id": 6,
                    "lemma": "\u20ac",
                    "word_length": 1,
                    "word_syllables": 0,
                    "ortho_neighbors": "na",
                    "ortho_neighbors_+freq_cum": "na",
                    "age_of_acquisition": -1,
                    "familiarity": -1,
                    "lexical_frequency": 1e-10,
                    "complexity": "na",
                    "hapax_legomena_lemma": 1,
                    "concrete": false,
                    "sophisticated": true,
                    "passive": "O",
                    "coordination": {},
                    "clitic_type": false,
                    "aux_verbs": "O",
                    "named_entities": "O",
                    "subordination": [],
                    "np_pp_modifiers": {
                        "ids": [],
                        "texts": []
                    }
                },
                "6": {
                    "text": "700,00",
                    "id": 7,
                    "lemma": "700,00",
                    "word_length": 6,
                    "word_syllables": 0,
                    "ortho_neighbors": "na",
                    "ortho_neighbors_+freq_cum": "na",
                    "age_of_acquisition": -1,
                    "familiarity": -1,
                    "lexical_frequency": 1e-10,
                    "complexity": "na",
                    "hapax_legomena_lemma": 1,
                    "concrete": false,
                    "sophisticated": true,
                    "passive": "O",
                    "coordination": {},
                    "clitic_type": false,
                    "aux_verbs": "O",
                    "named_entities": "O",
                    "subordination": [],
                    "np_pp_modifiers": {
                        "ids": [],
                        "texts": []
                    }
                },
                "7": {
                    "text": "Caract\u00e9ristiques",
                    "id": 8,
                    "lemma": "caract\u00e9ristique",
                    "word_length": 16,
                    "word_syllables": 5,
                    "ortho_neighbors": 0,
                    "ortho_neighbors_+freq_cum": "na",
                    "age_of_acquisition": -1,
                    "familiarity": 5.05,
                    "lexical_frequency": 2.77,
                    "complexity": 3,
                    "hapax_legomena_lemma": 1,
                    "concrete": false,
                    "sophisticated": true,
                    "passive": "O",
                    "coordination": {},
                    "clitic_type": false,
                    "aux_verbs": "O",
                    "named_entities": "B",
                    "subordination": [],
                    "np_pp_modifiers": {
                        "ids": [
                            7,
                            9
                        ],
                        "texts": [
                            "700,00",
                            "\u00c9tat"
                        ]
                    }
                },
                "8": {
                    "text": "\u00c9tat",
                    "id": 9,
                    "lemma": "\u00e9tat",
                    "word_length": 4,
                    "word_syllables": 2,
                    "ortho_neighbors": 4,
                    "ortho_neighbors_+freq_cum": 4.87,
                    "age_of_acquisition": -1,
                    "familiarity": 4.40000009536743,
                    "lexical_frequency": 218.18,
                    "complexity": 1,
                    "hapax_legomena_lemma": 0,
                    "concrete": false,
                    "sophisticated": false,
                    "passive": "O",
                    "coordination": {},
                    "clitic_type": false,
                    "aux_verbs": "O",
                    "named_entities": "I",
                    "subordination": [],
                    "np_pp_modifiers": {
                        "ids": [],
                        "texts": []
                    }
                },
                "9": {
                    "text": "Comme",
                    "id": 10,
                    "lemma": "comme",
                    "word_length": 5,
                    "word_syllables": 1,
                    "ortho_neighbors": 9,
                    "ortho_neighbors_+freq_cum": 889.5399999999998,
                    "age_of_acquisition": 5.28364849833148,
                    "familiarity": 6.75,
                    "lexical_frequency": 1e-10,
                    "complexity": "na",
                    "hapax_legomena_lemma": 1,
                    "concrete": true,
                    "sophisticated": false,
                    "passive": "O",
                    "coordination": {},
                    "clitic_type": false,
                    "aux_verbs": "O",
                    "named_entities": "O",
                    "subordination": [],
                    "np_pp_modifiers": {
                        "ids": [],
                        "texts": []
                    }
                },
                "10": {
                    "text": "neuf",
                    "id": 11,
                    "lemma": "neuf",
                    "word_length": 4,
                    "word_syllables": 1,
                    "ortho_neighbors": 3,
                    "ortho_neighbors_+freq_cum": 31.169999999999998,
                    "age_of_acquisition": 5.58571428571429,
                    "familiarity": 5.14285714285714,
                    "lexical_frequency": 1e-10,
                    "complexity": "na",
                    "hapax_legomena_lemma": 1,
                    "concrete": true,
                    "sophisticated": false,
                    "passive": "O",
                    "coordination": {},
                    "clitic_type": false,
                    "aux_verbs": "O",
                    "named_entities": "O",
                    "subordination": [],
                    "np_pp_modifiers": {
                        "ids": [],
                        "texts": []
                    }
                },
                "11": {
                    "text": "Description",
                    "id": 12,
                    "lemma": "description",
                    "word_length": 11,
                    "word_syllables": 3,
                    "ortho_neighbors": 0,
                    "ortho_neighbors_+freq_cum": "na",
                    "age_of_acquisition": -1,
                    "familiarity": 5.05,
                    "lexical_frequency": 11.49,
                    "complexity": "na",
                    "hapax_legomena_lemma": 1,
                    "concrete": false,
                    "sophisticated": true,
                    "passive": "O",
                    "coordination": {},
                    "clitic_type": false,
                    "aux_verbs": "O",
                    "named_entities": "B",
                    "subordination": [],
                    "np_pp_modifiers": {
                        "ids": [
                            10,
                            11,
                            13,
                            15,
                            14,
                            20,
                            17,
                            19
                        ],
                        "texts": [
                            "Comme",
                            "neuf",
                            "iPhone",
                            "Pro",
                            "13",
                            "\u00e9tat",
                            "en",
                            "bon"
                        ]
                    }
                },
                "12": {
                    "text": "iPhone",
                    "id": 13,
                    "lemma": "iPhone",
                    "word_length": 6,
                    "word_syllables": 0,
                    "ortho_neighbors": "na",
                    "ortho_neighbors_+freq_cum": "na",
                    "age_of_acquisition": -1,
                    "familiarity": -1,
                    "lexical_frequency": 1e-10,
                    "complexity": 3,
                    "hapax_legomena_lemma": 0,
                    "concrete": false,
                    "sophisticated": true,
                    "passive": "O",
                    "coordination": {},
                    "clitic_type": false,
                    "aux_verbs": "O",
                    "named_entities": "I",
                    "subordination": [],
                    "np_pp_modifiers": {
                        "ids": [],
                        "texts": []
                    }
                },
                "13": {
                    "text": "13",
                    "id": 14,
                    "lemma": "13",
                    "word_length": 2,
                    "word_syllables": 0,
                    "ortho_neighbors": "na",
                    "ortho_neighbors_+freq_cum": "na",
                    "age_of_acquisition": -1,
                    "familiarity": -1,
                    "lexical_frequency": 1e-10,
                    "complexity": "na",
                    "hapax_legomena_lemma": 0,
                    "concrete": false,
                    "sophisticated": true,
                    "passive": "O",
                    "coordination": {},
                    "clitic_type": false,
                    "aux_verbs": "O",
                    "named_entities": "I",
                    "subordination": [],
                    "np_pp_modifiers": {
                        "ids": [],
                        "texts": []
                    }
                },
                "14": {
                    "text": "Pro",
                    "id": 15,
                    "lemma": "Pro",
                    "word_length": 3,
                    "word_syllables": 1,
                    "ortho_neighbors": 1,
                    "ortho_neighbors_+freq_cum": 18.84,
                    "age_of_acquisition": -1,
                    "familiarity": -1,
                    "lexical_frequency": 1e-10,
                    "complexity": "na",
                    "hapax_legomena_lemma": 0,
                    "concrete": false,
                    "sophisticated": true,
                    "passive": "O",
                    "coordination": {},
                    "clitic_type": false,
                    "aux_verbs": "O",
                    "named_entities": "I",
                    "subordination": [],
                    "np_pp_modifiers": {
                        "ids": [
                            14
                        ],
                        "texts": [
                            "13"
                        ]
                    }
                },
                "15": {
                    "text": "Max",
                    "id": 16,
                    "lemma": "Max",
                    "word_length": 3,
                    "word_syllables": 1,
                    "ortho_neighbors": 9,
                    "ortho_neighbors_+freq_cum": 446.3,
                    "age_of_acquisition": -1,
                    "familiarity": -1,
                    "lexical_frequency": 1e-10,
                    "complexity": "na",
                    "hapax_legomena_lemma": 0,
                    "concrete": false,
                    "sophisticated": true,
                    "passive": "O",
                    "coordination": {},
                    "clitic_type": false,
                    "aux_verbs": "O",
                    "named_entities": "I",
                    "subordination": [],
                    "np_pp_modifiers": {
                        "ids": [],
                        "texts": []
                    }
                },
                "16": {
                    "text": "en",
                    "id": 17,
                    "lemma": "en",
                    "word_length": 2,
                    "word_syllables": 1,
                    "ortho_neighbors": 8,
                    "ortho_neighbors_+freq_cum": 35165.0,
                    "age_of_acquisition": 5.53281423804227,
                    "familiarity": 6.85714285714286,
                    "lexical_frequency": 8732.57,
                    "complexity": "na",
                    "hapax_legomena_lemma": 1,
                    "concrete": true,
                    "sophisticated": false,
                    "passive": "O",
                    "coordination": {},
                    "clitic_type": false,
                    "aux_verbs": "O",
                    "named_entities": "O",
                    "subordination": [],
                    "np_pp_modifiers": {
                        "ids": [],
                        "texts": []
                    }
                },
                "17": {
                    "text": "tr\u00e8s",
                    "id": 18,
                    "lemma": "tr\u00e8s",
                    "word_length": 4,
                    "word_syllables": 1,
                    "ortho_neighbors": 3,
                    "ortho_neighbors_+freq_cum": 343.84000000000003,
                    "age_of_acquisition": 5.21357063403782,
                    "familiarity": 6.39285714285714,
                    "lexical_frequency": 1120.81,
                    "complexity": 1,
                    "hapax_legomena_lemma": 1,
                    "concrete": true,
                    "sophisticated": false,
                    "passive": "O",
                    "coordination": {},
                    "clitic_type": false,
                    "aux_verbs": "O",
                    "named_entities": "O",
                    "subordination": [],
                    "np_pp_modifiers": {
                        "ids": [],
                        "texts": []
                    }
                },
                "18": {
                    "text": "bon",
                    "id": 19,
                    "lemma": "bon",
                    "word_length": 3,
                    "word_syllables": 1,
                    "ortho_neighbors": 20,
                    "ortho_neighbors_+freq_cum": 6108.259999999998,
                    "age_of_acquisition": 4.32035595105673,
                    "familiarity": 5.39285714285714,
                    "lexical_frequency": 789.66,
                    "complexity": 1,
                    "hapax_legomena_lemma": 1,
                    "concrete": true,
                    "sophisticated": false,
                    "passive": "O",
                    "coordination": {},
                    "clitic_type": false,
                    "aux_verbs": "O",
                    "named_entities": "O",
                    "subordination": [],
                    "np_pp_modifiers": {
                        "ids": [],
                        "texts": []
                    }
                },
                "19": {
                    "text": "\u00e9tat",
                    "id": 20,
                    "lemma": "\u00e9tat",
                    "word_length": 4,
                    "word_syllables": 2,
                    "ortho_neighbors": 4,
                    "ortho_neighbors_+freq_cum": 4.87,
                    "age_of_acquisition": -1,
                    "familiarity": 4.40000009536743,
                    "lexical_frequency": 218.18,
                    "complexity": 1,
                    "hapax_legomena_lemma": 0,
                    "concrete": false,
                    "sophisticated": false,
                    "passive": "O",
                    "coordination": {},
                    "clitic_type": false,
                    "aux_verbs": "O",
                    "named_entities": "O",
                    "subordination": [],
                    "np_pp_modifiers": {
                        "ids": [
                            17,
                            19
                        ],
                        "texts": [
                            "en",
                            "bon"
                        ]
                    }
                },
                "20": {
                    "text": "car",
                    "id": 21,
                    "lemma": "car",
                    "word_length": 3,
                    "word_syllables": 1,
                    "ortho_neighbors": 12,
                    "ortho_neighbors_+freq_cum": 5254.309999999999,
                    "age_of_acquisition": 6.31701890989989,
                    "familiarity": 5.53571428571429,
                    "lexical_frequency": 469.32,
                    "complexity": 3,
                    "hapax_legomena_lemma": 1,
                    "concrete": true,
                    "sophisticated": false,
                    "passive": "O",
                    "coordination": {},
                    "clitic_type": false,
                    "aux_verbs": "O",
                    "named_entities": "O",
                    "subordination": [],
                    "np_pp_modifiers": {
                        "ids": [],
                        "texts": []
                    }
                },
                "21": {
                    "text": "toujours",
                    "id": 22,
                    "lemma": "toujours",
                    "word_length": 8,
                    "word_syllables": 2,
                    "ortho_neighbors": 0,
                    "ortho_neighbors_+freq_cum": "na",
                    "age_of_acquisition": -1,
                    "familiarity": -1,
                    "lexical_frequency": 1093.78,
                    "complexity": 1,
                    "hapax_legomena_lemma": 1,
                    "concrete": false,
                    "sophisticated": false,
                    "passive": "O",
                    "coordination": {},
                    "clitic_type": false,
                    "aux_verbs": "O",
                    "named_entities": "O",
                    "subordination": [
                        "B0"
                    ],
                    "np_pp_modifiers": {
                        "ids": [],
                        "texts": []
                    }
                },
                "22": {
                    "text": "prot\u00e9g\u00e9",
                    "id": 23,
                    "lemma": "prot\u00e9ger",
                    "word_length": 7,
                    "word_syllables": 3,
                    "ortho_neighbors": 0,
                    "ortho_neighbors_+freq_cum": "na",
                    "age_of_acquisition": -1,
                    "familiarity": -1,
                    "lexical_frequency": 72.23,
                    "complexity": "na",
                    "hapax_legomena_lemma": 1,
                    "concrete": false,
                    "sophisticated": true,
                    "passive": "O",
                    "coordination": {},
                    "clitic_type": false,
                    "aux_verbs": "O",
                    "named_entities": "O",
                    "subordination": [
                        "I0"
                    ],
                    "np_pp_modifiers": {
                        "ids": [],
                        "texts": []
                    }
                },
                "23": {
                    "text": "par",
                    "id": 24,
                    "lemma": "par",
                    "word_length": 3,
                    "word_syllables": 1,
                    "ortho_neighbors": 12,
                    "ortho_neighbors_+freq_cum": 6898.12,
                    "age_of_acquisition": 5.70856507230256,
                    "familiarity": 6.5,
                    "lexical_frequency": 3727.09,
                    "complexity": "na",
                    "hapax_legomena_lemma": 1,
                    "concrete": true,
                    "sophisticated": false,
                    "passive": "O",
                    "coordination": {},
                    "clitic_type": false,
                    "aux_verbs": "O",
                    "named_entities": "O",
                    "subordination": [
                        "I0"
                    ],
                    "np_pp_modifiers": {
                        "ids": [],
                        "texts": []
                    }
                },
                "24": {
                    "text": "coque",
                    "id": 25,
                    "lemma": "coque",
                    "word_length": 5,
                    "word_syllables": 1,
                    "ortho_neighbors": 8,
                    "ortho_neighbors_+freq_cum": 17.68,
                    "age_of_acquisition": 8.14015572858732,
                    "familiarity": 3.39285714285714,
                    "lexical_frequency": 12.64,
                    "complexity": "na",
                    "hapax_legomena_lemma": 1,
                    "concrete": true,
                    "sophisticated": true,
                    "passive": "O",
                    "coordination": {
                        "conjuncts": [
                            27
                        ],
                        "cc": [
                            26
                        ]
                    },
                    "clitic_type": false,
                    "aux_verbs": "O",
                    "named_entities": "O",
                    "subordination": [
                        "I0"
                    ],
                    "np_pp_modifiers": {
                        "ids": [
                            24
                        ],
                        "texts": [
                            "par"
                        ]
                    }
                },
                "25": {
                    "text": "et",
                    "id": 26,
                    "lemma": "et",
                    "word_length": 2,
                    "word_syllables": 1,
                    "ortho_neighbors": 5,
                    "ortho_neighbors_+freq_cum": 11242.619999999999,
                    "age_of_acquisition": 3.99777530589544,
                    "familiarity": 6.96428571428571,
                    "lexical_frequency": 20879.73,
                    "complexity": 1,
                    "hapax_legomena_lemma": 0,
                    "concrete": true,
                    "sophisticated": false,
                    "passive": "O",
                    "coordination": {},
                    "clitic_type": false,
                    "aux_verbs": "O",
                    "named_entities": "O",
                    "subordination": [
                        "I0"
                    ],
                    "np_pp_modifiers": {
                        "ids": [],
                        "texts": []
                    }
                },
                "26": {
                    "text": "film",
                    "id": 27,
                    "lemma": "film",
                    "word_length": 4,
                    "word_syllables": 1,
                    "ortho_neighbors": 4,
                    "ortho_neighbors_+freq_cum": 228.23,
                    "age_of_acquisition": 5.70745272525028,
                    "familiarity": 5.39285714285714,
                    "lexical_frequency": 74.12,
                    "complexity": 1,
                    "hapax_legomena_lemma": 1,
                    "concrete": true,
                    "sophisticated": false,
                    "passive": "O",
                    "coordination": {},
                    "clitic_type": false,
                    "aux_verbs": "O",
                    "named_entities": "O",
                    "subordination": [
                        "I0"
                    ],
                    "np_pp_modifiers": {
                        "ids": [
                            29,
                            28
                        ],
                        "texts": [
                            "\u00e9cran",
                            "pour"
                        ]
                    }
                },
                "27": {
                    "text": "pour",
                    "id": 28,
                    "lemma": "pour",
                    "word_length": 4,
                    "word_syllables": 1,
                    "ortho_neighbors": 9,
                    "ortho_neighbors_+freq_cum": 1091.04,
                    "age_of_acquisition": 5.03448275862069,
                    "familiarity": 6.46428571428571,
                    "lexical_frequency": 6198.24,
                    "complexity": "na",
                    "hapax_legomena_lemma": 1,
                    "concrete": true,
                    "sophisticated": false,
                    "passive": "O",
                    "coordination": {},
                    "clitic_type": false,
                    "aux_verbs": "O",
                    "named_entities": "O",
                    "subordination": [
                        "I0"
                    ],
                    "np_pp_modifiers": {
                        "ids": [],
                        "texts": []
                    }
                },
                "28": {
                    "text": "\u00e9cran",
                    "id": 29,
                    "lemma": "\u00e9cran",
                    "word_length": 5,
                    "word_syllables": 2,
                    "ortho_neighbors": 1,
                    "ortho_neighbors_+freq_cum": 1.9,
                    "age_of_acquisition": -1,
                    "familiarity": 4.8899998664856,
                    "lexical_frequency": 23.31,
                    "complexity": 4,
                    "hapax_legomena_lemma": 1,
                    "concrete": false,
                    "sophisticated": false,
                    "passive": "O",
                    "coordination": {},
                    "clitic_type": false,
                    "aux_verbs": "O",
                    "named_entities": "O",
                    "subordination": [
                        "I0"
                    ],
                    "np_pp_modifiers": {
                        "ids": [
                            28
                        ],
                        "texts": [
                            "pour"
                        ]
                    }
                },
                "29": {
                    "text": ".",
                    "id": 30,
                    "lemma": ".",
                    "word_length": 1,
                    "word_syllables": 0,
                    "ortho_neighbors": "na",
                    "ortho_neighbors_+freq_cum": "na",
                    "age_of_acquisition": -1,
                    "familiarity": -1,
                    "lexical_frequency": 1e-10,
                    "complexity": "na",
                    "hapax_legomena_lemma": "na",
                    "concrete": false,
                    "sophisticated": true,
                    "passive": "O",
                    "coordination": {},
                    "clitic_type": false,
                    "aux_verbs": "O",
                    "named_entities": "O",
                    "subordination": [],
                    "np_pp_modifiers": {
                        "ids": [],
                        "texts": []
                    }
                }
            },
            "features": {
                "parse_depth": 6,
                "sentence_length": 30,
                "ratio_passive_per_token": 0.0,
                "ratio_passive_per_verb": 0.0,
                "total_token_ratio_passive": 0.0,
                "max_size_passive": 0,
                "ratio_heads_per_token": 1.0,
                "max_nb_heads": 1,
                "max_dist_head_to_coord": 22,
                "ratio_coordination_per_token": 0.06666666666666667,
                "total_token_ratio_coordination": 0.06666666666666667,
                "max_size_coordination": 1,
                "ratio_aux_verbs_per_token": 0.0,
                "ratio_aux_verbs_per_verb": 0.0,
                "total_token_ratio_aux_verbs": 0.0,
                "max_size_aux_verbs": 0,
                "ratio_named_entities_per_token": 0.1,
                "ratio_named_entities_per_verb": 3.0,
                "total_token_ratio_named_entities": 0.4,
                "max_size_named_entities": 5,
                "max_size_np_pp_modifiers": 16,
                "max_size_subordination": 8,
                "words_before_verb": 0,
                "words_after_verb": 6
            }
        },
        "1": {
            "words": {
                "0": {
                    "text": "Vendu",
                    "id": 1,
                    "lemma": "vendre",
                    "word_length": 5,
                    "word_syllables": 2,
                    "ortho_neighbors": "na",
                    "ortho_neighbors_+freq_cum": "na",
                    "age_of_acquisition": -1,
                    "familiarity": -1,
                    "lexical_frequency": 1e-10,
                    "complexity": 3,
                    "hapax_legomena_lemma": 0,
                    "concrete": false,
                    "sophisticated": true,
                    "passive": "O",
                    "coordination": {},
                    "clitic_type": false,
                    "aux_verbs": "O",
                    "named_entities": "O",
                    "subordination": [
                        "B0"
                    ],
                    "np_pp_modifiers": {
                        "ids": [],
                        "texts": []
                    }
                },
                "1": {
                    "text": "avec",
                    "id": 2,
                    "lemma": "avec",
                    "word_length": 4,
                    "word_syllables": 2,
                    "ortho_neighbors": "na",
                    "ortho_neighbors_+freq_cum": "na",
                    "age_of_acquisition": -1,
                    "familiarity": -1,
                    "lexical_frequency": 1e-10,
                    "complexity": "na",
                    "hapax_legomena_lemma": 0,
                    "concrete": false,
                    "sophisticated": true,
                    "passive": "O",
                    "coordination": {},
                    "clitic_type": false,
                    "aux_verbs": "O",
                    "named_entities": "O",
                    "subordination": [
                        "I0"
                    ],
                    "np_pp_modifiers": {
                        "ids": [],
                        "texts": []
                    }
                },
                "2": {
                    "text": "cable",
                    "id": 3,
                    "lemma": "cable",
                    "word_length": 5,
                    "word_syllables": 0,
                    "ortho_neighbors": 1,
                    "ortho_neighbors_+freq_cum": 18.84,
                    "age_of_acquisition": -1,
                    "familiarity": -1,
                    "lexical_frequency": 1e-10,
                    "complexity": "na",
                    "hapax_legomena_lemma": 0,
                    "concrete": false,
                    "sophisticated": true,
                    "passive": "O",
                    "coordination": {
                        "conjuncts": [
                            5
                        ],
                        "cc": [
                            4
                        ]
                    },
                    "clitic_type": false,
                    "aux_verbs": "O",
                    "named_entities": "O",
                    "subordination": [
                        "I0"
                    ],
                    "np_pp_modifiers": {
                        "ids": [
                            2
                        ],
                        "texts": [
                            "avec"
                        ]
                    }
                },
                "3": {
                    "text": "et",
                    "id": 4,
                    "lemma": "et",
                    "word_length": 2,
                    "word_syllables": 1,
                    "ortho_neighbors": 9,
                    "ortho_neighbors_+freq_cum": 446.3,
                    "age_of_acquisition": -1,
                    "familiarity": -1,
                    "lexical_frequency": 1e-10,
                    "complexity": "na",
                    "hapax_legomena_lemma": 0,
                    "concrete": false,
                    "sophisticated": true,
                    "passive": "O",
                    "coordination": {},
                    "clitic_type": false,
                    "aux_verbs": "O",
                    "named_entities": "O",
                    "subordination": [
                        "I0"
                    ],
                    "np_pp_modifiers": {
                        "ids": [],
                        "texts": []
                    }
                },
                "4": {
                    "text": "boite",
                    "id": 5,
                    "lemma": "bo\u00eete",
                    "word_length": 5,
                    "word_syllables": 1,
                    "ortho_neighbors": "na",
                    "ortho_neighbors_+freq_cum": "na",
                    "age_of_acquisition": -1,
                    "familiarity": -1,
                    "lexical_frequency": 1e-10,
                    "complexity": "na",
                    "hapax_legomena_lemma": 1,
                    "concrete": false,
                    "sophisticated": true,
                    "passive": "O",
                    "coordination": {},
                    "clitic_type": false,
                    "aux_verbs": "O",
                    "named_entities": "O",
                    "subordination": [
                        "I0"
                    ],
                    "np_pp_modifiers": {
                        "ids": [
                            7,
                            6
                        ],
                        "texts": [
                            "origine",
                            "d\u2019"
                        ]
                    }
                },
                "5": {
                    "text": "d\u2019",
                    "id": 6,
                    "lemma": "de",
                    "word_length": 2,
                    "word_syllables": 0,
                    "ortho_neighbors": "na",
                    "ortho_neighbors_+freq_cum": "na",
                    "age_of_acquisition": -1,
                    "familiarity": -1,
                    "lexical_frequency": 1e-10,
                    "complexity": "na",
                    "hapax_legomena_lemma": 1,
                    "concrete": false,
                    "sophisticated": true,
                    "passive": "O",
                    "coordination": {},
                    "clitic_type": false,
                    "aux_verbs": "O",
                    "named_entities": "O",
                    "subordination": [
                        "I0"
                    ],
                    "np_pp_modifiers": {
                        "ids": [],
                        "texts": []
                    }
                },
                "6": {
                    "text": "origine",
                    "id": 7,
                    "lemma": "origine",
                    "word_length": 7,
                    "word_syllables": 3,
                    "ortho_neighbors": "na",
                    "ortho_neighbors_+freq_cum": "na",
                    "age_of_acquisition": -1,
                    "familiarity": -1,
                    "lexical_frequency": 1e-10,
                    "complexity": "na",
                    "hapax_legomena_lemma": 1,
                    "concrete": false,
                    "sophisticated": true,
                    "passive": "O",
                    "coordination": {},
                    "clitic_type": false,
                    "aux_verbs": "O",
                    "named_entities": "O",
                    "subordination": [
                        "I0"
                    ],
                    "np_pp_modifiers": {
                        "ids": [
                            6
                        ],
                        "texts": [
                            "d\u2019"
                        ]
                    }
                },
                "7": {
                    "text": ".",
                    "id": 8,
                    "lemma": ".",
                    "word_length": 1,
                    "word_syllables": 0,
                    "ortho_neighbors": 0,
                    "ortho_neighbors_+freq_cum": "na",
                    "age_of_acquisition": -1,
                    "familiarity": 5.05,
                    "lexical_frequency": 2.77,
                    "complexity": 3,
                    "hapax_legomena_lemma": 1,
                    "concrete": false,
                    "sophisticated": true,
                    "passive": "O",
                    "coordination": {},
                    "clitic_type": false,
                    "aux_verbs": "O",
                    "named_entities": "O",
                    "subordination": [],
                    "np_pp_modifiers": {
                        "ids": [],
                        "texts": []
                    }
                }
            },
            "features": {
                "parse_depth": 5,
                "sentence_length": 8,
                "ratio_passive_per_token": 0.0,
                "ratio_passive_per_verb": 0.0,
                "total_token_ratio_passive": 0.0,
                "max_size_passive": 0,
                "ratio_heads_per_token": 1.0,
                "max_nb_heads": 1,
                "max_dist_head_to_coord": 2,
                "ratio_coordination_per_token": 0.125,
                "total_token_ratio_coordination": 0.125,
                "max_size_coordination": 1,
                "ratio_aux_verbs_per_token": 0.0,
                "ratio_aux_verbs_per_verb": 0.0,
                "total_token_ratio_aux_verbs": 0.0,
                "max_size_aux_verbs": 0,
                "ratio_named_entities_per_token": 0.0,
                "ratio_named_entities_per_verb": 0.0,
                "total_token_ratio_named_entities": 0.0,
                "max_size_named_entities": 0,
                "max_size_np_pp_modifiers": 2,
                "max_size_subordination": 7,
                "words_before_verb": 0,
                "words_after_verb": 2
            }
        },
        "2": {
            "words": {
                "0": {
                    "text": "Niveau",
                    "id": 1,
                    "lemma": "niveau",
                    "word_length": 6,
                    "word_syllables": 2,
                    "ortho_neighbors": "na",
                    "ortho_neighbors_+freq_cum": "na",
                    "age_of_acquisition": -1,
                    "familiarity": -1,
                    "lexical_frequency": 1e-10,
                    "complexity": 3,
                    "hapax_legomena_lemma": 0,
                    "concrete": false,
                    "sophisticated": true,
                    "passive": "O",
                    "coordination": {},
                    "clitic_type": false,
                    "aux_verbs": "O",
                    "named_entities": "O",
                    "subordination": [],
                    "np_pp_modifiers": {
                        "ids": [
                            3,
                            2,
                            6,
                            4,
                            5,
                            7,
                            10,
                            8,
                            12,
                            15,
                            13,
                            14
                        ],
                        "texts": [
                            "batterie",
                            "de",
                            "%",
                            "\u00e0",
                            "85",
                            "Cl\u00f4ture",
                            "offres",
                            "de",
                            "19/12",
                            "h",
                            "\u00e0",
                            "20"
                        ]
                    }
                },
                "1": {
                    "text": "de",
                    "id": 2,
                    "lemma": "de",
                    "word_length": 2,
                    "word_syllables": 1,
                    "ortho_neighbors": "na",
                    "ortho_neighbors_+freq_cum": "na",
                    "age_of_acquisition": -1,
                    "familiarity": -1,
                    "lexical_frequency": 1e-10,
                    "complexity": "na",
                    "hapax_legomena_lemma": 0,
                    "concrete": false,
                    "sophisticated": true,
                    "passive": "O",
                    "coordination": {},
                    "clitic_type": false,
                    "aux_verbs": "O",
                    "named_entities": "O",
                    "subordination": [],
                    "np_pp_modifiers": {
                        "ids": [],
                        "texts": []
                    }
                },
                "2": {
                    "text": "batterie",
                    "id": 3,
                    "lemma": "batterie",
                    "word_length": 8,
                    "word_syllables": 2,
                    "ortho_neighbors": 1,
                    "ortho_neighbors_+freq_cum": 18.84,
                    "age_of_acquisition": -1,
                    "familiarity": -1,
                    "lexical_frequency": 1e-10,
                    "complexity": "na",
                    "hapax_legomena_lemma": 0,
                    "concrete": false,
                    "sophisticated": true,
                    "passive": "O",
                    "coordination": {},
                    "clitic_type": false,
                    "aux_verbs": "O",
                    "named_entities": "O",
                    "subordination": [],
                    "np_pp_modifiers": {
                        "ids": [
                            2
                        ],
                        "texts": [
                            "de"
                        ]
                    }
                },
                "3": {
                    "text": "\u00e0",
                    "id": 4,
                    "lemma": "\u00e0",
                    "word_length": 1,
                    "word_syllables": 1,
                    "ortho_neighbors": 9,
                    "ortho_neighbors_+freq_cum": 446.3,
                    "age_of_acquisition": -1,
                    "familiarity": -1,
                    "lexical_frequency": 1e-10,
                    "complexity": "na",
                    "hapax_legomena_lemma": 0,
                    "concrete": false,
                    "sophisticated": true,
                    "passive": "O",
                    "coordination": {},
                    "clitic_type": false,
                    "aux_verbs": "O",
                    "named_entities": "O",
                    "subordination": [],
                    "np_pp_modifiers": {
                        "ids": [],
                        "texts": []
                    }
                },
                "4": {
                    "text": "85",
                    "id": 5,
                    "lemma": "85",
                    "word_length": 2,
                    "word_syllables": 0,
                    "ortho_neighbors": "na",
                    "ortho_neighbors_+freq_cum": "na",
                    "age_of_acquisition": -1,
                    "familiarity": -1,
                    "lexical_frequency": 1e-10,
                    "complexity": "na",
                    "hapax_legomena_lemma": 1,
                    "concrete": false,
                    "sophisticated": true,
                    "passive": "O",
                    "coordination": {},
                    "clitic_type": false,
                    "aux_verbs": "O",
                    "named_entities": "O",
                    "subordination": [],
                    "np_pp_modifiers": {
                        "ids": [],
                        "texts": []
                    }
                },
                "5": {
                    "text": "%",
                    "id": 6,
                    "lemma": "%",
                    "word_length": 1,
                    "word_syllables": 0,
                    "ortho_neighbors": "na",
                    "ortho_neighbors_+freq_cum": "na",
                    "age_of_acquisition": -1,
                    "familiarity": -1,
                    "lexical_frequency": 1e-10,
                    "complexity": "na",
                    "hapax_legomena_lemma": 1,
                    "concrete": false,
                    "sophisticated": true,
                    "passive": "O",
                    "coordination": {},
                    "clitic_type": false,
                    "aux_verbs": "O",
                    "named_entities": "O",
                    "subordination": [],
                    "np_pp_modifiers": {
                        "ids": [
                            4,
                            5
                        ],
                        "texts": [
                            "\u00e0",
                            "85"
                        ]
                    }
                },
                "6": {
                    "text": "Cl\u00f4ture",
                    "id": 7,
                    "lemma": "cl\u00f4ture",
                    "word_length": 7,
                    "word_syllables": 2,
                    "ortho_neighbors": "na",
                    "ortho_neighbors_+freq_cum": "na",
                    "age_of_acquisition": -1,
                    "familiarity": -1,
                    "lexical_frequency": 1e-10,
                    "complexity": "na",
                    "hapax_legomena_lemma": 1,
                    "concrete": false,
                    "sophisticated": true,
                    "passive": "O",
                    "coordination": {},
                    "clitic_type": false,
                    "aux_verbs": "O",
                    "named_entities": "B",
                    "named_entities_loc": true,
                    "subordination": [],
                    "np_pp_modifiers": {
                        "ids": [
                            10,
                            8
                        ],
                        "texts": [
                            "offres",
                            "de"
                        ]
                    }
                },
                "7": {
                    "text": "de",
                    "id": 8,
                    "lemma": "de",
                    "word_length": 2,
                    "word_syllables": 1,
                    "ortho_neighbors": 0,
                    "ortho_neighbors_+freq_cum": "na",
                    "age_of_acquisition": -1,
                    "familiarity": 5.05,
                    "lexical_frequency": 2.77,
                    "complexity": 3,
                    "hapax_legomena_lemma": 1,
                    "concrete": false,
                    "sophisticated": true,
                    "passive": "O",
                    "coordination": {},
                    "clitic_type": false,
                    "aux_verbs": "O",
                    "named_entities": "O",
                    "subordination": [],
                    "np_pp_modifiers": {
                        "ids": [],
                        "texts": []
                    }
                },
                "8": {
                    "text": "les",
                    "id": 9,
                    "lemma": "le",
                    "word_length": 3,
                    "word_syllables": 1,
                    "ortho_neighbors": 4,
                    "ortho_neighbors_+freq_cum": 4.87,
                    "age_of_acquisition": -1,
                    "familiarity": 4.40000009536743,
                    "lexical_frequency": 218.18,
                    "complexity": 1,
                    "hapax_legomena_lemma": 0,
                    "concrete": false,
                    "sophisticated": false,
                    "passive": "O",
                    "coordination": {},
                    "clitic_type": false,
                    "aux_verbs": "O",
                    "named_entities": "O",
                    "subordination": [],
                    "np_pp_modifiers": {
                        "ids": [],
                        "texts": []
                    }
                },
                "9": {
                    "text": "offres",
                    "id": 10,
                    "lemma": "offre",
                    "word_length": 6,
                    "word_syllables": 1,
                    "ortho_neighbors": 9,
                    "ortho_neighbors_+freq_cum": 889.5399999999998,
                    "age_of_acquisition": 5.28364849833148,
                    "familiarity": 6.75,
                    "lexical_frequency": 1e-10,
                    "complexity": "na",
                    "hapax_legomena_lemma": 1,
                    "concrete": true,
                    "sophisticated": false,
                    "passive": "O",
                    "coordination": {},
                    "clitic_type": false,
                    "aux_verbs": "O",
                    "named_entities": "O",
                    "subordination": [],
                    "np_pp_modifiers": {
                        "ids": [
                            8
                        ],
                        "texts": [
                            "de"
                        ]
                    }
                },
                "10": {
                    "text": "le",
                    "id": 11,
                    "lemma": "le",
                    "word_length": 2,
                    "word_syllables": 1,
                    "ortho_neighbors": 3,
                    "ortho_neighbors_+freq_cum": 31.169999999999998,
                    "age_of_acquisition": 5.58571428571429,
                    "familiarity": 5.14285714285714,
                    "lexical_frequency": 1e-10,
                    "complexity": "na",
                    "hapax_legomena_lemma": 1,
                    "concrete": true,
                    "sophisticated": false,
                    "passive": "O",
                    "coordination": {},
                    "clitic_type": false,
                    "aux_verbs": "O",
                    "named_entities": "O",
                    "subordination": [],
                    "np_pp_modifiers": {
                        "ids": [],
                        "texts": []
                    }
                },
                "11": {
                    "text": "19/12",
                    "id": 12,
                    "lemma": "19/12",
                    "word_length": 5,
                    "word_syllables": 0,
                    "ortho_neighbors": 0,
                    "ortho_neighbors_+freq_cum": "na",
                    "age_of_acquisition": -1,
                    "familiarity": 5.05,
                    "lexical_frequency": 11.49,
                    "complexity": "na",
                    "hapax_legomena_lemma": 1,
                    "concrete": false,
                    "sophisticated": true,
                    "passive": "O",
                    "coordination": {},
                    "clitic_type": false,
                    "aux_verbs": "O",
                    "named_entities": "O",
                    "subordination": [],
                    "np_pp_modifiers": {
                        "ids": [
                            15,
                            13,
                            14
                        ],
                        "texts": [
                            "h",
                            "\u00e0",
                            "20"
                        ]
                    }
                },
                "12": {
                    "text": "\u00e0",
                    "id": 13,
                    "lemma": "\u00e0",
                    "word_length": 1,
                    "word_syllables": 1,
                    "ortho_neighbors": "na",
                    "ortho_neighbors_+freq_cum": "na",
                    "age_of_acquisition": -1,
                    "familiarity": -1,
                    "lexical_frequency": 1e-10,
                    "complexity": 3,
                    "hapax_legomena_lemma": 0,
                    "concrete": false,
                    "sophisticated": true,
                    "passive": "O",
                    "coordination": {},
                    "clitic_type": false,
                    "aux_verbs": "O",
                    "named_entities": "O",
                    "subordination": [],
                    "np_pp_modifiers": {
                        "ids": [],
                        "texts": []
                    }
                },
                "13": {
                    "text": "20",
                    "id": 14,
                    "lemma": "20",
                    "word_length": 2,
                    "word_syllables": 0,
                    "ortho_neighbors": "na",
                    "ortho_neighbors_+freq_cum": "na",
                    "age_of_acquisition": -1,
                    "familiarity": -1,
                    "lexical_frequency": 1e-10,
                    "complexity": "na",
                    "hapax_legomena_lemma": 0,
                    "concrete": false,
                    "sophisticated": true,
                    "passive": "O",
                    "coordination": {},
                    "clitic_type": false,
                    "aux_verbs": "O",
                    "named_entities": "O",
                    "subordination": [],
                    "np_pp_modifiers": {
                        "ids": [],
                        "texts": []
                    }
                },
                "14": {
                    "text": "h",
                    "id": 15,
                    "lemma": "heure",
                    "word_length": 1,
                    "word_syllables": 0,
                    "ortho_neighbors": 1,
                    "ortho_neighbors_+freq_cum": 18.84,
                    "age_of_acquisition": -1,
                    "familiarity": -1,
                    "lexical_frequency": 1e-10,
                    "complexity": "na",
                    "hapax_legomena_lemma": 0,
                    "concrete": false,
                    "sophisticated": true,
                    "passive": "O",
                    "coordination": {},
                    "clitic_type": false,
                    "aux_verbs": "O",
                    "named_entities": "O",
                    "subordination": [],
                    "np_pp_modifiers": {
                        "ids": [
                            13,
                            14
                        ],
                        "texts": [
                            "\u00e0",
                            "20"
                        ]
                    }
                },
                "15": {
                    "text": ".",
                    "id": 16,
                    "lemma": ".",
                    "word_length": 1,
                    "word_syllables": 0,
                    "ortho_neighbors": 9,
                    "ortho_neighbors_+freq_cum": 446.3,
                    "age_of_acquisition": -1,
                    "familiarity": -1,
                    "lexical_frequency": 1e-10,
                    "complexity": "na",
                    "hapax_legomena_lemma": 0,
                    "concrete": false,
                    "sophisticated": true,
                    "passive": "O",
                    "coordination": {},
                    "clitic_type": false,
                    "aux_verbs": "O",
                    "named_entities": "O",
                    "subordination": [],
                    "np_pp_modifiers": {
                        "ids": [],
                        "texts": []
                    }
                }
            },
            "features": {
                "parse_depth": 4,
                "sentence_length": 16,
                "ratio_passive_per_token": 0.0,
                "ratio_passive_per_verb": 0,
                "total_token_ratio_passive": 0.0,
                "max_size_passive": 0,
                "ratio_heads_per_token": 0,
                "max_nb_heads": 0,
                "max_dist_head_to_coord": 0,
                "ratio_coordination_per_token": 0.0,
                "total_token_ratio_coordination": 0.0,
                "max_size_coordination": 0,
                "ratio_aux_verbs_per_token": 0.0,
                "ratio_aux_verbs_per_verb": 0,
                "total_token_ratio_aux_verbs": 0.0,
                "max_size_aux_verbs": 0,
                "ratio_named_entities_per_token": 0.0625,
                "ratio_named_entities_per_verb": 0,
                "total_token_ratio_named_entities": 0.0625,
                "max_size_named_entities": 1,
                "max_size_np_pp_modifiers": 12,
                "max_size_subordination": 0,
                "words_before_verb": 0,
                "words_after_verb": 5
            }
        },
        "3": {
            "words": {
                "0": {
                    "text": "Num\u00e9ro",
                    "id": 1,
                    "lemma": "num\u00e9ro",
                    "word_length": 6,
                    "word_syllables": 3,
                    "ortho_neighbors": "na",
                    "ortho_neighbors_+freq_cum": "na",
                    "age_of_acquisition": -1,
                    "familiarity": -1,
                    "lexical_frequency": 1e-10,
                    "complexity": 3,
                    "hapax_legomena_lemma": 0,
                    "concrete": false,
                    "sophisticated": true,
                    "passive": "O",
                    "coordination": {},
                    "clitic_type": false,
                    "aux_verbs": "O",
                    "named_entities": "O",
                    "subordination": [],
                    "np_pp_modifiers": {
                        "ids": [
                            4,
                            2,
                            6
                        ],
                        "texts": [
                            "annonce",
                            "de",
                            "m2057456818"
                        ]
                    }
                },
                "1": {
                    "text": "de",
                    "id": 2,
                    "lemma": "de",
                    "word_length": 2,
                    "word_syllables": 1,
                    "ortho_neighbors": "na",
                    "ortho_neighbors_+freq_cum": "na",
                    "age_of_acquisition": -1,
                    "familiarity": -1,
                    "lexical_frequency": 1e-10,
                    "complexity": "na",
                    "hapax_legomena_lemma": 0,
                    "concrete": false,
                    "sophisticated": true,
                    "passive": "O",
                    "coordination": {},
                    "clitic_type": false,
                    "aux_verbs": "O",
                    "named_entities": "O",
                    "subordination": [],
                    "np_pp_modifiers": {
                        "ids": [],
                        "texts": []
                    }
                },
                "2": {
                    "text": "l'",
                    "id": 3,
                    "lemma": "le",
                    "word_length": 2,
                    "word_syllables": 1,
                    "ortho_neighbors": 1,
                    "ortho_neighbors_+freq_cum": 18.84,
                    "age_of_acquisition": -1,
                    "familiarity": -1,
                    "lexical_frequency": 1e-10,
                    "complexity": "na",
                    "hapax_legomena_lemma": 0,
                    "concrete": false,
                    "sophisticated": true,
                    "passive": "O",
                    "coordination": {},
                    "clitic_type": false,
                    "aux_verbs": "O",
                    "named_entities": "O",
                    "subordination": [],
                    "np_pp_modifiers": {
                        "ids": [],
                        "texts": []
                    }
                },
                "3": {
                    "text": "annonce",
                    "id": 4,
                    "lemma": "annonce",
                    "word_length": 7,
                    "word_syllables": 2,
                    "ortho_neighbors": 9,
                    "ortho_neighbors_+freq_cum": 446.3,
                    "age_of_acquisition": -1,
                    "familiarity": -1,
                    "lexical_frequency": 1e-10,
                    "complexity": "na",
                    "hapax_legomena_lemma": 0,
                    "concrete": false,
                    "sophisticated": true,
                    "passive": "O",
                    "coordination": {},
                    "clitic_type": false,
                    "aux_verbs": "O",
                    "named_entities": "O",
                    "subordination": [],
                    "np_pp_modifiers": {
                        "ids": [
                            2
                        ],
                        "texts": [
                            "de"
                        ]
                    }
                },
                "4": {
                    "text": ":",
                    "id": 5,
                    "lemma": ":",
                    "word_length": 1,
                    "word_syllables": 0,
                    "ortho_neighbors": "na",
                    "ortho_neighbors_+freq_cum": "na",
                    "age_of_acquisition": -1,
                    "familiarity": -1,
                    "lexical_frequency": 1e-10,
                    "complexity": "na",
                    "hapax_legomena_lemma": 1,
                    "concrete": false,
                    "sophisticated": true,
                    "passive": "O",
                    "coordination": {},
                    "clitic_type": false,
                    "aux_verbs": "O",
                    "named_entities": "O",
                    "subordination": [],
                    "np_pp_modifiers": {
                        "ids": [],
                        "texts": []
                    }
                },
                "5": {
                    "text": "m2057456818",
                    "id": 6,
                    "lemma": "m2057456818",
                    "word_length": 11,
                    "word_syllables": 0,
                    "ortho_neighbors": "na",
                    "ortho_neighbors_+freq_cum": "na",
                    "age_of_acquisition": -1,
                    "familiarity": -1,
                    "lexical_frequency": 1e-10,
                    "complexity": "na",
                    "hapax_legomena_lemma": 1,
                    "concrete": false,
                    "sophisticated": true,
                    "passive": "O",
                    "coordination": {},
                    "clitic_type": false,
                    "aux_verbs": "O",
                    "named_entities": "O",
                    "subordination": [],
                    "np_pp_modifiers": {
                        "ids": [],
                        "texts": []
                    }
                }
            },
            "features": {
                "parse_depth": 3,
                "sentence_length": 6,
                "ratio_passive_per_token": 0.0,
                "ratio_passive_per_verb": 0,
                "total_token_ratio_passive": 0.0,
                "max_size_passive": 0,
                "ratio_heads_per_token": 0,
                "max_nb_heads": 0,
                "max_dist_head_to_coord": 0,
                "ratio_coordination_per_token": 0.0,
                "total_token_ratio_coordination": 0.0,
                "max_size_coordination": 0,
                "ratio_aux_verbs_per_token": 0.0,
                "ratio_aux_verbs_per_verb": 0,
                "total_token_ratio_aux_verbs": 0.0,
                "max_size_aux_verbs": 0,
                "ratio_named_entities_per_token": 0.0,
                "ratio_named_entities_per_verb": 0,
                "total_token_ratio_named_entities": 0.0,
                "max_size_named_entities": 0,
                "max_size_np_pp_modifiers": 3,
                "max_size_subordination": 0,
                "words_before_verb": 0,
                "words_after_verb": 2
            }
        }
    }
}