{
    "features": {
        "word_count": 68,
        "sentence_count": 6,
        "document_length": 78,
        "sophisticated_ratio": 0.3717948717948718,
        "concrete_ratio": 0.41025641025641024,
        "lexical_diversity": 0.9815516682863622,
        "hapax_legomena_lemma_ratio": 0.4230769230769231,
        "ratio_passive_per_token": 0.0,
        "ratio_passive_per_verb": 0.0,
        "total_token_ratio_passive": 0.0,
        "max_size_passive": 0,
        "ratio_coordination_per_token": 0.038461538461538464,
        "total_token_ratio_coordination": 0.0641025641025641,
        "max_size_coordination": 2,
        "ratio_clitic_per_token": 0.0,
        "ratio_pre_clitic_pronouns_per_token": 0.0,
        "ratio_post_clitic_pronouns_per_token": 0.0,
        "ratio_aux_verbs_per_token": 0.0,
        "ratio_aux_verbs_per_verb": 0.0,
        "total_token_ratio_aux_verbs": 0.0,
        "max_size_aux_verbs": 0,
        "ratio_named_entities_per_token": 0.1282051282051282,
        "ratio_named_entities_per_verb": 5.0,
        "total_token_ratio_named_entities": 0.2948717948717949,
        "max_size_named_entities": 4,
        "ratio_subordination_per_token": 0.02564102564102564,
        "ratio_subordination_per_verb": 1.0,
        "total_token_ratio_subordination": 0.21794871794871795,
        "max_size_subordination": 17,
        "max_size_np_pp_modifiers": 15
    },
    "sentences": {
        "0": {
            "words": {
                "0": {
                    "text": "Atelier",
                    "id": 1,
                    "lemma": "atelier",
                    "word_length": 7,
                    "word_syllables": 3,
                    "ortho_neighbors": 0,
                    "ortho_neighbors_+freq_cum": "na",
                    "age_of_acquisition": -1,
                    "familiarity": 3.63000011444092,
                    "lexical_frequency": 45.07,
                    "complexity": 3,
                    "hapax_legomena_lemma": 0,
                    "concrete": false,
                    "sophisticated": false,
                    "passive": "O",
                    "coordination": {},
                    "clitic_type": false,
                    "aux_verbs": "O",
                    "named_entities": "O",
                    "subordination": [],
                    "np_pp_modifiers": {
                        "ids": [
                            2,
                            5,
                            3,
                            7,
                            6,
                            9,
                            8,
                            12,
                            10,
                            13,
                            15,
                            14,
                            17,
                            18,
                            20
                        ],
                        "texts": [
                            "mosa\u00efque",
                            "mercredis",
                            "Tous",
                            "14h",
                            "de",
                            "18h",
                            "\u00e0",
                            "atelier",
                            "\u00e0",
                            "photo",
                            "HISPANO-BELGA",
                            "d'",
                            "promenade",
                            "photographique",
                            "invite"
                        ]
                    }
                },
                "1": {
                    "text": "mosa\u00efque",
                    "id": 2,
                    "lemma": "mosa\u00efque",
                    "word_length": 8,
                    "word_syllables": 3,
                    "ortho_neighbors": 1,
                    "ortho_neighbors_+freq_cum": 0.06,
                    "age_of_acquisition": -1,
                    "familiarity": -1,
                    "lexical_frequency": 1e-10,
                    "complexity": "na",
                    "hapax_legomena_lemma": 1,
                    "concrete": false,
                    "sophisticated": false,
                    "passive": "O",
                    "coordination": {},
                    "clitic_type": false,
                    "aux_verbs": "O",
                    "named_entities": "O",
                    "subordination": [],
                    "np_pp_modifiers": {
                        "ids": [],
                        "texts": []
                    }
                },
                "2": {
                    "text": "Tous",
                    "id": 3,
                    "lemma": "tout",
                    "word_length": 4,
                    "word_syllables": 1,
                    "ortho_neighbors": 17,
                    "ortho_neighbors_+freq_cum": 9567.770000000002,
                    "age_of_acquisition": 6.02780867630701,
                    "familiarity": 6.64285714285714,
                    "lexical_frequency": 3171.35,
                    "complexity": 2,
                    "hapax_legomena_lemma": 1,
                    "concrete": true,
                    "sophisticated": true,
                    "passive": "O",
                    "coordination": {},
                    "clitic_type": false,
                    "aux_verbs": "O",
                    "named_entities": "O",
                    "subordination": [],
                    "np_pp_modifiers": {
                        "ids": [],
                        "texts": []
                    }
                },
                "3": {
                    "text": "les",
                    "id": 4,
                    "lemma": "le",
                    "word_length": 3,
                    "word_syllables": 1,
                    "ortho_neighbors": 18,
                    "ortho_neighbors_+freq_cum": 16911.40000000001,
                    "age_of_acquisition": 4.07230255839822,
                    "familiarity": 6.92857142857143,
                    "lexical_frequency": 18310.95,
                    "complexity": 1,
                    "hapax_legomena_lemma": 0,
                    "concrete": true,
                    "sophisticated": false,
                    "passive": "O",
                    "coordination": {},
                    "clitic_type": false,
                    "aux_verbs": "O",
                    "named_entities": "O",
                    "subordination": [],
                    "np_pp_modifiers": {
                        "ids": [],
                        "texts": []
                    }
                },
                "4": {
                    "text": "mercredis",
                    "id": 5,
                    "lemma": "mercredi",
                    "word_length": 9,
                    "word_syllables": 3,
                    "ortho_neighbors": 0,
                    "ortho_neighbors_+freq_cum": "na",
                    "age_of_acquisition": -1,
                    "familiarity": 6.06,
                    "lexical_frequency": 12.64,
                    "complexity": 1,
                    "hapax_legomena_lemma": 1,
                    "concrete": false,
                    "sophisticated": true,
                    "passive": "O",
                    "coordination": {},
                    "clitic_type": false,
                    "aux_verbs": "O",
                    "named_entities": "O",
                    "subordination": [],
                    "np_pp_modifiers": {
                        "ids": [
                            3
                        ],
                        "texts": [
                            "Tous"
                        ]
                    }
                },
                "5": {
                    "text": "de",
                    "id": 6,
                    "lemma": "de",
                    "word_length": 2,
                    "word_syllables": 1,
                    "ortho_neighbors": 19,
                    "ortho_neighbors_+freq_cum": 61689.729999999996,
                    "age_of_acquisition": 4.81646273637375,
                    "familiarity": 6.89285714285714,
                    "lexical_frequency": 38928.92,
                    "complexity": "na",
                    "hapax_legomena_lemma": 0,
                    "concrete": true,
                    "sophisticated": false,
                    "passive": "O",
                    "coordination": {},
                    "clitic_type": false,
                    "aux_verbs": "O",
                    "named_entities": "O",
                    "subordination": [],
                    "np_pp_modifiers": {
                        "ids": [],
                        "texts": []
                    }
                },
                "6": {
                    "text": "14h",
                    "id": 7,
                    "lemma": "14h",
                    "word_length": 3,
                    "word_syllables": 0,
                    "ortho_neighbors": "na",
                    "ortho_neighbors_+freq_cum": "na",
                    "age_of_acquisition": -1,
                    "familiarity": -1,
                    "lexical_frequency": 1e-10,
                    "complexity": "na",
                    "hapax_legomena_lemma": 1,
                    "concrete": false,
                    "sophisticated": true,
                    "passive": "O",
                    "coordination": {},
                    "clitic_type": false,
                    "aux_verbs": "O",
                    "named_entities": "O",
                    "subordination": [],
                    "np_pp_modifiers": {
                        "ids": [
                            6,
                            9,
                            8
                        ],
                        "texts": [
                            "de",
                            "18h",
                            "\u00e0"
                        ]
                    }
                },
                "7": {
                    "text": "\u00e0",
                    "id": 8,
                    "lemma": "\u00e0",
                    "word_length": 1,
                    "word_syllables": 1,
                    "ortho_neighbors": 46,
                    "ortho_neighbors_+freq_cum": 19149.1,
                    "age_of_acquisition": -1,
                    "familiarity": -1,
                    "lexical_frequency": 19209.05,
                    "complexity": "na",
                    "hapax_legomena_lemma": 0,
                    "concrete": false,
                    "sophisticated": false,
                    "passive": "O",
                    "coordination": {},
                    "clitic_type": false,
                    "aux_verbs": "O",
                    "named_entities": "O",
                    "subordination": [],
                    "np_pp_modifiers": {
                        "ids": [],
                        "texts": []
                    }
                },
                "8": {
                    "text": "18h",
                    "id": 9,
                    "lemma": "18h",
                    "word_length": 3,
                    "word_syllables": 0,
                    "ortho_neighbors": "na",
                    "ortho_neighbors_+freq_cum": "na",
                    "age_of_acquisition": -1,
                    "familiarity": -1,
                    "lexical_frequency": 1e-10,
                    "complexity": "na",
                    "hapax_legomena_lemma": 1,
                    "concrete": false,
                    "sophisticated": true,
                    "passive": "O",
                    "coordination": {},
                    "clitic_type": false,
                    "aux_verbs": "O",
                    "named_entities": "O",
                    "subordination": [],
                    "np_pp_modifiers": {
                        "ids": [
                            8
                        ],
                        "texts": [
                            "\u00e0"
                        ]
                    }
                },
                "9": {
                    "text": "\u00e0",
                    "id": 10,
                    "lemma": "\u00e0",
                    "word_length": 1,
                    "word_syllables": 1,
                    "ortho_neighbors": 46,
                    "ortho_neighbors_+freq_cum": 19149.1,
                    "age_of_acquisition": -1,
                    "familiarity": -1,
                    "lexical_frequency": 19209.05,
                    "complexity": "na",
                    "hapax_legomena_lemma": 0,
                    "concrete": false,
                    "sophisticated": false,
                    "passive": "O",
                    "coordination": {},
                    "clitic_type": false,
                    "aux_verbs": "O",
                    "named_entities": "O",
                    "subordination": [],
                    "np_pp_modifiers": {
                        "ids": [],
                        "texts": []
                    }
                },
                "10": {
                    "text": "l'",
                    "id": 11,
                    "lemma": "le",
                    "word_length": 2,
                    "word_syllables": 1,
                    "ortho_neighbors": "na",
                    "ortho_neighbors_+freq_cum": "na",
                    "age_of_acquisition": 4.07230255839822,
                    "familiarity": 6.92857142857143,
                    "lexical_frequency": 18310.95,
                    "complexity": 1,
                    "hapax_legomena_lemma": 0,
                    "concrete": true,
                    "sophisticated": false,
                    "passive": "O",
                    "coordination": {},
                    "clitic_type": false,
                    "aux_verbs": "O",
                    "named_entities": "O",
                    "subordination": [],
                    "np_pp_modifiers": {
                        "ids": [],
                        "texts": []
                    }
                },
                "11": {
                    "text": "atelier",
                    "id": 12,
                    "lemma": "atelier",
                    "word_length": 7,
                    "word_syllables": 3,
                    "ortho_neighbors": 0,
                    "ortho_neighbors_+freq_cum": "na",
                    "age_of_acquisition": -1,
                    "familiarity": 3.63000011444092,
                    "lexical_frequency": 45.07,
                    "complexity": 3,
                    "hapax_legomena_lemma": 0,
                    "concrete": false,
                    "sophisticated": false,
                    "passive": "O",
                    "coordination": {},
                    "clitic_type": false,
                    "aux_verbs": "O",
                    "named_entities": "O",
                    "subordination": [],
                    "np_pp_modifiers": {
                        "ids": [
                            10,
                            13,
                            15,
                            14,
                            17,
                            18,
                            20
                        ],
                        "texts": [
                            "\u00e0",
                            "photo",
                            "HISPANO-BELGA",
                            "d'",
                            "promenade",
                            "photographique",
                            "invite"
                        ]
                    }
                },
                "12": {
                    "text": "photo",
                    "id": 13,
                    "lemma": "photo",
                    "word_length": 5,
                    "word_syllables": 2,
                    "ortho_neighbors": 2,
                    "ortho_neighbors_+freq_cum": 2.9400000000000004,
                    "age_of_acquisition": -1,
                    "familiarity": 5.71,
                    "lexical_frequency": 94.59,
                    "complexity": 1,
                    "hapax_legomena_lemma": 0,
                    "concrete": false,
                    "sophisticated": false,
                    "passive": "O",
                    "coordination": {},
                    "clitic_type": false,
                    "aux_verbs": "O",
                    "named_entities": "O",
                    "subordination": [],
                    "np_pp_modifiers": {
                        "ids": [],
                        "texts": []
                    }
                },
                "13": {
                    "text": "d'",
                    "id": 14,
                    "lemma": "de",
                    "word_length": 2,
                    "word_syllables": 1,
                    "ortho_neighbors": 14,
                    "ortho_neighbors_+freq_cum": 54107.80999999998,
                    "age_of_acquisition": 4.81646273637375,
                    "familiarity": 6.89285714285714,
                    "lexical_frequency": 38928.92,
                    "complexity": "na",
                    "hapax_legomena_lemma": 0,
                    "concrete": true,
                    "sophisticated": true,
                    "passive": "O",
                    "coordination": {},
                    "clitic_type": false,
                    "aux_verbs": "O",
                    "named_entities": "O",
                    "subordination": [],
                    "np_pp_modifiers": {
                        "ids": [],
                        "texts": []
                    }
                },
                "14": {
                    "text": "HISPANO-BELGA",
                    "id": 15,
                    "lemma": "HISPANO-BELGA",
                    "word_length": 13,
                    "word_syllables": 0,
                    "ortho_neighbors": "na",
                    "ortho_neighbors_+freq_cum": "na",
                    "age_of_acquisition": -1,
                    "familiarity": -1,
                    "lexical_frequency": 1e-10,
                    "complexity": "na",
                    "hapax_legomena_lemma": 0,
                    "concrete": false,
                    "sophisticated": true,
                    "passive": "O",
                    "coordination": {},
                    "clitic_type": false,
                    "aux_verbs": "O",
                    "named_entities": "B",
                    "named_entities_loc": true,
                    "subordination": [],
                    "np_pp_modifiers": {
                        "ids": [
                            14,
                            17,
                            18,
                            20
                        ],
                        "texts": [
                            "d'",
                            "promenade",
                            "photographique",
                            "invite"
                        ]
                    }
                },
                "15": {
                    "text": "Atelier",
                    "id": 16,
                    "lemma": "Atelier",
                    "word_length": 7,
                    "word_syllables": 3,
                    "ortho_neighbors": 0,
                    "ortho_neighbors_+freq_cum": "na",
                    "age_of_acquisition": -1,
                    "familiarity": -1,
                    "lexical_frequency": 1e-10,
                    "complexity": "na",
                    "hapax_legomena_lemma": 0,
                    "concrete": false,
                    "sophisticated": false,
                    "passive": "O",
                    "coordination": {},
                    "clitic_type": false,
                    "aux_verbs": "O",
                    "named_entities": "I",
                    "named_entities_loc": true,
                    "subordination": [],
                    "np_pp_modifiers": {
                        "ids": [],
                        "texts": []
                    }
                },
                "16": {
                    "text": "promenade",
                    "id": 17,
                    "lemma": "promenade",
                    "word_length": 9,
                    "word_syllables": 2,
                    "ortho_neighbors": 0,
                    "ortho_neighbors_+freq_cum": "na",
                    "age_of_acquisition": -1,
                    "familiarity": 4.09999990463257,
                    "lexical_frequency": 58.11,
                    "complexity": 2,
                    "hapax_legomena_lemma": 1,
                    "concrete": false,
                    "sophisticated": false,
                    "passive": "O",
                    "coordination": {},
                    "clitic_type": false,
                    "aux_verbs": "O",
                    "named_entities": "O",
                    "subordination": [],
                    "np_pp_modifiers": {
                        "ids": [
                            18
                        ],
                        "texts": [
                            "photographique"
                        ]
                    }
                },
                "17": {
                    "text": "photographique",
                    "id": 18,
                    "lemma": "photographique",
                    "word_length": 14,
                    "word_syllables": 4,
                    "ortho_neighbors": 1,
                    "ortho_neighbors_+freq_cum": 0.45,
                    "age_of_acquisition": -1,
                    "familiarity": -1,
                    "lexical_frequency": 3.78,
                    "complexity": 4,
                    "hapax_legomena_lemma": 1,
                    "concrete": false,
                    "sophisticated": true,
                    "passive": "O",
                    "coordination": {},
                    "clitic_type": false,
                    "aux_verbs": "O",
                    "named_entities": "O",
                    "subordination": [],
                    "np_pp_modifiers": {
                        "ids": [],
                        "texts": []
                    }
                },
                "18": {
                    "text": "qui",
                    "id": 19,
                    "lemma": "qui",
                    "word_length": 3,
                    "word_syllables": 1,
                    "ortho_neighbors": 8,
                    "ortho_neighbors_+freq_cum": 19060.42,
                    "age_of_acquisition": 7.23915461624027,
                    "familiarity": 6.64285714285714,
                    "lexical_frequency": 7923.24,
                    "complexity": 2,
                    "hapax_legomena_lemma": 1,
                    "concrete": true,
                    "sophisticated": false,
                    "passive": "O",
                    "coordination": {},
                    "clitic_type": false,
                    "aux_verbs": "O",
                    "named_entities": "O",
                    "subordination": [
                        "B0"
                    ],
                    "np_pp_modifiers": {
                        "ids": [],
                        "texts": []
                    }
                },
                "19": {
                    "text": "invite",
                    "id": 20,
                    "lemma": "inviter",
                    "word_length": 6,
                    "word_syllables": 2,
                    "ortho_neighbors": 3,
                    "ortho_neighbors_+freq_cum": 21.1,
                    "age_of_acquisition": -1,
                    "familiarity": -1,
                    "lexical_frequency": 82.3,
                    "complexity": 1,
                    "hapax_legomena_lemma": 1,
                    "concrete": false,
                    "sophisticated": true,
                    "passive": "O",
                    "coordination": {},
                    "clitic_type": false,
                    "aux_verbs": "O",
                    "named_entities": "O",
                    "subordination": [
                        "I0"
                    ],
                    "np_pp_modifiers": {
                        "ids": [],
                        "texts": []
                    }
                },
                "20": {
                    "text": "\u00e0",
                    "id": 21,
                    "lemma": "\u00e0",
                    "word_length": 1,
                    "word_syllables": 1,
                    "ortho_neighbors": 46,
                    "ortho_neighbors_+freq_cum": 19149.1,
                    "age_of_acquisition": -1,
                    "familiarity": -1,
                    "lexical_frequency": 19209.05,
                    "complexity": "na",
                    "hapax_legomena_lemma": 0,
                    "concrete": false,
                    "sophisticated": false,
                    "passive": "O",
                    "coordination": {},
                    "clitic_type": false,
                    "aux_verbs": "O",
                    "named_entities": "O",
                    "subordination": [
                        "I0"
                    ],
                    "np_pp_modifiers": {
                        "ids": [],
                        "texts": []
                    }
                },
                "21": {
                    "text": "d\u00e9couvrir",
                    "id": 22,
                    "lemma": "d\u00e9couvrir",
                    "word_length": 9,
                    "word_syllables": 3,
                    "ortho_neighbors": 2,
                    "ortho_neighbors_+freq_cum": 17.740000000000002,
                    "age_of_acquisition": -1,
                    "familiarity": -1,
                    "lexical_frequency": 198.18,
                    "complexity": 3,
                    "hapax_legomena_lemma": 1,
                    "concrete": false,
                    "sophisticated": false,
                    "passive": "O",
                    "coordination": {},
                    "clitic_type": false,
                    "aux_verbs": "O",
                    "named_entities": "O",
                    "subordination": [
                        "I0",
                        "B1"
                    ],
                    "np_pp_modifiers": {
                        "ids": [],
                        "texts": []
                    }
                },
                "22": {
                    "text": "les",
                    "id": 23,
                    "lemma": "le",
                    "word_length": 3,
                    "word_syllables": 1,
                    "ortho_neighbors": 18,
                    "ortho_neighbors_+freq_cum": 16911.40000000001,
                    "age_of_acquisition": 4.07230255839822,
                    "familiarity": 6.92857142857143,
                    "lexical_frequency": 18310.95,
                    "complexity": 1,
                    "hapax_legomena_lemma": 0,
                    "concrete": true,
                    "sophisticated": false,
                    "passive": "O",
                    "coordination": {},
                    "clitic_type": false,
                    "aux_verbs": "O",
                    "named_entities": "O",
                    "subordination": [
                        "I0",
                        "I1"
                    ],
                    "np_pp_modifiers": {
                        "ids": [],
                        "texts": []
                    }
                },
                "23": {
                    "text": "rues",
                    "id": 24,
                    "lemma": "rue",
                    "word_length": 4,
                    "word_syllables": 1,
                    "ortho_neighbors": 14,
                    "ortho_neighbors_+freq_cum": 59.419999999999995,
                    "age_of_acquisition": 5.24916573971079,
                    "familiarity": 6.0,
                    "lexical_frequency": 562.97,
                    "complexity": 1,
                    "hapax_legomena_lemma": 1,
                    "concrete": true,
                    "sophisticated": true,
                    "passive": "O",
                    "coordination": {
                        "conjuncts": [
                            27,
                            30
                        ],
                        "cc": [
                            28
                        ]
                    },
                    "clitic_type": false,
                    "aux_verbs": "O",
                    "named_entities": "O",
                    "subordination": [
                        "I0",
                        "I1"
                    ],
                    "np_pp_modifiers": {
                        "ids": [],
                        "texts": []
                    }
                },
                "24": {
                    "text": ",",
                    "id": 25,
                    "lemma": ",",
                    "word_length": 1,
                    "word_syllables": 0,
                    "ortho_neighbors": "na",
                    "ortho_neighbors_+freq_cum": "na",
                    "age_of_acquisition": -1,
                    "familiarity": -1,
                    "lexical_frequency": 1e-10,
                    "complexity": "na",
                    "hapax_legomena_lemma": "na",
                    "concrete": false,
                    "sophisticated": true,
                    "passive": "O",
                    "coordination": {},
                    "clitic_type": false,
                    "aux_verbs": "O",
                    "named_entities": "O",
                    "subordination": [
                        "I0",
                        "I1"
                    ],
                    "np_pp_modifiers": {
                        "ids": [],
                        "texts": []
                    }
                },
                "25": {
                    "text": "les",
                    "id": 26,
                    "lemma": "le",
                    "word_length": 3,
                    "word_syllables": 1,
                    "ortho_neighbors": 18,
                    "ortho_neighbors_+freq_cum": 16911.40000000001,
                    "age_of_acquisition": 4.07230255839822,
                    "familiarity": 6.92857142857143,
                    "lexical_frequency": 18310.95,
                    "complexity": 1,
                    "hapax_legomena_lemma": 0,
                    "concrete": true,
                    "sophisticated": false,
                    "passive": "O",
                    "coordination": {},
                    "clitic_type": false,
                    "aux_verbs": "O",
                    "named_entities": "O",
                    "subordination": [
                        "I0",
                        "I1"
                    ],
                    "np_pp_modifiers": {
                        "ids": [],
                        "texts": []
                    }
                },
                "26": {
                    "text": "gens",
                    "id": 27,
                    "lemma": "gens",
                    "word_length": 4,
                    "word_syllables": 1,
                    "ortho_neighbors": 7,
                    "ortho_neighbors_+freq_cum": 342.66999999999996,
                    "age_of_acquisition": 5.8476084538376,
                    "familiarity": 5.78571428571429,
                    "lexical_frequency": 409.39,
                    "complexity": 1,
                    "hapax_legomena_lemma": 1,
                    "concrete": true,
                    "sophisticated": false,
                    "passive": "O",
                    "coordination": {},
                    "clitic_type": false,
                    "aux_verbs": "O",
                    "named_entities": "O",
                    "subordination": [
                        "I0",
                        "I1"
                    ],
                    "np_pp_modifiers": {
                        "ids": [],
                        "texts": []
                    }
                },
                "27": {
                    "text": "et",
                    "id": 28,
                    "lemma": "et",
                    "word_length": 2,
                    "word_syllables": 1,
                    "ortho_neighbors": 5,
                    "ortho_neighbors_+freq_cum": 11242.619999999999,
                    "age_of_acquisition": 3.99777530589544,
                    "familiarity": 6.96428571428571,
                    "lexical_frequency": 20879.73,
                    "complexity": 1,
                    "hapax_legomena_lemma": 0,
                    "concrete": true,
                    "sophisticated": false,
                    "passive": "O",
                    "coordination": {},
                    "clitic_type": false,
                    "aux_verbs": "O",
                    "named_entities": "O",
                    "subordination": [
                        "I0",
                        "I1"
                    ],
                    "np_pp_modifiers": {
                        "ids": [],
                        "texts": []
                    }
                },
                "28": {
                    "text": "les",
                    "id": 29,
                    "lemma": "le",
                    "word_length": 3,
                    "word_syllables": 1,
                    "ortho_neighbors": 18,
                    "ortho_neighbors_+freq_cum": 16911.40000000001,
                    "age_of_acquisition": 4.07230255839822,
                    "familiarity": 6.92857142857143,
                    "lexical_frequency": 18310.95,
                    "complexity": 1,
                    "hapax_legomena_lemma": 0,
                    "concrete": true,
                    "sophisticated": false,
                    "passive": "O",
                    "coordination": {},
                    "clitic_type": false,
                    "aux_verbs": "O",
                    "named_entities": "O",
                    "subordination": [
                        "I0",
                        "I1"
                    ],
                    "np_pp_modifiers": {
                        "ids": [],
                        "texts": []
                    }
                },
                "29": {
                    "text": "histoires",
                    "id": 30,
                    "lemma": "histoire",
                    "word_length": 9,
                    "word_syllables": 2,
                    "ortho_neighbors": 0,
                    "ortho_neighbors_+freq_cum": "na",
                    "age_of_acquisition": -1,
                    "familiarity": 5.22,
                    "lexical_frequency": 359.53,
                    "complexity": 4,
                    "hapax_legomena_lemma": 1,
                    "concrete": false,
                    "sophisticated": true,
                    "passive": "O",
                    "coordination": {},
                    "clitic_type": false,
                    "aux_verbs": "O",
                    "named_entities": "O",
                    "subordination": [
                        "I0",
                        "I1"
                    ],
                    "np_pp_modifiers": {
                        "ids": [
                            33,
                            31,
                            35,
                            34
                        ],
                        "texts": [
                            "quartier",
                            "de",
                            "Saint-Gilles",
                            "de"
                        ]
                    }
                },
                "30": {
                    "text": "de",
                    "id": 31,
                    "lemma": "de",
                    "word_length": 2,
                    "word_syllables": 1,
                    "ortho_neighbors": 19,
                    "ortho_neighbors_+freq_cum": 61689.729999999996,
                    "age_of_acquisition": 4.81646273637375,
                    "familiarity": 6.89285714285714,
                    "lexical_frequency": 38928.92,
                    "complexity": 4,
                    "hapax_legomena_lemma": 0,
                    "concrete": true,
                    "sophisticated": false,
                    "passive": "O",
                    "coordination": {},
                    "clitic_type": false,
                    "aux_verbs": "O",
                    "named_entities": "O",
                    "subordination": [
                        "I0",
                        "I1"
                    ],
                    "np_pp_modifiers": {
                        "ids": [],
                        "texts": []
                    }
                },
                "31": {
                    "text": "le",
                    "id": 32,
                    "lemma": "le",
                    "word_length": 2,
                    "word_syllables": 1,
                    "ortho_neighbors": 15,
                    "ortho_neighbors_+freq_cum": 86631.11,
                    "age_of_acquisition": 4.07230255839822,
                    "familiarity": 6.92857142857143,
                    "lexical_frequency": 18310.95,
                    "complexity": 1,
                    "hapax_legomena_lemma": 0,
                    "concrete": true,
                    "sophisticated": false,
                    "passive": "O",
                    "coordination": {},
                    "clitic_type": false,
                    "aux_verbs": "O",
                    "named_entities": "O",
                    "subordination": [
                        "I0",
                        "I1"
                    ],
                    "np_pp_modifiers": {
                        "ids": [],
                        "texts": []
                    }
                },
                "32": {
                    "text": "quartier",
                    "id": 33,
                    "lemma": "quartier",
                    "word_length": 8,
                    "word_syllables": 2,
                    "ortho_neighbors": 0,
                    "ortho_neighbors_+freq_cum": "na",
                    "age_of_acquisition": -1,
                    "familiarity": 3.94000005722046,
                    "lexical_frequency": 112.16,
                    "complexity": 1,
                    "hapax_legomena_lemma": 1,
                    "concrete": false,
                    "sophisticated": false,
                    "passive": "O",
                    "coordination": {},
                    "clitic_type": false,
                    "aux_verbs": "O",
                    "named_entities": "O",
                    "subordination": [
                        "I0",
                        "I1"
                    ],
                    "np_pp_modifiers": {
                        "ids": [
                            31,
                            35,
                            34
                        ],
                        "texts": [
                            "de",
                            "Saint-Gilles",
                            "de"
                        ]
                    }
                },
                "33": {
                    "text": "de",
                    "id": 34,
                    "lemma": "de",
                    "word_length": 2,
                    "word_syllables": 1,
                    "ortho_neighbors": 19,
                    "ortho_neighbors_+freq_cum": 61689.729999999996,
                    "age_of_acquisition": 4.81646273637375,
                    "familiarity": 6.89285714285714,
                    "lexical_frequency": 38928.92,
                    "complexity": "na",
                    "hapax_legomena_lemma": 0,
                    "concrete": true,
                    "sophisticated": false,
                    "passive": "O",
                    "coordination": {},
                    "clitic_type": false,
                    "aux_verbs": "O",
                    "named_entities": "O",
                    "subordination": [
                        "I0",
                        "I1"
                    ],
                    "np_pp_modifiers": {
                        "ids": [],
                        "texts": []
                    }
                },
                "34": {
                    "text": "Saint-Gilles",
                    "id": 35,
                    "lemma": "Saint-Gilles",
                    "word_length": 12,
                    "word_syllables": 0,
                    "ortho_neighbors": "na",
                    "ortho_neighbors_+freq_cum": "na",
                    "age_of_acquisition": -1,
                    "familiarity": -1,
                    "lexical_frequency": 1e-10,
                    "complexity": "na",
                    "hapax_legomena_lemma": 0,
                    "concrete": false,
                    "sophisticated": true,
                    "passive": "O",
                    "coordination": {},
                    "clitic_type": false,
                    "aux_verbs": "O",
                    "named_entities": "B",
                    "named_entities_loc": true,
                    "subordination": [
                        "I0",
                        "I1"
                    ],
                    "np_pp_modifiers": {
                        "ids": [
                            34
                        ],
                        "texts": [
                            "de"
                        ]
                    }
                },
                "35": {
                    "text": ".",
                    "id": 36,
                    "lemma": ".",
                    "word_length": 1,
                    "word_syllables": 0,
                    "ortho_neighbors": "na",
                    "ortho_neighbors_+freq_cum": "na",
                    "age_of_acquisition": -1,
                    "familiarity": -1,
                    "lexical_frequency": 1e-10,
                    "complexity": "na",
                    "hapax_legomena_lemma": "na",
                    "concrete": false,
                    "sophisticated": true,
                    "passive": "O",
                    "coordination": {},
                    "clitic_type": false,
                    "aux_verbs": "O",
                    "named_entities": "O",
                    "subordination": [],
                    "np_pp_modifiers": {
                        "ids": [],
                        "texts": []
                    }
                }
            },
            "features": {
                "parse_depth": 10,
                "sentence_length": 36,
                "ratio_passive_per_token": 0.0,
                "ratio_passive_per_verb": 0.0,
                "total_token_ratio_passive": 0.0,
                "max_size_passive": 0,
                "ratio_heads_per_token": 2.0,
                "max_nb_heads": 2,
                "max_dist_head_to_coord": 6,
                "ratio_coordination_per_token": 0.027777777777777776,
                "total_token_ratio_coordination": 0.05555555555555555,
                "max_size_coordination": 2,
                "ratio_aux_verbs_per_token": 0.0,
                "ratio_aux_verbs_per_verb": 0.0,
                "total_token_ratio_aux_verbs": 0.0,
                "max_size_aux_verbs": 0,
                "ratio_named_entities_per_token": 0.05555555555555555,
                "ratio_named_entities_per_verb": 1.0,
                "total_token_ratio_named_entities": 0.08333333333333333,
                "max_size_named_entities": 2,
                "max_size_np_pp_modifiers": 15,
                "max_size_subordination": 17,
                "words_before_verb": 0,
                "words_after_verb": 5
            }
        },
        "1": {
            "words": {
                "0": {
                    "text": "RENSEIGNEMENTS",
                    "id": 1,
                    "lemma": "RENSEIGNEMENTS",
                    "word_length": 14,
                    "word_syllables": 3,
                    "ortho_neighbors": 0,
                    "ortho_neighbors_+freq_cum": "na",
                    "age_of_acquisition": -1,
                    "familiarity": 3.63000011444092,
                    "lexical_frequency": 45.07,
                    "complexity": 3,
                    "hapax_legomena_lemma": 0,
                    "concrete": false,
                    "sophisticated": false,
                    "passive": "O",
                    "coordination": {
                        "conjuncts": [
                            3,
                            8
                        ],
                        "cc": [
                            2
                        ]
                    },
                    "clitic_type": false,
                    "aux_verbs": "O",
                    "named_entities": "B",
                    "named_entities_org": true,
                    "subordination": [],
                    "np_pp_modifiers": {
                        "ids": [
                            13
                        ],
                        "texts": [
                            "1060"
                        ]
                    }
                },
                "1": {
                    "text": "ET",
                    "id": 2,
                    "lemma": "ET",
                    "word_length": 2,
                    "word_syllables": 1,
                    "ortho_neighbors": 1,
                    "ortho_neighbors_+freq_cum": 0.06,
                    "age_of_acquisition": -1,
                    "familiarity": -1,
                    "lexical_frequency": 1e-10,
                    "complexity": "na",
                    "hapax_legomena_lemma": 1,
                    "concrete": false,
                    "sophisticated": false,
                    "passive": "O",
                    "coordination": {},
                    "clitic_type": false,
                    "aux_verbs": "O",
                    "named_entities": "I",
                    "named_entities_org": true,
                    "subordination": [],
                    "np_pp_modifiers": {
                        "ids": [],
                        "texts": []
                    }
                },
                "2": {
                    "text": "INSCRIPTIONS",
                    "id": 3,
                    "lemma": "INSCRIPTIONS",
                    "word_length": 12,
                    "word_syllables": 3,
                    "ortho_neighbors": 17,
                    "ortho_neighbors_+freq_cum": 9567.770000000002,
                    "age_of_acquisition": 6.02780867630701,
                    "familiarity": 6.64285714285714,
                    "lexical_frequency": 3171.35,
                    "complexity": 2,
                    "hapax_legomena_lemma": 1,
                    "concrete": true,
                    "sophisticated": true,
                    "passive": "O",
                    "coordination": {},
                    "clitic_type": false,
                    "aux_verbs": "O",
                    "named_entities": "O",
                    "subordination": [],
                    "np_pp_modifiers": {
                        "ids": [],
                        "texts": []
                    }
                },
                "3": {
                    "text": "Atelier",
                    "id": 4,
                    "lemma": "Atelier",
                    "word_length": 7,
                    "word_syllables": 3,
                    "ortho_neighbors": 18,
                    "ortho_neighbors_+freq_cum": 16911.40000000001,
                    "age_of_acquisition": 4.07230255839822,
                    "familiarity": 6.92857142857143,
                    "lexical_frequency": 18310.95,
                    "complexity": 1,
                    "hapax_legomena_lemma": 0,
                    "concrete": true,
                    "sophisticated": false,
                    "passive": "O",
                    "coordination": {},
                    "clitic_type": false,
                    "aux_verbs": "O",
                    "named_entities": "B",
                    "named_entities_loc": true,
                    "subordination": [],
                    "np_pp_modifiers": {
                        "ids": [],
                        "texts": []
                    }
                },
                "4": {
                    "text": "photo",
                    "id": 5,
                    "lemma": "photo",
                    "word_length": 5,
                    "word_syllables": 2,
                    "ortho_neighbors": 0,
                    "ortho_neighbors_+freq_cum": "na",
                    "age_of_acquisition": -1,
                    "familiarity": 6.06,
                    "lexical_frequency": 12.64,
                    "complexity": 1,
                    "hapax_legomena_lemma": 1,
                    "concrete": false,
                    "sophisticated": true,
                    "passive": "O",
                    "coordination": {},
                    "clitic_type": false,
                    "aux_verbs": "O",
                    "named_entities": "I",
                    "named_entities_loc": true,
                    "subordination": [],
                    "np_pp_modifiers": {
                        "ids": [
                            6
                        ],
                        "texts": [
                            "Hispano-Belga"
                        ]
                    }
                },
                "5": {
                    "text": "Hispano-Belga",
                    "id": 6,
                    "lemma": "Hispano-Belga",
                    "word_length": 13,
                    "word_syllables": 0,
                    "ortho_neighbors": 19,
                    "ortho_neighbors_+freq_cum": 61689.729999999996,
                    "age_of_acquisition": 4.81646273637375,
                    "familiarity": 6.89285714285714,
                    "lexical_frequency": 38928.92,
                    "complexity": "na",
                    "hapax_legomena_lemma": 0,
                    "concrete": true,
                    "sophisticated": false,
                    "passive": "O",
                    "coordination": {},
                    "clitic_type": false,
                    "aux_verbs": "O",
                    "named_entities": "I",
                    "named_entities_loc": true,
                    "subordination": [],
                    "np_pp_modifiers": {
                        "ids": [],
                        "texts": []
                    }
                },
                "6": {
                    "text": ",",
                    "id": 7,
                    "lemma": ",",
                    "word_length": 1,
                    "word_syllables": 0,
                    "ortho_neighbors": "na",
                    "ortho_neighbors_+freq_cum": "na",
                    "age_of_acquisition": -1,
                    "familiarity": -1,
                    "lexical_frequency": 1e-10,
                    "complexity": "na",
                    "hapax_legomena_lemma": 1,
                    "concrete": false,
                    "sophisticated": true,
                    "passive": "O",
                    "coordination": {},
                    "clitic_type": false,
                    "aux_verbs": "O",
                    "named_entities": "O",
                    "subordination": [],
                    "np_pp_modifiers": {
                        "ids": [],
                        "texts": []
                    }
                },
                "7": {
                    "text": "chauss\u00e9e",
                    "id": 8,
                    "lemma": "chauss\u00e9e",
                    "word_length": 8,
                    "word_syllables": 2,
                    "ortho_neighbors": 46,
                    "ortho_neighbors_+freq_cum": 19149.1,
                    "age_of_acquisition": -1,
                    "familiarity": -1,
                    "lexical_frequency": 19209.05,
                    "complexity": "na",
                    "hapax_legomena_lemma": 0,
                    "concrete": false,
                    "sophisticated": false,
                    "passive": "O",
                    "coordination": {},
                    "clitic_type": false,
                    "aux_verbs": "O",
                    "named_entities": "B",
                    "named_entities_loc": true,
                    "subordination": [],
                    "np_pp_modifiers": {
                        "ids": [
                            10,
                            9,
                            11
                        ],
                        "texts": [
                            "Forest",
                            "de",
                            "244-246"
                        ]
                    }
                },
                "8": {
                    "text": "de",
                    "id": 9,
                    "lemma": "de",
                    "word_length": 2,
                    "word_syllables": 1,
                    "ortho_neighbors": "na",
                    "ortho_neighbors_+freq_cum": "na",
                    "age_of_acquisition": -1,
                    "familiarity": -1,
                    "lexical_frequency": 1e-10,
                    "complexity": "na",
                    "hapax_legomena_lemma": 1,
                    "concrete": false,
                    "sophisticated": true,
                    "passive": "O",
                    "coordination": {},
                    "clitic_type": false,
                    "aux_verbs": "O",
                    "named_entities": "I",
                    "named_entities_loc": true,
                    "subordination": [],
                    "np_pp_modifiers": {
                        "ids": [],
                        "texts": []
                    }
                },
                "9": {
                    "text": "Forest",
                    "id": 10,
                    "lemma": "Forest",
                    "word_length": 6,
                    "word_syllables": 0,
                    "ortho_neighbors": 46,
                    "ortho_neighbors_+freq_cum": 19149.1,
                    "age_of_acquisition": -1,
                    "familiarity": -1,
                    "lexical_frequency": 19209.05,
                    "complexity": "na",
                    "hapax_legomena_lemma": 0,
                    "concrete": false,
                    "sophisticated": false,
                    "passive": "O",
                    "coordination": {},
                    "clitic_type": false,
                    "aux_verbs": "O",
                    "named_entities": "I",
                    "named_entities_loc": true,
                    "subordination": [],
                    "np_pp_modifiers": {
                        "ids": [
                            9,
                            11
                        ],
                        "texts": [
                            "de",
                            "244-246"
                        ]
                    }
                },
                "10": {
                    "text": "244-246",
                    "id": 11,
                    "lemma": "244-246",
                    "word_length": 7,
                    "word_syllables": 0,
                    "ortho_neighbors": "na",
                    "ortho_neighbors_+freq_cum": "na",
                    "age_of_acquisition": 4.07230255839822,
                    "familiarity": 6.92857142857143,
                    "lexical_frequency": 18310.95,
                    "complexity": 1,
                    "hapax_legomena_lemma": 0,
                    "concrete": true,
                    "sophisticated": false,
                    "passive": "O",
                    "coordination": {},
                    "clitic_type": false,
                    "aux_verbs": "O",
                    "named_entities": "I",
                    "named_entities_loc": true,
                    "subordination": [],
                    "np_pp_modifiers": {
                        "ids": [],
                        "texts": []
                    }
                },
                "11": {
                    "text": ",",
                    "id": 12,
                    "lemma": ",",
                    "word_length": 1,
                    "word_syllables": 0,
                    "ortho_neighbors": 0,
                    "ortho_neighbors_+freq_cum": "na",
                    "age_of_acquisition": -1,
                    "familiarity": 3.63000011444092,
                    "lexical_frequency": 45.07,
                    "complexity": 3,
                    "hapax_legomena_lemma": 0,
                    "concrete": false,
                    "sophisticated": false,
                    "passive": "O",
                    "coordination": {},
                    "clitic_type": false,
                    "aux_verbs": "O",
                    "named_entities": "O",
                    "subordination": [],
                    "np_pp_modifiers": {
                        "ids": [],
                        "texts": []
                    }
                },
                "12": {
                    "text": "1060",
                    "id": 13,
                    "lemma": "1060",
                    "word_length": 4,
                    "word_syllables": 0,
                    "ortho_neighbors": 2,
                    "ortho_neighbors_+freq_cum": 2.9400000000000004,
                    "age_of_acquisition": -1,
                    "familiarity": 5.71,
                    "lexical_frequency": 94.59,
                    "complexity": 1,
                    "hapax_legomena_lemma": 0,
                    "concrete": false,
                    "sophisticated": false,
                    "passive": "O",
                    "coordination": {},
                    "clitic_type": false,
                    "aux_verbs": "O",
                    "named_entities": "B",
                    "named_entities_loc": true,
                    "subordination": [],
                    "np_pp_modifiers": {
                        "ids": [],
                        "texts": []
                    }
                },
                "13": {
                    "text": "Saint-Gilles",
                    "id": 14,
                    "lemma": "Saint-Gilles",
                    "word_length": 12,
                    "word_syllables": 0,
                    "ortho_neighbors": 14,
                    "ortho_neighbors_+freq_cum": 54107.80999999998,
                    "age_of_acquisition": 4.81646273637375,
                    "familiarity": 6.89285714285714,
                    "lexical_frequency": 38928.92,
                    "complexity": "na",
                    "hapax_legomena_lemma": 0,
                    "concrete": true,
                    "sophisticated": true,
                    "passive": "O",
                    "coordination": {},
                    "clitic_type": false,
                    "aux_verbs": "O",
                    "named_entities": "I",
                    "named_entities_loc": true,
                    "subordination": [],
                    "np_pp_modifiers": {
                        "ids": [],
                        "texts": []
                    }
                },
                "14": {
                    "text": ".",
                    "id": 15,
                    "lemma": ".",
                    "word_length": 1,
                    "word_syllables": 0,
                    "ortho_neighbors": "na",
                    "ortho_neighbors_+freq_cum": "na",
                    "age_of_acquisition": -1,
                    "familiarity": -1,
                    "lexical_frequency": 1e-10,
                    "complexity": "na",
                    "hapax_legomena_lemma": 0,
                    "concrete": false,
                    "sophisticated": true,
                    "passive": "O",
                    "coordination": {},
                    "clitic_type": false,
                    "aux_verbs": "O",
                    "named_entities": "O",
                    "subordination": [],
                    "np_pp_modifiers": {
                        "ids": [],
                        "texts": []
                    }
                }
            },
            "features": {
                "parse_depth": 5,
                "sentence_length": 15,
                "ratio_passive_per_token": 0.0,
                "ratio_passive_per_verb": 0,
                "total_token_ratio_passive": 0.0,
                "max_size_passive": 0,
                "ratio_heads_per_token": 2.0,
                "max_nb_heads": 2,
                "max_dist_head_to_coord": 7,
                "ratio_coordination_per_token": 0.06666666666666667,
                "total_token_ratio_coordination": 0.13333333333333333,
                "max_size_coordination": 2,
                "ratio_aux_verbs_per_token": 0.0,
                "ratio_aux_verbs_per_verb": 0,
                "total_token_ratio_aux_verbs": 0.0,
                "max_size_aux_verbs": 0,
                "ratio_named_entities_per_token": 0.26666666666666666,
                "ratio_named_entities_per_verb": 0,
                "total_token_ratio_named_entities": 0.7333333333333333,
                "max_size_named_entities": 4,
                "max_size_np_pp_modifiers": 3,
                "max_size_subordination": 0,
                "words_before_verb": 0,
                "words_after_verb": 4
            }
        },
        "2": {
            "words": {
                "0": {
                    "text": "Contact",
                    "id": 1,
                    "lemma": "Contact",
                    "word_length": 7,
                    "word_syllables": 2,
                    "ortho_neighbors": 0,
                    "ortho_neighbors_+freq_cum": "na",
                    "age_of_acquisition": -1,
                    "familiarity": 3.63000011444092,
                    "lexical_frequency": 45.07,
                    "complexity": 3,
                    "hapax_legomena_lemma": 0,
                    "concrete": false,
                    "sophisticated": false,
                    "passive": "O",
                    "coordination": {},
                    "clitic_type": false,
                    "aux_verbs": "O",
                    "named_entities": "O",
                    "subordination": [],
                    "np_pp_modifiers": {
                        "ids": [
                            3
                        ],
                        "texts": [
                            "Roc\u00edo"
                        ]
                    }
                },
                "1": {
                    "text": ":",
                    "id": 2,
                    "lemma": ":",
                    "word_length": 1,
                    "word_syllables": 0,
                    "ortho_neighbors": 1,
                    "ortho_neighbors_+freq_cum": 0.06,
                    "age_of_acquisition": -1,
                    "familiarity": -1,
                    "lexical_frequency": 1e-10,
                    "complexity": "na",
                    "hapax_legomena_lemma": 1,
                    "concrete": false,
                    "sophisticated": false,
                    "passive": "O",
                    "coordination": {},
                    "clitic_type": false,
                    "aux_verbs": "O",
                    "named_entities": "O",
                    "subordination": [],
                    "np_pp_modifiers": {
                        "ids": [],
                        "texts": []
                    }
                },
                "2": {
                    "text": "Roc\u00edo",
                    "id": 3,
                    "lemma": "Roc\u00edo",
                    "word_length": 5,
                    "word_syllables": 0,
                    "ortho_neighbors": 17,
                    "ortho_neighbors_+freq_cum": 9567.770000000002,
                    "age_of_acquisition": 6.02780867630701,
                    "familiarity": 6.64285714285714,
                    "lexical_frequency": 3171.35,
                    "complexity": 2,
                    "hapax_legomena_lemma": 1,
                    "concrete": true,
                    "sophisticated": true,
                    "passive": "O",
                    "coordination": {},
                    "clitic_type": false,
                    "aux_verbs": "O",
                    "named_entities": "B",
                    "named_entities_person": true,
                    "subordination": [],
                    "np_pp_modifiers": {
                        "ids": [],
                        "texts": []
                    }
                },
                "3": {
                    "text": "Saenz",
                    "id": 4,
                    "lemma": "Saenz",
                    "word_length": 5,
                    "word_syllables": 0,
                    "ortho_neighbors": 18,
                    "ortho_neighbors_+freq_cum": 16911.40000000001,
                    "age_of_acquisition": 4.07230255839822,
                    "familiarity": 6.92857142857143,
                    "lexical_frequency": 18310.95,
                    "complexity": 1,
                    "hapax_legomena_lemma": 0,
                    "concrete": true,
                    "sophisticated": false,
                    "passive": "O",
                    "coordination": {},
                    "clitic_type": false,
                    "aux_verbs": "O",
                    "named_entities": "I",
                    "named_entities_person": true,
                    "subordination": [],
                    "np_pp_modifiers": {
                        "ids": [],
                        "texts": []
                    }
                },
                "4": {
                    "text": "T\u00e9l",
                    "id": 5,
                    "lemma": "T\u00e9l",
                    "word_length": 3,
                    "word_syllables": 1,
                    "ortho_neighbors": 0,
                    "ortho_neighbors_+freq_cum": "na",
                    "age_of_acquisition": -1,
                    "familiarity": 6.06,
                    "lexical_frequency": 12.64,
                    "complexity": 1,
                    "hapax_legomena_lemma": 1,
                    "concrete": false,
                    "sophisticated": true,
                    "passive": "O",
                    "coordination": {},
                    "clitic_type": false,
                    "aux_verbs": "O",
                    "named_entities": "I",
                    "named_entities_person": true,
                    "subordination": [],
                    "np_pp_modifiers": {
                        "ids": [],
                        "texts": []
                    }
                },
                "5": {
                    "text": ".",
                    "id": 6,
                    "lemma": ".",
                    "word_length": 1,
                    "word_syllables": 0,
                    "ortho_neighbors": 19,
                    "ortho_neighbors_+freq_cum": 61689.729999999996,
                    "age_of_acquisition": 4.81646273637375,
                    "familiarity": 6.89285714285714,
                    "lexical_frequency": 38928.92,
                    "complexity": "na",
                    "hapax_legomena_lemma": 0,
                    "concrete": true,
                    "sophisticated": false,
                    "passive": "O",
                    "coordination": {},
                    "clitic_type": false,
                    "aux_verbs": "O",
                    "named_entities": "O",
                    "subordination": [],
                    "np_pp_modifiers": {
                        "ids": [],
                        "texts": []
                    }
                }
            },
            "features": {
                "parse_depth": 4,
                "sentence_length": 6,
                "ratio_passive_per_token": 0.0,
                "ratio_passive_per_verb": 0,
                "total_token_ratio_passive": 0.0,
                "max_size_passive": 0,
                "ratio_heads_per_token": 0,
                "max_nb_heads": 0,
                "max_dist_head_to_coord": 0,
                "ratio_coordination_per_token": 0.0,
                "total_token_ratio_coordination": 0.0,
                "max_size_coordination": 0,
                "ratio_aux_verbs_per_token": 0.0,
                "ratio_aux_verbs_per_verb": 0,
                "total_token_ratio_aux_verbs": 0.0,
                "max_size_aux_verbs": 0,
                "ratio_named_entities_per_token": 0.16666666666666666,
                "ratio_named_entities_per_verb": 0,
                "total_token_ratio_named_entities": 0.5,
                "max_size_named_entities": 3,
                "max_size_np_pp_modifiers": 1,
                "max_size_subordination": 0,
                "words_before_verb": 0,
                "words_after_verb": 2
            }
        },
        "3": {
            "words": {
                "0": {
                    "text": "02-510.19.30",
                    "id": 1,
                    "lemma": "02-510.19.30",
                    "word_length": 12,
                    "word_syllables": 0,
                    "ortho_neighbors": 0,
                    "ortho_neighbors_+freq_cum": "na",
                    "age_of_acquisition": -1,
                    "familiarity": 3.63000011444092,
                    "lexical_frequency": 45.07,
                    "complexity": 3,
                    "hapax_legomena_lemma": 0,
                    "concrete": false,
                    "sophisticated": false,
                    "passive": "O",
                    "coordination": {},
                    "clitic_type": false,
                    "aux_verbs": "O",
                    "named_entities": "O",
                    "subordination": [],
                    "np_pp_modifiers": {
                        "ids": [
                            4,
                            5
                        ],
                        "texts": [
                            "hb.coordination@skynet.be",
                            "Jorge"
                        ]
                    }
                },
                "1": {
                    "text": ",",
                    "id": 2,
                    "lemma": ",",
                    "word_length": 1,
                    "word_syllables": 0,
                    "ortho_neighbors": 1,
                    "ortho_neighbors_+freq_cum": 0.06,
                    "age_of_acquisition": -1,
                    "familiarity": -1,
                    "lexical_frequency": 1e-10,
                    "complexity": "na",
                    "hapax_legomena_lemma": 1,
                    "concrete": false,
                    "sophisticated": false,
                    "passive": "O",
                    "coordination": {},
                    "clitic_type": false,
                    "aux_verbs": "O",
                    "named_entities": "O",
                    "subordination": [],
                    "np_pp_modifiers": {
                        "ids": [],
                        "texts": []
                    }
                },
                "2": {
                    "text": "e-mail:",
                    "id": 3,
                    "lemma": "e-mail:",
                    "word_length": 7,
                    "word_syllables": 0,
                    "ortho_neighbors": 17,
                    "ortho_neighbors_+freq_cum": 9567.770000000002,
                    "age_of_acquisition": 6.02780867630701,
                    "familiarity": 6.64285714285714,
                    "lexical_frequency": 3171.35,
                    "complexity": 2,
                    "hapax_legomena_lemma": 1,
                    "concrete": true,
                    "sophisticated": true,
                    "passive": "O",
                    "coordination": {},
                    "clitic_type": false,
                    "aux_verbs": "O",
                    "named_entities": "O",
                    "subordination": [],
                    "np_pp_modifiers": {
                        "ids": [],
                        "texts": []
                    }
                },
                "3": {
                    "text": "hb.coordination@skynet.be",
                    "id": 4,
                    "lemma": "hb.coordination@skynet.be",
                    "word_length": 25,
                    "word_syllables": 0,
                    "ortho_neighbors": 18,
                    "ortho_neighbors_+freq_cum": 16911.40000000001,
                    "age_of_acquisition": 4.07230255839822,
                    "familiarity": 6.92857142857143,
                    "lexical_frequency": 18310.95,
                    "complexity": 1,
                    "hapax_legomena_lemma": 0,
                    "concrete": true,
                    "sophisticated": false,
                    "passive": "O",
                    "coordination": {},
                    "clitic_type": false,
                    "aux_verbs": "O",
                    "named_entities": "O",
                    "subordination": [],
                    "np_pp_modifiers": {
                        "ids": [
                            5
                        ],
                        "texts": [
                            "Jorge"
                        ]
                    }
                },
                "4": {
                    "text": "Jorge",
                    "id": 5,
                    "lemma": "Jorge",
                    "word_length": 5,
                    "word_syllables": 0,
                    "ortho_neighbors": 0,
                    "ortho_neighbors_+freq_cum": "na",
                    "age_of_acquisition": -1,
                    "familiarity": 6.06,
                    "lexical_frequency": 12.64,
                    "complexity": 1,
                    "hapax_legomena_lemma": 1,
                    "concrete": false,
                    "sophisticated": true,
                    "passive": "O",
                    "coordination": {},
                    "clitic_type": false,
                    "aux_verbs": "O",
                    "named_entities": "B",
                    "named_entities_person": true,
                    "subordination": [],
                    "np_pp_modifiers": {
                        "ids": [],
                        "texts": []
                    }
                },
                "5": {
                    "text": "Rojas",
                    "id": 6,
                    "lemma": "Rojas",
                    "word_length": 5,
                    "word_syllables": 0,
                    "ortho_neighbors": 19,
                    "ortho_neighbors_+freq_cum": 61689.729999999996,
                    "age_of_acquisition": 4.81646273637375,
                    "familiarity": 6.89285714285714,
                    "lexical_frequency": 38928.92,
                    "complexity": "na",
                    "hapax_legomena_lemma": 0,
                    "concrete": true,
                    "sophisticated": false,
                    "passive": "O",
                    "coordination": {},
                    "clitic_type": false,
                    "aux_verbs": "O",
                    "named_entities": "I",
                    "named_entities_person": true,
                    "subordination": [],
                    "np_pp_modifiers": {
                        "ids": [],
                        "texts": []
                    }
                },
                "6": {
                    "text": "T\u00e9l",
                    "id": 7,
                    "lemma": "T\u00e9l",
                    "word_length": 3,
                    "word_syllables": 1,
                    "ortho_neighbors": "na",
                    "ortho_neighbors_+freq_cum": "na",
                    "age_of_acquisition": -1,
                    "familiarity": -1,
                    "lexical_frequency": 1e-10,
                    "complexity": "na",
                    "hapax_legomena_lemma": 1,
                    "concrete": false,
                    "sophisticated": true,
                    "passive": "O",
                    "coordination": {},
                    "clitic_type": false,
                    "aux_verbs": "O",
                    "named_entities": "I",
                    "named_entities_person": true,
                    "subordination": [],
                    "np_pp_modifiers": {
                        "ids": [],
                        "texts": []
                    }
                },
                "7": {
                    "text": ".",
                    "id": 8,
                    "lemma": ".",
                    "word_length": 1,
                    "word_syllables": 0,
                    "ortho_neighbors": 46,
                    "ortho_neighbors_+freq_cum": 19149.1,
                    "age_of_acquisition": -1,
                    "familiarity": -1,
                    "lexical_frequency": 19209.05,
                    "complexity": "na",
                    "hapax_legomena_lemma": 0,
                    "concrete": false,
                    "sophisticated": false,
                    "passive": "O",
                    "coordination": {},
                    "clitic_type": false,
                    "aux_verbs": "O",
                    "named_entities": "O",
                    "subordination": [],
                    "np_pp_modifiers": {
                        "ids": [],
                        "texts": []
                    }
                }
            },
            "features": {
                "parse_depth": 5,
                "sentence_length": 8,
                "ratio_passive_per_token": 0.0,
                "ratio_passive_per_verb": 0,
                "total_token_ratio_passive": 0.0,
                "max_size_passive": 0,
                "ratio_heads_per_token": 0,
                "max_nb_heads": 0,
                "max_dist_head_to_coord": 0,
                "ratio_coordination_per_token": 0.0,
                "total_token_ratio_coordination": 0.0,
                "max_size_coordination": 0,
                "ratio_aux_verbs_per_token": 0.0,
                "ratio_aux_verbs_per_verb": 0,
                "total_token_ratio_aux_verbs": 0.0,
                "max_size_aux_verbs": 0,
                "ratio_named_entities_per_token": 0.125,
                "ratio_named_entities_per_verb": 0,
                "total_token_ratio_named_entities": 0.375,
                "max_size_named_entities": 3,
                "max_size_np_pp_modifiers": 2,
                "max_size_subordination": 0,
                "words_before_verb": 0,
                "words_after_verb": 3
            }
        },
        "4": {
            "words": {
                "0": {
                    "text": "0485-58.08.30",
                    "id": 1,
                    "lemma": "0485-58.08.30",
                    "word_length": 13,
                    "word_syllables": 0,
                    "ortho_neighbors": 0,
                    "ortho_neighbors_+freq_cum": "na",
                    "age_of_acquisition": -1,
                    "familiarity": 3.63000011444092,
                    "lexical_frequency": 45.07,
                    "complexity": 3,
                    "hapax_legomena_lemma": 0,
                    "concrete": false,
                    "sophisticated": false,
                    "passive": "O",
                    "coordination": {
                        "conjuncts": [
                            3
                        ],
                        "cc": []
                    },
                    "clitic_type": false,
                    "aux_verbs": "O",
                    "named_entities": "O",
                    "subordination": [],
                    "np_pp_modifiers": {
                        "ids": [
                            5
                        ],
                        "texts": [
                            "PARTICIPATION"
                        ]
                    }
                },
                "1": {
                    "text": ",",
                    "id": 2,
                    "lemma": ",",
                    "word_length": 1,
                    "word_syllables": 0,
                    "ortho_neighbors": 1,
                    "ortho_neighbors_+freq_cum": 0.06,
                    "age_of_acquisition": -1,
                    "familiarity": -1,
                    "lexical_frequency": 1e-10,
                    "complexity": "na",
                    "hapax_legomena_lemma": 1,
                    "concrete": false,
                    "sophisticated": false,
                    "passive": "O",
                    "coordination": {},
                    "clitic_type": false,
                    "aux_verbs": "O",
                    "named_entities": "O",
                    "subordination": [],
                    "np_pp_modifiers": {
                        "ids": [],
                        "texts": []
                    }
                },
                "2": {
                    "text": "e-mail:",
                    "id": 3,
                    "lemma": "e-mail:",
                    "word_length": 7,
                    "word_syllables": 0,
                    "ortho_neighbors": 17,
                    "ortho_neighbors_+freq_cum": 9567.770000000002,
                    "age_of_acquisition": 6.02780867630701,
                    "familiarity": 6.64285714285714,
                    "lexical_frequency": 3171.35,
                    "complexity": 2,
                    "hapax_legomena_lemma": 1,
                    "concrete": true,
                    "sophisticated": true,
                    "passive": "O",
                    "coordination": {},
                    "clitic_type": false,
                    "aux_verbs": "O",
                    "named_entities": "O",
                    "subordination": [],
                    "np_pp_modifiers": {
                        "ids": [],
                        "texts": []
                    }
                },
                "3": {
                    "text": "jorgerojasphotographe@gmail.com",
                    "id": 4,
                    "lemma": "jorgerojasphotographe@gmail.com",
                    "word_length": 31,
                    "word_syllables": 0,
                    "ortho_neighbors": 18,
                    "ortho_neighbors_+freq_cum": 16911.40000000001,
                    "age_of_acquisition": 4.07230255839822,
                    "familiarity": 6.92857142857143,
                    "lexical_frequency": 18310.95,
                    "complexity": 1,
                    "hapax_legomena_lemma": 0,
                    "concrete": true,
                    "sophisticated": false,
                    "passive": "O",
                    "coordination": {},
                    "clitic_type": false,
                    "aux_verbs": "O",
                    "named_entities": "O",
                    "subordination": [],
                    "np_pp_modifiers": {
                        "ids": [],
                        "texts": []
                    }
                },
                "4": {
                    "text": "PARTICIPATION",
                    "id": 5,
                    "lemma": "PARTICIPATION",
                    "word_length": 13,
                    "word_syllables": 5,
                    "ortho_neighbors": 0,
                    "ortho_neighbors_+freq_cum": "na",
                    "age_of_acquisition": -1,
                    "familiarity": 6.06,
                    "lexical_frequency": 12.64,
                    "complexity": 1,
                    "hapax_legomena_lemma": 1,
                    "concrete": false,
                    "sophisticated": true,
                    "passive": "O",
                    "coordination": {},
                    "clitic_type": false,
                    "aux_verbs": "O",
                    "named_entities": "O",
                    "subordination": [],
                    "np_pp_modifiers": {
                        "ids": [],
                        "texts": []
                    }
                },
                "5": {
                    "text": "GRATUITE",
                    "id": 6,
                    "lemma": "GRATUITE",
                    "word_length": 8,
                    "word_syllables": 2,
                    "ortho_neighbors": 19,
                    "ortho_neighbors_+freq_cum": 61689.729999999996,
                    "age_of_acquisition": 4.81646273637375,
                    "familiarity": 6.89285714285714,
                    "lexical_frequency": 38928.92,
                    "complexity": "na",
                    "hapax_legomena_lemma": 0,
                    "concrete": true,
                    "sophisticated": false,
                    "passive": "O",
                    "coordination": {},
                    "clitic_type": false,
                    "aux_verbs": "O",
                    "named_entities": "B",
                    "subordination": [],
                    "np_pp_modifiers": {
                        "ids": [],
                        "texts": []
                    }
                }
            },
            "features": {
                "parse_depth": 3,
                "sentence_length": 6,
                "ratio_passive_per_token": 0.0,
                "ratio_passive_per_verb": 0,
                "total_token_ratio_passive": 0.0,
                "max_size_passive": 0,
                "ratio_heads_per_token": 1.0,
                "max_nb_heads": 1,
                "max_dist_head_to_coord": 2,
                "ratio_coordination_per_token": 0.16666666666666666,
                "total_token_ratio_coordination": 0.16666666666666666,
                "max_size_coordination": 1,
                "ratio_aux_verbs_per_token": 0.0,
                "ratio_aux_verbs_per_verb": 0,
                "total_token_ratio_aux_verbs": 0.0,
                "max_size_aux_verbs": 0,
                "ratio_named_entities_per_token": 0.16666666666666666,
                "ratio_named_entities_per_verb": 0,
                "total_token_ratio_named_entities": 0.16666666666666666,
                "max_size_named_entities": 0,
                "max_size_np_pp_modifiers": 1,
                "max_size_subordination": 0,
                "words_before_verb": 0,
                "words_after_verb": 2
            }
        },
        "5": {
            "words": {
                "0": {
                    "text": "Avec",
                    "id": 1,
                    "lemma": "avec",
                    "word_length": 4,
                    "word_syllables": 2,
                    "ortho_neighbors": 0,
                    "ortho_neighbors_+freq_cum": "na",
                    "age_of_acquisition": -1,
                    "familiarity": 3.63000011444092,
                    "lexical_frequency": 45.07,
                    "complexity": 3,
                    "hapax_legomena_lemma": 0,
                    "concrete": false,
                    "sophisticated": false,
                    "passive": "O",
                    "coordination": {},
                    "clitic_type": false,
                    "aux_verbs": "O",
                    "named_entities": "O",
                    "subordination": [],
                    "np_pp_modifiers": {
                        "ids": [],
                        "texts": []
                    }
                },
                "1": {
                    "text": "le",
                    "id": 2,
                    "lemma": "le",
                    "word_length": 2,
                    "word_syllables": 1,
                    "ortho_neighbors": 1,
                    "ortho_neighbors_+freq_cum": 0.06,
                    "age_of_acquisition": -1,
                    "familiarity": -1,
                    "lexical_frequency": 1e-10,
                    "complexity": "na",
                    "hapax_legomena_lemma": 1,
                    "concrete": false,
                    "sophisticated": false,
                    "passive": "O",
                    "coordination": {},
                    "clitic_type": false,
                    "aux_verbs": "O",
                    "named_entities": "O",
                    "subordination": [],
                    "np_pp_modifiers": {
                        "ids": [],
                        "texts": []
                    }
                },
                "2": {
                    "text": "soutien",
                    "id": 3,
                    "lemma": "soutien",
                    "word_length": 7,
                    "word_syllables": 2,
                    "ortho_neighbors": 17,
                    "ortho_neighbors_+freq_cum": 9567.770000000002,
                    "age_of_acquisition": 6.02780867630701,
                    "familiarity": 6.64285714285714,
                    "lexical_frequency": 3171.35,
                    "complexity": 2,
                    "hapax_legomena_lemma": 1,
                    "concrete": true,
                    "sophisticated": true,
                    "passive": "O",
                    "coordination": {},
                    "clitic_type": false,
                    "aux_verbs": "O",
                    "named_entities": "O",
                    "subordination": [],
                    "np_pp_modifiers": {
                        "ids": [
                            1,
                            6,
                            4,
                            7
                        ],
                        "texts": [
                            "Avec",
                            "Communaut\u00e9",
                            "de",
                            "fran\u00e7aise"
                        ]
                    }
                },
                "3": {
                    "text": "de",
                    "id": 4,
                    "lemma": "de",
                    "word_length": 2,
                    "word_syllables": 1,
                    "ortho_neighbors": 18,
                    "ortho_neighbors_+freq_cum": 16911.40000000001,
                    "age_of_acquisition": 4.07230255839822,
                    "familiarity": 6.92857142857143,
                    "lexical_frequency": 18310.95,
                    "complexity": 1,
                    "hapax_legomena_lemma": 0,
                    "concrete": true,
                    "sophisticated": false,
                    "passive": "O",
                    "coordination": {},
                    "clitic_type": false,
                    "aux_verbs": "O",
                    "named_entities": "O",
                    "subordination": [],
                    "np_pp_modifiers": {
                        "ids": [],
                        "texts": []
                    }
                },
                "4": {
                    "text": "la",
                    "id": 5,
                    "lemma": "le",
                    "word_length": 2,
                    "word_syllables": 1,
                    "ortho_neighbors": 0,
                    "ortho_neighbors_+freq_cum": "na",
                    "age_of_acquisition": -1,
                    "familiarity": 6.06,
                    "lexical_frequency": 12.64,
                    "complexity": 1,
                    "hapax_legomena_lemma": 1,
                    "concrete": false,
                    "sophisticated": true,
                    "passive": "O",
                    "coordination": {},
                    "clitic_type": false,
                    "aux_verbs": "O",
                    "named_entities": "O",
                    "subordination": [],
                    "np_pp_modifiers": {
                        "ids": [],
                        "texts": []
                    }
                },
                "5": {
                    "text": "Communaut\u00e9",
                    "id": 6,
                    "lemma": "communaut\u00e9",
                    "word_length": 10,
                    "word_syllables": 4,
                    "ortho_neighbors": 19,
                    "ortho_neighbors_+freq_cum": 61689.729999999996,
                    "age_of_acquisition": 4.81646273637375,
                    "familiarity": 6.89285714285714,
                    "lexical_frequency": 38928.92,
                    "complexity": "na",
                    "hapax_legomena_lemma": 0,
                    "concrete": true,
                    "sophisticated": false,
                    "passive": "O",
                    "coordination": {},
                    "clitic_type": false,
                    "aux_verbs": "O",
                    "named_entities": "B",
                    "named_entities_loc": true,
                    "subordination": [],
                    "np_pp_modifiers": {
                        "ids": [
                            4,
                            7
                        ],
                        "texts": [
                            "de",
                            "fran\u00e7aise"
                        ]
                    }
                },
                "6": {
                    "text": "fran\u00e7aise",
                    "id": 7,
                    "lemma": "fran\u00e7ais",
                    "word_length": 9,
                    "word_syllables": 2,
                    "ortho_neighbors": "na",
                    "ortho_neighbors_+freq_cum": "na",
                    "age_of_acquisition": -1,
                    "familiarity": -1,
                    "lexical_frequency": 1e-10,
                    "complexity": "na",
                    "hapax_legomena_lemma": 1,
                    "concrete": false,
                    "sophisticated": true,
                    "passive": "O",
                    "coordination": {},
                    "clitic_type": false,
                    "aux_verbs": "O",
                    "named_entities": "I",
                    "named_entities_loc": true,
                    "subordination": [],
                    "np_pp_modifiers": {
                        "ids": [],
                        "texts": []
                    }
                }
            },
            "features": {
                "parse_depth": 3,
                "sentence_length": 7,
                "ratio_passive_per_token": 0.0,
                "ratio_passive_per_verb": 0,
                "total_token_ratio_passive": 0.0,
                "max_size_passive": 0,
                "ratio_heads_per_token": 0,
                "max_nb_heads": 0,
                "max_dist_head_to_coord": 0,
                "ratio_coordination_per_token": 0.0,
                "total_token_ratio_coordination": 0.0,
                "max_size_coordination": 0,
                "ratio_aux_verbs_per_token": 0.0,
                "ratio_aux_verbs_per_verb": 0,
                "total_token_ratio_aux_verbs": 0.0,
                "max_size_aux_verbs": 0,
                "ratio_named_entities_per_token": 0.14285714285714285,
                "ratio_named_entities_per_verb": 0,
                "total_token_ratio_named_entities": 0.2857142857142857,
                "max_size_named_entities": 0,
                "max_size_np_pp_modifiers": 4,
                "max_size_subordination": 0,
                "words_before_verb": 2,
                "words_after_verb": 1
            }
        }
    }
}