{
    "features": {
        "word_count": 49,
        "sentence_count": 4,
        "document_length": 54,
        "sophisticated_ratio": 0.42592592592592593,
        "concrete_ratio": 0.35185185185185186,
        "lexical_diversity": 1.0,
        "hapax_legomena_lemma_ratio": 0.4074074074074074,
        "ratio_passive_per_token": 0.0,
        "ratio_passive_per_verb": 0.0,
        "total_token_ratio_passive": 0.0,
        "max_size_passive": 0,
        "ratio_coordination_per_token": 0.018518518518518517,
        "total_token_ratio_coordination": 0.037037037037037035,
        "max_size_coordination": 2,
        "ratio_clitic_per_token": 0.0,
        "ratio_pre_clitic_pronouns_per_token": 0.0,
        "ratio_post_clitic_pronouns_per_token": 0.0,
        "ratio_aux_verbs_per_token": 0.0,
        "ratio_aux_verbs_per_verb": 0.0,
        "total_token_ratio_aux_verbs": 0.0,
        "max_size_aux_verbs": 0,
        "ratio_named_entities_per_token": 0.05555555555555555,
        "ratio_named_entities_per_verb": 1.5,
        "total_token_ratio_named_entities": 0.14814814814814814,
        "max_size_named_entities": 6,
        "ratio_subordination_per_token": 0.018518518518518517,
        "ratio_subordination_per_verb": 0.5,
        "total_token_ratio_subordination": 0.07407407407407407,
        "max_size_subordination": 4,
        "max_size_np_pp_modifiers": 7
    },
    "sentences": {
        "0": {
            "words": {
                "0": {
                    "text": "A",
                    "id": 1,
                    "lemma": "\u00e0",
                    "word_length": 1,
                    "word_syllables": 1,
                    "ortho_neighbors": 46,
                    "ortho_neighbors_+freq_cum": 31848.880000000005,
                    "age_of_acquisition": -1,
                    "familiarity": -1,
                    "lexical_frequency": 19209.05,
                    "complexity": "na",
                    "hapax_legomena_lemma": 0,
                    "concrete": false,
                    "sophisticated": true,
                    "passive": "O",
                    "coordination": {},
                    "clitic_type": false,
                    "aux_verbs": "O",
                    "named_entities": "O",
                    "subordination": [],
                    "np_pp_modifiers": {
                        "ids": [],
                        "texts": []
                    }
                },
                "1": {
                    "text": "L'",
                    "id": 2,
                    "lemma": "le",
                    "word_length": 2,
                    "word_syllables": 1,
                    "ortho_neighbors": "na",
                    "ortho_neighbors_+freq_cum": "na",
                    "age_of_acquisition": 4.07230255839822,
                    "familiarity": 6.92857142857143,
                    "lexical_frequency": 18310.95,
                    "complexity": 1,
                    "hapax_legomena_lemma": 0,
                    "concrete": true,
                    "sophisticated": false,
                    "passive": "O",
                    "coordination": {},
                    "clitic_type": false,
                    "aux_verbs": "O",
                    "named_entities": "B",
                    "named_entities_loc": true,
                    "subordination": [],
                    "np_pp_modifiers": {
                        "ids": [],
                        "texts": []
                    }
                },
                "2": {
                    "text": "ATTENTION",
                    "id": 3,
                    "lemma": "ATTENTION",
                    "word_length": 9,
                    "word_syllables": 3,
                    "ortho_neighbors": 0,
                    "ortho_neighbors_+freq_cum": "na",
                    "age_of_acquisition": -1,
                    "familiarity": -1,
                    "lexical_frequency": 1e-10,
                    "complexity": "na",
                    "hapax_legomena_lemma": 1,
                    "concrete": false,
                    "sophisticated": false,
                    "passive": "O",
                    "coordination": {},
                    "clitic_type": false,
                    "aux_verbs": "O",
                    "named_entities": "I",
                    "named_entities_loc": true,
                    "subordination": [],
                    "np_pp_modifiers": {
                        "ids": [
                            1,
                            7,
                            4,
                            5,
                            8,
                            9
                        ],
                        "texts": [
                            "A",
                            "PERSONNEL",
                            "DE",
                            "TOUT",
                            "Mardi",
                            "11"
                        ]
                    }
                },
                "3": {
                    "text": "DE",
                    "id": 4,
                    "lemma": "de",
                    "word_length": 2,
                    "word_syllables": 1,
                    "ortho_neighbors": 19,
                    "ortho_neighbors_+freq_cum": 61689.729999999996,
                    "age_of_acquisition": 4.81646273637375,
                    "familiarity": 6.89285714285714,
                    "lexical_frequency": 38928.92,
                    "complexity": "na",
                    "hapax_legomena_lemma": 0,
                    "concrete": true,
                    "sophisticated": false,
                    "passive": "O",
                    "coordination": {},
                    "clitic_type": false,
                    "aux_verbs": "O",
                    "named_entities": "I",
                    "named_entities_loc": true,
                    "subordination": [],
                    "np_pp_modifiers": {
                        "ids": [],
                        "texts": []
                    }
                },
                "4": {
                    "text": "TOUT",
                    "id": 5,
                    "lemma": "tout",
                    "word_length": 4,
                    "word_syllables": 1,
                    "ortho_neighbors": 9,
                    "ortho_neighbors_+freq_cum": 1502.54,
                    "age_of_acquisition": 6.02780867630701,
                    "familiarity": 6.64285714285714,
                    "lexical_frequency": 3171.35,
                    "complexity": 2,
                    "hapax_legomena_lemma": 0,
                    "concrete": true,
                    "sophisticated": false,
                    "passive": "O",
                    "coordination": {},
                    "clitic_type": false,
                    "aux_verbs": "O",
                    "named_entities": "I",
                    "named_entities_loc": true,
                    "subordination": [],
                    "np_pp_modifiers": {
                        "ids": [],
                        "texts": []
                    }
                },
                "5": {
                    "text": "LE",
                    "id": 6,
                    "lemma": "le",
                    "word_length": 2,
                    "word_syllables": 1,
                    "ortho_neighbors": 15,
                    "ortho_neighbors_+freq_cum": 86631.11,
                    "age_of_acquisition": 4.07230255839822,
                    "familiarity": 6.92857142857143,
                    "lexical_frequency": 18310.95,
                    "complexity": 1,
                    "hapax_legomena_lemma": 0,
                    "concrete": true,
                    "sophisticated": false,
                    "passive": "O",
                    "coordination": {},
                    "clitic_type": false,
                    "aux_verbs": "O",
                    "named_entities": "I",
                    "named_entities_loc": true,
                    "subordination": [],
                    "np_pp_modifiers": {
                        "ids": [],
                        "texts": []
                    }
                },
                "6": {
                    "text": "PERSONNEL",
                    "id": 7,
                    "lemma": "PERSONNEL",
                    "word_length": 9,
                    "word_syllables": 3,
                    "ortho_neighbors": 1,
                    "ortho_neighbors_+freq_cum": 73.32,
                    "age_of_acquisition": -1,
                    "familiarity": -1,
                    "lexical_frequency": 1e-10,
                    "complexity": 4,
                    "hapax_legomena_lemma": 0,
                    "concrete": false,
                    "sophisticated": true,
                    "passive": "O",
                    "coordination": {},
                    "clitic_type": false,
                    "aux_verbs": "O",
                    "named_entities": "I",
                    "named_entities_loc": true,
                    "subordination": [],
                    "np_pp_modifiers": {
                        "ids": [
                            4,
                            5
                        ],
                        "texts": [
                            "DE",
                            "TOUT"
                        ]
                    }
                },
                "7": {
                    "text": "Mardi",
                    "id": 8,
                    "lemma": "mardi",
                    "word_length": 5,
                    "word_syllables": 2,
                    "ortho_neighbors": 5,
                    "ortho_neighbors_+freq_cum": 9.03,
                    "age_of_acquisition": -1,
                    "familiarity": 5.74,
                    "lexical_frequency": 16.28,
                    "complexity": 1,
                    "hapax_legomena_lemma": 1,
                    "concrete": false,
                    "sophisticated": false,
                    "passive": "O",
                    "coordination": {},
                    "clitic_type": false,
                    "aux_verbs": "O",
                    "named_entities": "O",
                    "subordination": [],
                    "np_pp_modifiers": {
                        "ids": [
                            9
                        ],
                        "texts": [
                            "11"
                        ]
                    }
                },
                "8": {
                    "text": "11",
                    "id": 9,
                    "lemma": "11",
                    "word_length": 2,
                    "word_syllables": 0,
                    "ortho_neighbors": "na",
                    "ortho_neighbors_+freq_cum": "na",
                    "age_of_acquisition": -1,
                    "familiarity": -1,
                    "lexical_frequency": 1e-10,
                    "complexity": "na",
                    "hapax_legomena_lemma": 1,
                    "concrete": false,
                    "sophisticated": true,
                    "passive": "O",
                    "coordination": {
                        "conjuncts": [
                            11,
                            13
                        ],
                        "cc": [
                            10,
                            12
                        ]
                    },
                    "clitic_type": false,
                    "aux_verbs": "O",
                    "named_entities": "O",
                    "subordination": [],
                    "np_pp_modifiers": {
                        "ids": [],
                        "texts": []
                    }
                },
                "9": {
                    "text": "/",
                    "id": 10,
                    "lemma": "/",
                    "word_length": 1,
                    "word_syllables": 0,
                    "ortho_neighbors": "na",
                    "ortho_neighbors_+freq_cum": "na",
                    "age_of_acquisition": -1,
                    "familiarity": -1,
                    "lexical_frequency": 1e-10,
                    "complexity": "na",
                    "hapax_legomena_lemma": 0,
                    "concrete": false,
                    "sophisticated": true,
                    "passive": "O",
                    "coordination": {},
                    "clitic_type": false,
                    "aux_verbs": "O",
                    "named_entities": "O",
                    "subordination": [],
                    "np_pp_modifiers": {
                        "ids": [],
                        "texts": []
                    }
                },
                "10": {
                    "text": "10",
                    "id": 11,
                    "lemma": "10",
                    "word_length": 2,
                    "word_syllables": 0,
                    "ortho_neighbors": "na",
                    "ortho_neighbors_+freq_cum": "na",
                    "age_of_acquisition": -1,
                    "familiarity": -1,
                    "lexical_frequency": 1e-10,
                    "complexity": "na",
                    "hapax_legomena_lemma": 1,
                    "concrete": false,
                    "sophisticated": true,
                    "passive": "O",
                    "coordination": {},
                    "clitic_type": false,
                    "aux_verbs": "O",
                    "named_entities": "O",
                    "subordination": [],
                    "np_pp_modifiers": {
                        "ids": [],
                        "texts": []
                    }
                },
                "11": {
                    "text": "/",
                    "id": 12,
                    "lemma": "/",
                    "word_length": 1,
                    "word_syllables": 0,
                    "ortho_neighbors": "na",
                    "ortho_neighbors_+freq_cum": "na",
                    "age_of_acquisition": -1,
                    "familiarity": -1,
                    "lexical_frequency": 1e-10,
                    "complexity": "na",
                    "hapax_legomena_lemma": 0,
                    "concrete": false,
                    "sophisticated": true,
                    "passive": "O",
                    "coordination": {},
                    "clitic_type": false,
                    "aux_verbs": "O",
                    "named_entities": "O",
                    "subordination": [],
                    "np_pp_modifiers": {
                        "ids": [],
                        "texts": []
                    }
                },
                "12": {
                    "text": "2022",
                    "id": 13,
                    "lemma": "2022",
                    "word_length": 4,
                    "word_syllables": 0,
                    "ortho_neighbors": "na",
                    "ortho_neighbors_+freq_cum": "na",
                    "age_of_acquisition": -1,
                    "familiarity": -1,
                    "lexical_frequency": 1e-10,
                    "complexity": "na",
                    "hapax_legomena_lemma": 1,
                    "concrete": false,
                    "sophisticated": true,
                    "passive": "O",
                    "coordination": {},
                    "clitic_type": false,
                    "aux_verbs": "O",
                    "named_entities": "O",
                    "subordination": [],
                    "np_pp_modifiers": {
                        "ids": [],
                        "texts": []
                    }
                },
                "13": {
                    "text": "Bonjour",
                    "id": 14,
                    "lemma": "bonjour",
                    "word_length": 7,
                    "word_syllables": 2,
                    "ortho_neighbors": 0,
                    "ortho_neighbors_+freq_cum": "na",
                    "age_of_acquisition": -1,
                    "familiarity": -1,
                    "lexical_frequency": 1e-10,
                    "complexity": "na",
                    "hapax_legomena_lemma": 1,
                    "concrete": false,
                    "sophisticated": false,
                    "passive": "O",
                    "coordination": {},
                    "clitic_type": false,
                    "aux_verbs": "O",
                    "named_entities": "B",
                    "subordination": [],
                    "np_pp_modifiers": {
                        "ids": [],
                        "texts": []
                    }
                },
                "14": {
                    "text": ",",
                    "id": 15,
                    "lemma": ",",
                    "word_length": 1,
                    "word_syllables": 0,
                    "ortho_neighbors": "na",
                    "ortho_neighbors_+freq_cum": "na",
                    "age_of_acquisition": -1,
                    "familiarity": -1,
                    "lexical_frequency": 1e-10,
                    "complexity": "na",
                    "hapax_legomena_lemma": "na",
                    "concrete": false,
                    "sophisticated": true,
                    "passive": "O",
                    "coordination": {},
                    "clitic_type": false,
                    "aux_verbs": "O",
                    "named_entities": "O",
                    "subordination": [],
                    "np_pp_modifiers": {
                        "ids": [],
                        "texts": []
                    }
                },
                "15": {
                    "text": "La",
                    "id": 16,
                    "lemma": "le",
                    "word_length": 2,
                    "word_syllables": 1,
                    "ortho_neighbors": 19,
                    "ortho_neighbors_+freq_cum": 24555.15,
                    "age_of_acquisition": 4.07230255839822,
                    "familiarity": 6.92857142857143,
                    "lexical_frequency": 18310.95,
                    "complexity": 1,
                    "hapax_legomena_lemma": 0,
                    "concrete": true,
                    "sophisticated": false,
                    "passive": "O",
                    "coordination": {},
                    "clitic_type": false,
                    "aux_verbs": "O",
                    "named_entities": "O",
                    "subordination": [],
                    "np_pp_modifiers": {
                        "ids": [],
                        "texts": []
                    }
                },
                "16": {
                    "text": "direction",
                    "id": 17,
                    "lemma": "direction",
                    "word_length": 9,
                    "word_syllables": 3,
                    "ortho_neighbors": 1,
                    "ortho_neighbors_+freq_cum": 0.52,
                    "age_of_acquisition": -1,
                    "familiarity": 5.05,
                    "lexical_frequency": 108.04,
                    "complexity": 1,
                    "hapax_legomena_lemma": 0,
                    "concrete": false,
                    "sophisticated": false,
                    "passive": "O",
                    "coordination": {},
                    "clitic_type": false,
                    "aux_verbs": "O",
                    "named_entities": "O",
                    "subordination": [],
                    "np_pp_modifiers": {
                        "ids": [],
                        "texts": []
                    }
                },
                "17": {
                    "text": "organise",
                    "id": 18,
                    "lemma": "organiser",
                    "word_length": 8,
                    "word_syllables": 3,
                    "ortho_neighbors": 3,
                    "ortho_neighbors_+freq_cum": 18.840000000000003,
                    "age_of_acquisition": -1,
                    "familiarity": -1,
                    "lexical_frequency": 47.16,
                    "complexity": "na",
                    "hapax_legomena_lemma": 1,
                    "concrete": false,
                    "sophisticated": true,
                    "passive": "O",
                    "coordination": {},
                    "clitic_type": false,
                    "aux_verbs": "O",
                    "named_entities": "O",
                    "subordination": [],
                    "np_pp_modifiers": {
                        "ids": [],
                        "texts": []
                    }
                },
                "18": {
                    "text": "une",
                    "id": 19,
                    "lemma": "un",
                    "word_length": 3,
                    "word_syllables": 1,
                    "ortho_neighbors": 5,
                    "ortho_neighbors_+freq_cum": 121.50999999999999,
                    "age_of_acquisition": 3.46162402669633,
                    "familiarity": 6.75,
                    "lexical_frequency": 13550.68,
                    "complexity": 1,
                    "hapax_legomena_lemma": 1,
                    "concrete": true,
                    "sophisticated": false,
                    "passive": "O",
                    "coordination": {},
                    "clitic_type": false,
                    "aux_verbs": "O",
                    "named_entities": "O",
                    "subordination": [],
                    "np_pp_modifiers": {
                        "ids": [],
                        "texts": []
                    }
                },
                "19": {
                    "text": "r\u00e9union",
                    "id": 20,
                    "lemma": "r\u00e9union",
                    "word_length": 7,
                    "word_syllables": 3,
                    "ortho_neighbors": 0,
                    "ortho_neighbors_+freq_cum": "na",
                    "age_of_acquisition": -1,
                    "familiarity": 5.19999980926514,
                    "lexical_frequency": 28.18,
                    "complexity": 1,
                    "hapax_legomena_lemma": 1,
                    "concrete": false,
                    "sophisticated": false,
                    "passive": "O",
                    "coordination": {},
                    "clitic_type": false,
                    "aux_verbs": "O",
                    "named_entities": "O",
                    "subordination": [],
                    "np_pp_modifiers": {
                        "ids": [],
                        "texts": []
                    }
                },
                "20": {
                    "text": "mercredi",
                    "id": 21,
                    "lemma": "mercredi",
                    "word_length": 8,
                    "word_syllables": 3,
                    "ortho_neighbors": 0,
                    "ortho_neighbors_+freq_cum": "na",
                    "age_of_acquisition": -1,
                    "familiarity": 6.06,
                    "lexical_frequency": 12.64,
                    "complexity": 1,
                    "hapax_legomena_lemma": 1,
                    "concrete": false,
                    "sophisticated": false,
                    "passive": "O",
                    "coordination": {},
                    "clitic_type": false,
                    "aux_verbs": "O",
                    "named_entities": "O",
                    "subordination": [],
                    "np_pp_modifiers": {
                        "ids": [
                            22,
                            23
                        ],
                        "texts": [
                            "19",
                            "octobre"
                        ]
                    }
                },
                "21": {
                    "text": "19",
                    "id": 22,
                    "lemma": "19",
                    "word_length": 2,
                    "word_syllables": 0,
                    "ortho_neighbors": "na",
                    "ortho_neighbors_+freq_cum": "na",
                    "age_of_acquisition": -1,
                    "familiarity": -1,
                    "lexical_frequency": 1e-10,
                    "complexity": "na",
                    "hapax_legomena_lemma": 1,
                    "concrete": false,
                    "sophisticated": true,
                    "passive": "O",
                    "coordination": {},
                    "clitic_type": false,
                    "aux_verbs": "O",
                    "named_entities": "O",
                    "subordination": [],
                    "np_pp_modifiers": {
                        "ids": [
                            23
                        ],
                        "texts": [
                            "octobre"
                        ]
                    }
                },
                "22": {
                    "text": "octobre",
                    "id": 23,
                    "lemma": "octobre",
                    "word_length": 7,
                    "word_syllables": 2,
                    "ortho_neighbors": 0,
                    "ortho_neighbors_+freq_cum": "na",
                    "age_of_acquisition": -1,
                    "familiarity": 5.47,
                    "lexical_frequency": 36.28,
                    "complexity": 1,
                    "hapax_legomena_lemma": 1,
                    "concrete": false,
                    "sophisticated": false,
                    "passive": "O",
                    "coordination": {},
                    "clitic_type": false,
                    "aux_verbs": "O",
                    "named_entities": "O",
                    "subordination": [],
                    "np_pp_modifiers": {
                        "ids": [],
                        "texts": []
                    }
                },
                "23": {
                    "text": ",",
                    "id": 24,
                    "lemma": ",",
                    "word_length": 1,
                    "word_syllables": 0,
                    "ortho_neighbors": "na",
                    "ortho_neighbors_+freq_cum": "na",
                    "age_of_acquisition": -1,
                    "familiarity": -1,
                    "lexical_frequency": 1e-10,
                    "complexity": "na",
                    "hapax_legomena_lemma": "na",
                    "concrete": false,
                    "sophisticated": true,
                    "passive": "O",
                    "coordination": {},
                    "clitic_type": false,
                    "aux_verbs": "O",
                    "named_entities": "O",
                    "subordination": [],
                    "np_pp_modifiers": {
                        "ids": [],
                        "texts": []
                    }
                },
                "24": {
                    "text": "\u00e0",
                    "id": 25,
                    "lemma": "\u00e0",
                    "word_length": 1,
                    "word_syllables": 1,
                    "ortho_neighbors": 46,
                    "ortho_neighbors_+freq_cum": 19149.1,
                    "age_of_acquisition": -1,
                    "familiarity": -1,
                    "lexical_frequency": 19209.05,
                    "complexity": "na",
                    "hapax_legomena_lemma": 0,
                    "concrete": false,
                    "sophisticated": false,
                    "passive": "O",
                    "coordination": {},
                    "clitic_type": false,
                    "aux_verbs": "O",
                    "named_entities": "O",
                    "subordination": [],
                    "np_pp_modifiers": {
                        "ids": [],
                        "texts": []
                    }
                },
                "25": {
                    "text": "15h",
                    "id": 26,
                    "lemma": "15h",
                    "word_length": 3,
                    "word_syllables": 0,
                    "ortho_neighbors": "na",
                    "ortho_neighbors_+freq_cum": "na",
                    "age_of_acquisition": -1,
                    "familiarity": -1,
                    "lexical_frequency": 1e-10,
                    "complexity": "na",
                    "hapax_legomena_lemma": 1,
                    "concrete": false,
                    "sophisticated": true,
                    "passive": "O",
                    "coordination": {},
                    "clitic_type": false,
                    "aux_verbs": "O",
                    "named_entities": "O",
                    "subordination": [],
                    "np_pp_modifiers": {
                        "ids": [
                            25
                        ],
                        "texts": [
                            "\u00e0"
                        ]
                    }
                },
                "26": {
                    "text": "pour",
                    "id": 27,
                    "lemma": "pour",
                    "word_length": 4,
                    "word_syllables": 1,
                    "ortho_neighbors": 9,
                    "ortho_neighbors_+freq_cum": 1091.04,
                    "age_of_acquisition": 5.03448275862069,
                    "familiarity": 6.46428571428571,
                    "lexical_frequency": 6198.24,
                    "complexity": "na",
                    "hapax_legomena_lemma": 1,
                    "concrete": true,
                    "sophisticated": false,
                    "passive": "O",
                    "coordination": {},
                    "clitic_type": false,
                    "aux_verbs": "O",
                    "named_entities": "O",
                    "subordination": [],
                    "np_pp_modifiers": {
                        "ids": [],
                        "texts": []
                    }
                },
                "27": {
                    "text": "tout",
                    "id": 28,
                    "lemma": "tout",
                    "word_length": 4,
                    "word_syllables": 1,
                    "ortho_neighbors": 9,
                    "ortho_neighbors_+freq_cum": 1502.54,
                    "age_of_acquisition": 6.02780867630701,
                    "familiarity": 6.64285714285714,
                    "lexical_frequency": 3171.35,
                    "complexity": 2,
                    "hapax_legomena_lemma": 0,
                    "concrete": true,
                    "sophisticated": false,
                    "passive": "O",
                    "coordination": {},
                    "clitic_type": false,
                    "aux_verbs": "O",
                    "named_entities": "O",
                    "subordination": [],
                    "np_pp_modifiers": {
                        "ids": [],
                        "texts": []
                    }
                },
                "28": {
                    "text": "le",
                    "id": 29,
                    "lemma": "le",
                    "word_length": 2,
                    "word_syllables": 1,
                    "ortho_neighbors": 15,
                    "ortho_neighbors_+freq_cum": 86631.11,
                    "age_of_acquisition": 4.07230255839822,
                    "familiarity": 6.92857142857143,
                    "lexical_frequency": 18310.95,
                    "complexity": 1,
                    "hapax_legomena_lemma": 0,
                    "concrete": true,
                    "sophisticated": false,
                    "passive": "O",
                    "coordination": {},
                    "clitic_type": false,
                    "aux_verbs": "O",
                    "named_entities": "O",
                    "subordination": [],
                    "np_pp_modifiers": {
                        "ids": [],
                        "texts": []
                    }
                },
                "29": {
                    "text": "personnel",
                    "id": 30,
                    "lemma": "personnel",
                    "word_length": 9,
                    "word_syllables": 3,
                    "ortho_neighbors": 1,
                    "ortho_neighbors_+freq_cum": 73.32,
                    "age_of_acquisition": -1,
                    "familiarity": -1,
                    "lexical_frequency": 19.32,
                    "complexity": 4,
                    "hapax_legomena_lemma": 0,
                    "concrete": false,
                    "sophisticated": true,
                    "passive": "O",
                    "coordination": {},
                    "clitic_type": false,
                    "aux_verbs": "O",
                    "named_entities": "O",
                    "subordination": [],
                    "np_pp_modifiers": {
                        "ids": [
                            27,
                            28
                        ],
                        "texts": [
                            "pour",
                            "tout"
                        ]
                    }
                },
                "30": {
                    "text": "afin",
                    "id": 31,
                    "lemma": "afin",
                    "word_length": 4,
                    "word_syllables": 2,
                    "ortho_neighbors": 1,
                    "ortho_neighbors_+freq_cum": 0.1,
                    "age_of_acquisition": -1,
                    "familiarity": -1,
                    "lexical_frequency": 0.95,
                    "complexity": "na",
                    "hapax_legomena_lemma": 1,
                    "concrete": false,
                    "sophisticated": true,
                    "passive": "O",
                    "coordination": {},
                    "clitic_type": false,
                    "aux_verbs": "O",
                    "named_entities": "O",
                    "subordination": [],
                    "np_pp_modifiers": {
                        "ids": [],
                        "texts": []
                    }
                },
                "31": {
                    "text": "de",
                    "id": 32,
                    "lemma": "de",
                    "word_length": 2,
                    "word_syllables": 1,
                    "ortho_neighbors": 19,
                    "ortho_neighbors_+freq_cum": 61689.729999999996,
                    "age_of_acquisition": 4.81646273637375,
                    "familiarity": 6.89285714285714,
                    "lexical_frequency": 38928.92,
                    "complexity": "na",
                    "hapax_legomena_lemma": 0,
                    "concrete": true,
                    "sophisticated": false,
                    "passive": "O",
                    "coordination": {},
                    "clitic_type": false,
                    "aux_verbs": "O",
                    "named_entities": "O",
                    "subordination": [],
                    "np_pp_modifiers": {
                        "ids": [],
                        "texts": []
                    }
                },
                "32": {
                    "text": "pr\u00e9senter",
                    "id": 33,
                    "lemma": "pr\u00e9senter",
                    "word_length": 9,
                    "word_syllables": 3,
                    "ortho_neighbors": 2,
                    "ortho_neighbors_+freq_cum": 9.19,
                    "age_of_acquisition": -1,
                    "familiarity": -1,
                    "lexical_frequency": 135.14,
                    "complexity": 2,
                    "hapax_legomena_lemma": 1,
                    "concrete": false,
                    "sophisticated": false,
                    "passive": "O",
                    "coordination": {},
                    "clitic_type": false,
                    "aux_verbs": "O",
                    "named_entities": "O",
                    "subordination": [
                        "B0"
                    ],
                    "np_pp_modifiers": {
                        "ids": [],
                        "texts": []
                    }
                },
                "33": {
                    "text": "les",
                    "id": 34,
                    "lemma": "le",
                    "word_length": 3,
                    "word_syllables": 1,
                    "ortho_neighbors": 18,
                    "ortho_neighbors_+freq_cum": 16911.40000000001,
                    "age_of_acquisition": 4.07230255839822,
                    "familiarity": 6.92857142857143,
                    "lexical_frequency": 18310.95,
                    "complexity": 1,
                    "hapax_legomena_lemma": 0,
                    "concrete": true,
                    "sophisticated": false,
                    "passive": "O",
                    "coordination": {},
                    "clitic_type": false,
                    "aux_verbs": "O",
                    "named_entities": "O",
                    "subordination": [
                        "I0"
                    ],
                    "np_pp_modifiers": {
                        "ids": [],
                        "texts": []
                    }
                },
                "34": {
                    "text": "nouvelles",
                    "id": 35,
                    "lemma": "nouveau",
                    "word_length": 9,
                    "word_syllables": 2,
                    "ortho_neighbors": 0,
                    "ortho_neighbors_+freq_cum": "na",
                    "age_of_acquisition": -1,
                    "familiarity": -1,
                    "lexical_frequency": 185.61,
                    "complexity": 1,
                    "hapax_legomena_lemma": 1,
                    "concrete": false,
                    "sophisticated": true,
                    "passive": "O",
                    "coordination": {},
                    "clitic_type": false,
                    "aux_verbs": "O",
                    "named_entities": "O",
                    "subordination": [
                        "I0"
                    ],
                    "np_pp_modifiers": {
                        "ids": [],
                        "texts": []
                    }
                },
                "35": {
                    "text": "formations",
                    "id": 36,
                    "lemma": "formation",
                    "word_length": 10,
                    "word_syllables": 3,
                    "ortho_neighbors": 0,
                    "ortho_neighbors_+freq_cum": "na",
                    "age_of_acquisition": -1,
                    "familiarity": 4.03000020980835,
                    "lexical_frequency": 12.16,
                    "complexity": 3,
                    "hapax_legomena_lemma": 1,
                    "concrete": false,
                    "sophisticated": true,
                    "passive": "O",
                    "coordination": {},
                    "clitic_type": false,
                    "aux_verbs": "O",
                    "named_entities": "O",
                    "subordination": [
                        "I0"
                    ],
                    "np_pp_modifiers": {
                        "ids": [
                            35
                        ],
                        "texts": [
                            "nouvelles"
                        ]
                    }
                },
                "36": {
                    "text": ".",
                    "id": 37,
                    "lemma": ".",
                    "word_length": 1,
                    "word_syllables": 0,
                    "ortho_neighbors": "na",
                    "ortho_neighbors_+freq_cum": "na",
                    "age_of_acquisition": -1,
                    "familiarity": -1,
                    "lexical_frequency": 1e-10,
                    "complexity": "na",
                    "hapax_legomena_lemma": "na",
                    "concrete": false,
                    "sophisticated": true,
                    "passive": "O",
                    "coordination": {},
                    "clitic_type": false,
                    "aux_verbs": "O",
                    "named_entities": "O",
                    "subordination": [],
                    "np_pp_modifiers": {
                        "ids": [],
                        "texts": []
                    }
                }
            },
            "features": {
                "parse_depth": 6,
                "sentence_length": 37,
                "ratio_passive_per_token": 0.0,
                "ratio_passive_per_verb": 0.0,
                "total_token_ratio_passive": 0.0,
                "max_size_passive": 0,
                "ratio_heads_per_token": 2.0,
                "max_nb_heads": 2,
                "max_dist_head_to_coord": 4,
                "ratio_coordination_per_token": 0.02702702702702703,
                "total_token_ratio_coordination": 0.05405405405405406,
                "max_size_coordination": 2,
                "ratio_aux_verbs_per_token": 0.0,
                "ratio_aux_verbs_per_verb": 0.0,
                "total_token_ratio_aux_verbs": 0.0,
                "max_size_aux_verbs": 0,
                "ratio_named_entities_per_token": 0.05405405405405406,
                "ratio_named_entities_per_verb": 1.0,
                "total_token_ratio_named_entities": 0.1891891891891892,
                "max_size_named_entities": 6,
                "max_size_np_pp_modifiers": 6,
                "max_size_subordination": 4,
                "words_before_verb": 2,
                "words_after_verb": 6
            }
        },
        "1": {
            "words": {
                "0": {
                    "text": "Inscriptions",
                    "id": 1,
                    "lemma": "inscription",
                    "word_length": 12,
                    "word_syllables": 3,
                    "ortho_neighbors": 46,
                    "ortho_neighbors_+freq_cum": 31848.880000000005,
                    "age_of_acquisition": -1,
                    "familiarity": -1,
                    "lexical_frequency": 19209.05,
                    "complexity": "na",
                    "hapax_legomena_lemma": 0,
                    "concrete": false,
                    "sophisticated": true,
                    "passive": "O",
                    "coordination": {},
                    "clitic_type": false,
                    "aux_verbs": "O",
                    "named_entities": "O",
                    "subordination": [],
                    "np_pp_modifiers": {
                        "ids": [
                            4,
                            2,
                            6,
                            5,
                            8,
                            7,
                            9
                        ],
                        "texts": [
                            "bureau",
                            "\u00e0",
                            "C\u00e9line",
                            "de",
                            "vendredi",
                            "avant",
                            "18h"
                        ]
                    }
                },
                "1": {
                    "text": "\u00e0",
                    "id": 2,
                    "lemma": "\u00e0",
                    "word_length": 1,
                    "word_syllables": 1,
                    "ortho_neighbors": "na",
                    "ortho_neighbors_+freq_cum": "na",
                    "age_of_acquisition": 4.07230255839822,
                    "familiarity": 6.92857142857143,
                    "lexical_frequency": 18310.95,
                    "complexity": 1,
                    "hapax_legomena_lemma": 0,
                    "concrete": true,
                    "sophisticated": false,
                    "passive": "O",
                    "coordination": {},
                    "clitic_type": false,
                    "aux_verbs": "O",
                    "named_entities": "O",
                    "subordination": [],
                    "np_pp_modifiers": {
                        "ids": [],
                        "texts": []
                    }
                },
                "2": {
                    "text": "le",
                    "id": 3,
                    "lemma": "le",
                    "word_length": 2,
                    "word_syllables": 1,
                    "ortho_neighbors": 0,
                    "ortho_neighbors_+freq_cum": "na",
                    "age_of_acquisition": -1,
                    "familiarity": -1,
                    "lexical_frequency": 1e-10,
                    "complexity": "na",
                    "hapax_legomena_lemma": 1,
                    "concrete": false,
                    "sophisticated": false,
                    "passive": "O",
                    "coordination": {},
                    "clitic_type": false,
                    "aux_verbs": "O",
                    "named_entities": "O",
                    "subordination": [],
                    "np_pp_modifiers": {
                        "ids": [],
                        "texts": []
                    }
                },
                "3": {
                    "text": "bureau",
                    "id": 4,
                    "lemma": "bureau",
                    "word_length": 6,
                    "word_syllables": 2,
                    "ortho_neighbors": 19,
                    "ortho_neighbors_+freq_cum": 61689.729999999996,
                    "age_of_acquisition": 4.81646273637375,
                    "familiarity": 6.89285714285714,
                    "lexical_frequency": 38928.92,
                    "complexity": "na",
                    "hapax_legomena_lemma": 0,
                    "concrete": true,
                    "sophisticated": false,
                    "passive": "O",
                    "coordination": {},
                    "clitic_type": false,
                    "aux_verbs": "O",
                    "named_entities": "O",
                    "subordination": [],
                    "np_pp_modifiers": {
                        "ids": [
                            2,
                            6,
                            5
                        ],
                        "texts": [
                            "\u00e0",
                            "C\u00e9line",
                            "de"
                        ]
                    }
                },
                "4": {
                    "text": "de",
                    "id": 5,
                    "lemma": "de",
                    "word_length": 2,
                    "word_syllables": 1,
                    "ortho_neighbors": 9,
                    "ortho_neighbors_+freq_cum": 1502.54,
                    "age_of_acquisition": 6.02780867630701,
                    "familiarity": 6.64285714285714,
                    "lexical_frequency": 3171.35,
                    "complexity": 2,
                    "hapax_legomena_lemma": 0,
                    "concrete": true,
                    "sophisticated": false,
                    "passive": "O",
                    "coordination": {},
                    "clitic_type": false,
                    "aux_verbs": "O",
                    "named_entities": "O",
                    "subordination": [],
                    "np_pp_modifiers": {
                        "ids": [],
                        "texts": []
                    }
                },
                "5": {
                    "text": "C\u00e9line",
                    "id": 6,
                    "lemma": "C\u00e9line",
                    "word_length": 6,
                    "word_syllables": 0,
                    "ortho_neighbors": 15,
                    "ortho_neighbors_+freq_cum": 86631.11,
                    "age_of_acquisition": 4.07230255839822,
                    "familiarity": 6.92857142857143,
                    "lexical_frequency": 18310.95,
                    "complexity": 1,
                    "hapax_legomena_lemma": 0,
                    "concrete": true,
                    "sophisticated": false,
                    "passive": "O",
                    "coordination": {},
                    "clitic_type": false,
                    "aux_verbs": "O",
                    "named_entities": "B",
                    "named_entities_person": true,
                    "subordination": [],
                    "np_pp_modifiers": {
                        "ids": [
                            5
                        ],
                        "texts": [
                            "de"
                        ]
                    }
                },
                "6": {
                    "text": "avant",
                    "id": 7,
                    "lemma": "avant",
                    "word_length": 5,
                    "word_syllables": 2,
                    "ortho_neighbors": 1,
                    "ortho_neighbors_+freq_cum": 73.32,
                    "age_of_acquisition": -1,
                    "familiarity": -1,
                    "lexical_frequency": 1e-10,
                    "complexity": 4,
                    "hapax_legomena_lemma": 0,
                    "concrete": false,
                    "sophisticated": true,
                    "passive": "O",
                    "coordination": {},
                    "clitic_type": false,
                    "aux_verbs": "O",
                    "named_entities": "O",
                    "subordination": [],
                    "np_pp_modifiers": {
                        "ids": [],
                        "texts": []
                    }
                },
                "7": {
                    "text": "vendredi",
                    "id": 8,
                    "lemma": "vendredi",
                    "word_length": 8,
                    "word_syllables": 3,
                    "ortho_neighbors": 5,
                    "ortho_neighbors_+freq_cum": 9.03,
                    "age_of_acquisition": -1,
                    "familiarity": 5.74,
                    "lexical_frequency": 16.28,
                    "complexity": 1,
                    "hapax_legomena_lemma": 1,
                    "concrete": false,
                    "sophisticated": false,
                    "passive": "O",
                    "coordination": {},
                    "clitic_type": false,
                    "aux_verbs": "O",
                    "named_entities": "O",
                    "subordination": [],
                    "np_pp_modifiers": {
                        "ids": [
                            7,
                            9
                        ],
                        "texts": [
                            "avant",
                            "18h"
                        ]
                    }
                },
                "8": {
                    "text": "18h",
                    "id": 9,
                    "lemma": "18h",
                    "word_length": 3,
                    "word_syllables": 0,
                    "ortho_neighbors": "na",
                    "ortho_neighbors_+freq_cum": "na",
                    "age_of_acquisition": -1,
                    "familiarity": -1,
                    "lexical_frequency": 1e-10,
                    "complexity": "na",
                    "hapax_legomena_lemma": 1,
                    "concrete": false,
                    "sophisticated": true,
                    "passive": "O",
                    "coordination": {},
                    "clitic_type": false,
                    "aux_verbs": "O",
                    "named_entities": "O",
                    "subordination": [],
                    "np_pp_modifiers": {
                        "ids": [],
                        "texts": []
                    }
                },
                "9": {
                    "text": ".",
                    "id": 10,
                    "lemma": ".",
                    "word_length": 1,
                    "word_syllables": 0,
                    "ortho_neighbors": "na",
                    "ortho_neighbors_+freq_cum": "na",
                    "age_of_acquisition": -1,
                    "familiarity": -1,
                    "lexical_frequency": 1e-10,
                    "complexity": "na",
                    "hapax_legomena_lemma": 0,
                    "concrete": false,
                    "sophisticated": true,
                    "passive": "O",
                    "coordination": {},
                    "clitic_type": false,
                    "aux_verbs": "O",
                    "named_entities": "O",
                    "subordination": [],
                    "np_pp_modifiers": {
                        "ids": [],
                        "texts": []
                    }
                }
            },
            "features": {
                "parse_depth": 4,
                "sentence_length": 10,
                "ratio_passive_per_token": 0.0,
                "ratio_passive_per_verb": 0,
                "total_token_ratio_passive": 0.0,
                "max_size_passive": 0,
                "ratio_heads_per_token": 0,
                "max_nb_heads": 0,
                "max_dist_head_to_coord": 0,
                "ratio_coordination_per_token": 0.0,
                "total_token_ratio_coordination": 0.0,
                "max_size_coordination": 0,
                "ratio_aux_verbs_per_token": 0.0,
                "ratio_aux_verbs_per_verb": 0,
                "total_token_ratio_aux_verbs": 0.0,
                "max_size_aux_verbs": 0,
                "ratio_named_entities_per_token": 0.1,
                "ratio_named_entities_per_verb": 0,
                "total_token_ratio_named_entities": 0.1,
                "max_size_named_entities": 1,
                "max_size_np_pp_modifiers": 7,
                "max_size_subordination": 0,
                "words_before_verb": 0,
                "words_after_verb": 3
            }
        },
        "2": {
            "words": {
                "0": {
                    "text": "Merci",
                    "id": 1,
                    "lemma": "merci",
                    "word_length": 5,
                    "word_syllables": 2,
                    "ortho_neighbors": 46,
                    "ortho_neighbors_+freq_cum": 31848.880000000005,
                    "age_of_acquisition": -1,
                    "familiarity": -1,
                    "lexical_frequency": 19209.05,
                    "complexity": "na",
                    "hapax_legomena_lemma": 0,
                    "concrete": false,
                    "sophisticated": true,
                    "passive": "O",
                    "coordination": {},
                    "clitic_type": false,
                    "aux_verbs": "O",
                    "named_entities": "O",
                    "subordination": [],
                    "np_pp_modifiers": {
                        "ids": [],
                        "texts": []
                    }
                },
                "1": {
                    "text": "de",
                    "id": 2,
                    "lemma": "de",
                    "word_length": 2,
                    "word_syllables": 1,
                    "ortho_neighbors": "na",
                    "ortho_neighbors_+freq_cum": "na",
                    "age_of_acquisition": 4.07230255839822,
                    "familiarity": 6.92857142857143,
                    "lexical_frequency": 18310.95,
                    "complexity": 1,
                    "hapax_legomena_lemma": 0,
                    "concrete": true,
                    "sophisticated": false,
                    "passive": "O",
                    "coordination": {},
                    "clitic_type": false,
                    "aux_verbs": "O",
                    "named_entities": "O",
                    "subordination": [],
                    "np_pp_modifiers": {
                        "ids": [],
                        "texts": []
                    }
                },
                "2": {
                    "text": "votre",
                    "id": 3,
                    "lemma": "son",
                    "word_length": 5,
                    "word_syllables": 1,
                    "ortho_neighbors": 0,
                    "ortho_neighbors_+freq_cum": "na",
                    "age_of_acquisition": -1,
                    "familiarity": -1,
                    "lexical_frequency": 1e-10,
                    "complexity": "na",
                    "hapax_legomena_lemma": 1,
                    "concrete": false,
                    "sophisticated": false,
                    "passive": "O",
                    "coordination": {},
                    "clitic_type": false,
                    "aux_verbs": "O",
                    "named_entities": "O",
                    "subordination": [],
                    "np_pp_modifiers": {
                        "ids": [],
                        "texts": []
                    }
                },
                "3": {
                    "text": "participation",
                    "id": 4,
                    "lemma": "participation",
                    "word_length": 13,
                    "word_syllables": 5,
                    "ortho_neighbors": 19,
                    "ortho_neighbors_+freq_cum": 61689.729999999996,
                    "age_of_acquisition": 4.81646273637375,
                    "familiarity": 6.89285714285714,
                    "lexical_frequency": 38928.92,
                    "complexity": "na",
                    "hapax_legomena_lemma": 0,
                    "concrete": true,
                    "sophisticated": false,
                    "passive": "O",
                    "coordination": {},
                    "clitic_type": false,
                    "aux_verbs": "O",
                    "named_entities": "O",
                    "subordination": [],
                    "np_pp_modifiers": {
                        "ids": [
                            2
                        ],
                        "texts": [
                            "de"
                        ]
                    }
                },
                "4": {
                    "text": ".",
                    "id": 5,
                    "lemma": ".",
                    "word_length": 1,
                    "word_syllables": 0,
                    "ortho_neighbors": 9,
                    "ortho_neighbors_+freq_cum": 1502.54,
                    "age_of_acquisition": 6.02780867630701,
                    "familiarity": 6.64285714285714,
                    "lexical_frequency": 3171.35,
                    "complexity": 2,
                    "hapax_legomena_lemma": 0,
                    "concrete": true,
                    "sophisticated": false,
                    "passive": "O",
                    "coordination": {},
                    "clitic_type": false,
                    "aux_verbs": "O",
                    "named_entities": "O",
                    "subordination": [],
                    "np_pp_modifiers": {
                        "ids": [],
                        "texts": []
                    }
                }
            },
            "features": {
                "parse_depth": 3,
                "sentence_length": 5,
                "ratio_passive_per_token": 0.0,
                "ratio_passive_per_verb": 0,
                "total_token_ratio_passive": 0.0,
                "max_size_passive": 0,
                "ratio_heads_per_token": 0,
                "max_nb_heads": 0,
                "max_dist_head_to_coord": 0,
                "ratio_coordination_per_token": 0.0,
                "total_token_ratio_coordination": 0.0,
                "max_size_coordination": 0,
                "ratio_aux_verbs_per_token": 0.0,
                "ratio_aux_verbs_per_verb": 0,
                "total_token_ratio_aux_verbs": 0.0,
                "max_size_aux_verbs": 0,
                "ratio_named_entities_per_token": 0.0,
                "ratio_named_entities_per_verb": 0,
                "total_token_ratio_named_entities": 0.0,
                "max_size_named_entities": 0,
                "max_size_np_pp_modifiers": 1,
                "max_size_subordination": 0,
                "words_before_verb": 0,
                "words_after_verb": 2
            }
        },
        "3": {
            "words": {
                "0": {
                    "text": "La",
                    "id": 1,
                    "lemma": "le",
                    "word_length": 2,
                    "word_syllables": 1,
                    "ortho_neighbors": 46,
                    "ortho_neighbors_+freq_cum": 31848.880000000005,
                    "age_of_acquisition": -1,
                    "familiarity": -1,
                    "lexical_frequency": 19209.05,
                    "complexity": "na",
                    "hapax_legomena_lemma": 0,
                    "concrete": false,
                    "sophisticated": true,
                    "passive": "O",
                    "coordination": {},
                    "clitic_type": false,
                    "aux_verbs": "O",
                    "named_entities": "O",
                    "subordination": [],
                    "np_pp_modifiers": {
                        "ids": [],
                        "texts": []
                    }
                },
                "1": {
                    "text": "direction",
                    "id": 2,
                    "lemma": "direction",
                    "word_length": 9,
                    "word_syllables": 3,
                    "ortho_neighbors": "na",
                    "ortho_neighbors_+freq_cum": "na",
                    "age_of_acquisition": 4.07230255839822,
                    "familiarity": 6.92857142857143,
                    "lexical_frequency": 18310.95,
                    "complexity": 1,
                    "hapax_legomena_lemma": 0,
                    "concrete": true,
                    "sophisticated": false,
                    "passive": "O",
                    "coordination": {},
                    "clitic_type": false,
                    "aux_verbs": "O",
                    "named_entities": "O",
                    "subordination": [],
                    "np_pp_modifiers": {
                        "ids": [],
                        "texts": []
                    }
                }
            },
            "features": {
                "parse_depth": 2,
                "sentence_length": 2,
                "ratio_passive_per_token": 0.0,
                "ratio_passive_per_verb": 0,
                "total_token_ratio_passive": 0.0,
                "max_size_passive": 0,
                "ratio_heads_per_token": 0,
                "max_nb_heads": 0,
                "max_dist_head_to_coord": 0,
                "ratio_coordination_per_token": 0.0,
                "total_token_ratio_coordination": 0.0,
                "max_size_coordination": 0,
                "ratio_aux_verbs_per_token": 0.0,
                "ratio_aux_verbs_per_verb": 0,
                "total_token_ratio_aux_verbs": 0.0,
                "max_size_aux_verbs": 0,
                "ratio_named_entities_per_token": 0.0,
                "ratio_named_entities_per_verb": 0,
                "total_token_ratio_named_entities": 0.0,
                "max_size_named_entities": 0,
                "max_size_np_pp_modifiers": 0,
                "max_size_subordination": 0,
                "words_before_verb": 1,
                "words_after_verb": 0
            }
        }
    }
}