{
    "features": {
        "word_count": 20,
        "sentence_count": 3,
        "document_length": 24,
        "sophisticated_ratio": 0.5,
        "concrete_ratio": 0.375,
        "lexical_diversity": 1.0,
        "hapax_legomena_lemma_ratio": 0.7916666666666666,
        "ratio_passive_per_token": 0.0,
        "ratio_passive_per_verb": 0.0,
        "total_token_ratio_passive": 0.0,
        "max_size_passive": 0,
        "ratio_coordination_per_token": 0.0,
        "total_token_ratio_coordination": 0.0,
        "max_size_coordination": 0,
        "ratio_clitic_per_token": 0.125,
        "ratio_pre_clitic_pronouns_per_token": 0.041666666666666664,
        "ratio_post_clitic_pronouns_per_token": 0.08333333333333333,
        "ratio_aux_verbs_per_token": 0.041666666666666664,
        "ratio_aux_verbs_per_verb": 0.25,
        "total_token_ratio_aux_verbs": 0.08333333333333333,
        "max_size_aux_verbs": 1,
        "ratio_named_entities_per_token": 0.08333333333333333,
        "ratio_named_entities_per_verb": 0.5,
        "total_token_ratio_named_entities": 0.20833333333333334,
        "max_size_named_entities": 1,
        "ratio_subordination_per_token": 0.125,
        "ratio_subordination_per_verb": 0.75,
        "total_token_ratio_subordination": 0.5416666666666666,
        "max_size_subordination": 8,
        "max_size_np_pp_modifiers": 2
    },
    "sentences": {
        "0": {
            "words": {
                "0": {
                    "text": "Salut",
                    "id": 1,
                    "lemma": "salut",
                    "word_length": 5,
                    "word_syllables": 2,
                    "ortho_neighbors": 5,
                    "ortho_neighbors_+freq_cum": 19.44,
                    "age_of_acquisition": -1,
                    "familiarity": 5.95,
                    "lexical_frequency": 6.55,
                    "complexity": "na",
                    "hapax_legomena_lemma": 1,
                    "concrete": false,
                    "sophisticated": false,
                    "passive": "O",
                    "coordination": {},
                    "clitic_type": false,
                    "aux_verbs": "O",
                    "named_entities": "O",
                    "subordination": [],
                    "np_pp_modifiers": {
                        "ids": [],
                        "texts": []
                    }
                },
                "1": {
                    "text": ",",
                    "id": 2,
                    "lemma": ",",
                    "word_length": 1,
                    "word_syllables": 0,
                    "ortho_neighbors": "na",
                    "ortho_neighbors_+freq_cum": "na",
                    "age_of_acquisition": -1,
                    "familiarity": -1,
                    "lexical_frequency": 1e-10,
                    "complexity": "na",
                    "hapax_legomena_lemma": "na",
                    "concrete": false,
                    "sophisticated": true,
                    "passive": "O",
                    "coordination": {},
                    "clitic_type": false,
                    "aux_verbs": "O",
                    "named_entities": "O",
                    "subordination": [],
                    "np_pp_modifiers": {
                        "ids": [],
                        "texts": []
                    }
                },
                "2": {
                    "text": "Comment",
                    "id": 3,
                    "lemma": "comment",
                    "word_length": 7,
                    "word_syllables": 2,
                    "ortho_neighbors": 3,
                    "ortho_neighbors_+freq_cum": 1.9900000000000002,
                    "age_of_acquisition": -1,
                    "familiarity": -1,
                    "lexical_frequency": 164.93,
                    "complexity": "na",
                    "hapax_legomena_lemma": 1,
                    "concrete": false,
                    "sophisticated": false,
                    "passive": "O",
                    "coordination": {},
                    "clitic_type": false,
                    "aux_verbs": "O",
                    "named_entities": "B",
                    "subordination": [
                        "B0"
                    ],
                    "np_pp_modifiers": {
                        "ids": [],
                        "texts": []
                    }
                },
                "3": {
                    "text": "\u00e7a",
                    "id": 4,
                    "lemma": "\u00e7a",
                    "word_length": 2,
                    "word_syllables": 1,
                    "ortho_neighbors": 14,
                    "ortho_neighbors_+freq_cum": 28036.029999999995,
                    "age_of_acquisition": 4.67741935483871,
                    "familiarity": 6.75,
                    "lexical_frequency": 2477.64,
                    "complexity": 1,
                    "hapax_legomena_lemma": 1,
                    "concrete": true,
                    "sophisticated": false,
                    "passive": "O",
                    "coordination": {},
                    "clitic_type": false,
                    "aux_verbs": "O",
                    "named_entities": "I",
                    "subordination": [
                        "I0"
                    ],
                    "np_pp_modifiers": {
                        "ids": [],
                        "texts": []
                    }
                },
                "4": {
                    "text": "va",
                    "id": 5,
                    "lemma": "aller",
                    "word_length": 2,
                    "word_syllables": 1,
                    "ortho_neighbors": 14,
                    "ortho_neighbors_+freq_cum": 29103.899999999994,
                    "age_of_acquisition": -1,
                    "familiarity": -1,
                    "lexical_frequency": 2854.93,
                    "complexity": 1,
                    "hapax_legomena_lemma": 1,
                    "concrete": false,
                    "sophisticated": true,
                    "passive": "O",
                    "coordination": {},
                    "clitic_type": false,
                    "aux_verbs": "O",
                    "named_entities": "I",
                    "subordination": [
                        "I0"
                    ],
                    "np_pp_modifiers": {
                        "ids": [],
                        "texts": []
                    }
                },
                "5": {
                    "text": "?",
                    "id": 6,
                    "lemma": "?",
                    "word_length": 1,
                    "word_syllables": 0,
                    "ortho_neighbors": "na",
                    "ortho_neighbors_+freq_cum": "na",
                    "age_of_acquisition": -1,
                    "familiarity": -1,
                    "lexical_frequency": 1e-10,
                    "complexity": "na",
                    "hapax_legomena_lemma": "na",
                    "concrete": false,
                    "sophisticated": true,
                    "passive": "O",
                    "coordination": {},
                    "clitic_type": false,
                    "aux_verbs": "O",
                    "named_entities": "I",
                    "subordination": [],
                    "np_pp_modifiers": {
                        "ids": [],
                        "texts": []
                    }
                }
            },
            "features": {
                "parse_depth": 2,
                "sentence_length": 6,
                "ratio_passive_per_token": 0.0,
                "ratio_passive_per_verb": 0.0,
                "total_token_ratio_passive": 0.0,
                "max_size_passive": 0,
                "ratio_heads_per_token": 0,
                "max_nb_heads": 0,
                "max_dist_head_to_coord": 0,
                "ratio_coordination_per_token": 0.0,
                "total_token_ratio_coordination": 0.0,
                "max_size_coordination": 0,
                "ratio_aux_verbs_per_token": 0.0,
                "ratio_aux_verbs_per_verb": 0.0,
                "total_token_ratio_aux_verbs": 0.0,
                "max_size_aux_verbs": 0,
                "ratio_named_entities_per_token": 0.16666666666666666,
                "ratio_named_entities_per_verb": 1.0,
                "total_token_ratio_named_entities": 0.6666666666666666,
                "max_size_named_entities": 0,
                "max_size_np_pp_modifiers": 0,
                "max_size_subordination": 3,
                "words_before_verb": 3,
                "words_after_verb": 1
            }
        },
        "1": {
            "words": {
                "0": {
                    "text": "Dis",
                    "id": 1,
                    "lemma": "dire",
                    "word_length": 3,
                    "word_syllables": 1,
                    "ortho_neighbors": 5,
                    "ortho_neighbors_+freq_cum": 19.44,
                    "age_of_acquisition": -1,
                    "familiarity": 5.95,
                    "lexical_frequency": 6.55,
                    "complexity": "na",
                    "hapax_legomena_lemma": 1,
                    "concrete": false,
                    "sophisticated": false,
                    "passive": "O",
                    "coordination": {},
                    "clitic_type": false,
                    "aux_verbs": "O",
                    "named_entities": "O",
                    "subordination": [
                        "B0"
                    ],
                    "np_pp_modifiers": {
                        "ids": [],
                        "texts": []
                    }
                },
                "1": {
                    "text": "-moi",
                    "id": 2,
                    "lemma": "lui",
                    "word_length": 4,
                    "word_syllables": 0,
                    "ortho_neighbors": "na",
                    "ortho_neighbors_+freq_cum": "na",
                    "age_of_acquisition": -1,
                    "familiarity": -1,
                    "lexical_frequency": 1e-10,
                    "complexity": "na",
                    "hapax_legomena_lemma": "na",
                    "concrete": false,
                    "sophisticated": true,
                    "passive": "O",
                    "coordination": {},
                    "clitic_type": "preclitic",
                    "aux_verbs": "O",
                    "named_entities": "O",
                    "subordination": [
                        "I0"
                    ],
                    "np_pp_modifiers": {
                        "ids": [],
                        "texts": []
                    }
                },
                "2": {
                    "text": "est",
                    "id": 3,
                    "lemma": "\u00eatre",
                    "word_length": 3,
                    "word_syllables": 1,
                    "ortho_neighbors": 3,
                    "ortho_neighbors_+freq_cum": 1.9900000000000002,
                    "age_of_acquisition": -1,
                    "familiarity": -1,
                    "lexical_frequency": 164.93,
                    "complexity": "na",
                    "hapax_legomena_lemma": 1,
                    "concrete": false,
                    "sophisticated": false,
                    "passive": "O",
                    "coordination": {},
                    "clitic_type": false,
                    "aux_verbs": "O",
                    "named_entities": "O",
                    "subordination": [],
                    "np_pp_modifiers": {
                        "ids": [],
                        "texts": []
                    }
                },
                "3": {
                    "text": "-ce",
                    "id": 4,
                    "lemma": "ce",
                    "word_length": 3,
                    "word_syllables": 0,
                    "ortho_neighbors": 14,
                    "ortho_neighbors_+freq_cum": 28036.029999999995,
                    "age_of_acquisition": 4.67741935483871,
                    "familiarity": 6.75,
                    "lexical_frequency": 2477.64,
                    "complexity": 1,
                    "hapax_legomena_lemma": 1,
                    "concrete": true,
                    "sophisticated": false,
                    "passive": "O",
                    "coordination": {},
                    "clitic_type": false,
                    "aux_verbs": "O",
                    "named_entities": "O",
                    "subordination": [],
                    "np_pp_modifiers": {
                        "ids": [],
                        "texts": []
                    }
                },
                "4": {
                    "text": "que",
                    "id": 5,
                    "lemma": "que",
                    "word_length": 3,
                    "word_syllables": 1,
                    "ortho_neighbors": 14,
                    "ortho_neighbors_+freq_cum": 29103.899999999994,
                    "age_of_acquisition": -1,
                    "familiarity": -1,
                    "lexical_frequency": 2854.93,
                    "complexity": 1,
                    "hapax_legomena_lemma": 1,
                    "concrete": false,
                    "sophisticated": true,
                    "passive": "O",
                    "coordination": {},
                    "clitic_type": false,
                    "aux_verbs": "O",
                    "named_entities": "O",
                    "subordination": [
                        "B1"
                    ],
                    "np_pp_modifiers": {
                        "ids": [],
                        "texts": []
                    }
                },
                "5": {
                    "text": "tu",
                    "id": 6,
                    "lemma": "il",
                    "word_length": 2,
                    "word_syllables": 1,
                    "ortho_neighbors": "na",
                    "ortho_neighbors_+freq_cum": "na",
                    "age_of_acquisition": -1,
                    "familiarity": -1,
                    "lexical_frequency": 1e-10,
                    "complexity": "na",
                    "hapax_legomena_lemma": "na",
                    "concrete": false,
                    "sophisticated": true,
                    "passive": "O",
                    "coordination": {},
                    "clitic_type": "postclitic",
                    "aux_verbs": "O",
                    "named_entities": "O",
                    "subordination": [
                        "I1"
                    ],
                    "np_pp_modifiers": {
                        "ids": [],
                        "texts": []
                    }
                },
                "6": {
                    "text": "peux",
                    "id": 7,
                    "lemma": "pouvoir",
                    "word_length": 4,
                    "word_syllables": 1,
                    "ortho_neighbors": 22,
                    "ortho_neighbors_+freq_cum": 14782.770000000002,
                    "age_of_acquisition": 4.66309523809524,
                    "familiarity": 6.32142857142857,
                    "lexical_frequency": 4832.5,
                    "complexity": 1,
                    "hapax_legomena_lemma": 1,
                    "concrete": true,
                    "sophisticated": true,
                    "passive": "O",
                    "coordination": {},
                    "clitic_type": false,
                    "aux_verbs": "B",
                    "named_entities": "O",
                    "subordination": [
                        "I1"
                    ],
                    "np_pp_modifiers": {
                        "ids": [],
                        "texts": []
                    }
                },
                "7": {
                    "text": "me",
                    "id": 8,
                    "lemma": "se",
                    "word_length": 2,
                    "word_syllables": 1,
                    "ortho_neighbors": "na",
                    "ortho_neighbors_+freq_cum": "na",
                    "age_of_acquisition": 5.31479421579533,
                    "familiarity": 6.64285714285714,
                    "lexical_frequency": 4225.14,
                    "complexity": 4,
                    "hapax_legomena_lemma": 1,
                    "concrete": true,
                    "sophisticated": true,
                    "passive": "O",
                    "coordination": {},
                    "clitic_type": "postclitic",
                    "aux_verbs": "O",
                    "named_entities": "O",
                    "subordination": [
                        "I1"
                    ],
                    "np_pp_modifiers": {
                        "ids": [],
                        "texts": []
                    }
                },
                "8": {
                    "text": "remplacer",
                    "id": 9,
                    "lemma": "remplacer",
                    "word_length": 9,
                    "word_syllables": 3,
                    "ortho_neighbors": 4,
                    "ortho_neighbors_+freq_cum": 330.07,
                    "age_of_acquisition": 5.78420467185762,
                    "familiarity": 6.46428571428571,
                    "lexical_frequency": 6501.82,
                    "complexity": "na",
                    "hapax_legomena_lemma": 1,
                    "concrete": true,
                    "sophisticated": false,
                    "passive": "O",
                    "coordination": {},
                    "clitic_type": false,
                    "aux_verbs": "I",
                    "named_entities": "O",
                    "subordination": [
                        "I1"
                    ],
                    "np_pp_modifiers": {
                        "ids": [],
                        "texts": []
                    }
                },
                "9": {
                    "text": "mardi",
                    "id": 10,
                    "lemma": "mardi",
                    "word_length": 5,
                    "word_syllables": 2,
                    "ortho_neighbors": "na",
                    "ortho_neighbors_+freq_cum": "na",
                    "age_of_acquisition": 5.10789766407119,
                    "familiarity": 6.71428571428571,
                    "lexical_frequency": 2958.58,
                    "complexity": 1,
                    "hapax_legomena_lemma": 1,
                    "concrete": true,
                    "sophisticated": true,
                    "passive": "O",
                    "coordination": {},
                    "clitic_type": false,
                    "aux_verbs": "O",
                    "named_entities": "O",
                    "subordination": [
                        "I1"
                    ],
                    "np_pp_modifiers": {
                        "ids": [
                            11,
                            12
                        ],
                        "texts": [
                            "prochain",
                            "STP"
                        ]
                    }
                },
                "10": {
                    "text": "prochain",
                    "id": 11,
                    "lemma": "prochain",
                    "word_length": 8,
                    "word_syllables": 2,
                    "ortho_neighbors": 14,
                    "ortho_neighbors_+freq_cum": 14079.82,
                    "age_of_acquisition": 5.7119021134594,
                    "familiarity": 7.0,
                    "lexical_frequency": 1e-10,
                    "complexity": "na",
                    "hapax_legomena_lemma": 1,
                    "concrete": true,
                    "sophisticated": false,
                    "passive": "O",
                    "coordination": {},
                    "clitic_type": false,
                    "aux_verbs": "O",
                    "named_entities": "O",
                    "subordination": [
                        "I1"
                    ],
                    "np_pp_modifiers": {
                        "ids": [],
                        "texts": []
                    }
                },
                "11": {
                    "text": "STP",
                    "id": 12,
                    "lemma": "STP",
                    "word_length": 3,
                    "word_syllables": 0,
                    "ortho_neighbors": 20,
                    "ortho_neighbors_+freq_cum": 17120.81,
                    "age_of_acquisition": 4.35483870967742,
                    "familiarity": 6.92857142857143,
                    "lexical_frequency": 15832.09,
                    "complexity": 1,
                    "hapax_legomena_lemma": 1,
                    "concrete": true,
                    "sophisticated": false,
                    "passive": "O",
                    "coordination": {},
                    "clitic_type": false,
                    "aux_verbs": "O",
                    "named_entities": "B",
                    "subordination": [
                        "I1"
                    ],
                    "np_pp_modifiers": {
                        "ids": [],
                        "texts": []
                    }
                },
                "12": {
                    "text": "?",
                    "id": 13,
                    "lemma": "?",
                    "word_length": 1,
                    "word_syllables": 0,
                    "ortho_neighbors": 12,
                    "ortho_neighbors_+freq_cum": 4379.75,
                    "age_of_acquisition": -1,
                    "familiarity": 5.25,
                    "lexical_frequency": 2659.8,
                    "complexity": "na",
                    "hapax_legomena_lemma": 1,
                    "concrete": false,
                    "sophisticated": true,
                    "passive": "O",
                    "coordination": {},
                    "clitic_type": false,
                    "aux_verbs": "O",
                    "named_entities": "O",
                    "subordination": [],
                    "np_pp_modifiers": {
                        "ids": [],
                        "texts": []
                    }
                }
            },
            "features": {
                "parse_depth": 6,
                "sentence_length": 13,
                "ratio_passive_per_token": 0.0,
                "ratio_passive_per_verb": 0.0,
                "total_token_ratio_passive": 0.0,
                "max_size_passive": 0,
                "ratio_heads_per_token": 0,
                "max_nb_heads": 0,
                "max_dist_head_to_coord": 0,
                "ratio_coordination_per_token": 0.0,
                "total_token_ratio_coordination": 0.0,
                "max_size_coordination": 0,
                "ratio_aux_verbs_per_token": 0.07692307692307693,
                "ratio_aux_verbs_per_verb": 0.3333333333333333,
                "total_token_ratio_aux_verbs": 0.15384615384615385,
                "max_size_aux_verbs": 1,
                "ratio_named_entities_per_token": 0.07692307692307693,
                "ratio_named_entities_per_verb": 0.3333333333333333,
                "total_token_ratio_named_entities": 0.07692307692307693,
                "max_size_named_entities": 1,
                "max_size_np_pp_modifiers": 2,
                "max_size_subordination": 8,
                "words_before_verb": 0,
                "words_after_verb": 4
            }
        },
        "2": {
            "words": {
                "0": {
                    "text": "Merci",
                    "id": 1,
                    "lemma": "merci",
                    "word_length": 5,
                    "word_syllables": 2,
                    "ortho_neighbors": 5,
                    "ortho_neighbors_+freq_cum": 19.44,
                    "age_of_acquisition": -1,
                    "familiarity": 5.95,
                    "lexical_frequency": 6.55,
                    "complexity": "na",
                    "hapax_legomena_lemma": 1,
                    "concrete": false,
                    "sophisticated": false,
                    "passive": "O",
                    "coordination": {},
                    "clitic_type": false,
                    "aux_verbs": "O",
                    "named_entities": "O",
                    "subordination": [],
                    "np_pp_modifiers": {
                        "ids": [],
                        "texts": []
                    }
                },
                "1": {
                    "text": "de",
                    "id": 2,
                    "lemma": "de",
                    "word_length": 2,
                    "word_syllables": 1,
                    "ortho_neighbors": "na",
                    "ortho_neighbors_+freq_cum": "na",
                    "age_of_acquisition": -1,
                    "familiarity": -1,
                    "lexical_frequency": 1e-10,
                    "complexity": "na",
                    "hapax_legomena_lemma": "na",
                    "concrete": false,
                    "sophisticated": true,
                    "passive": "O",
                    "coordination": {},
                    "clitic_type": false,
                    "aux_verbs": "O",
                    "named_entities": "O",
                    "subordination": [],
                    "np_pp_modifiers": {
                        "ids": [],
                        "texts": []
                    }
                },
                "2": {
                    "text": "ta",
                    "id": 3,
                    "lemma": "ta",
                    "word_length": 2,
                    "word_syllables": 1,
                    "ortho_neighbors": 3,
                    "ortho_neighbors_+freq_cum": 1.9900000000000002,
                    "age_of_acquisition": -1,
                    "familiarity": -1,
                    "lexical_frequency": 164.93,
                    "complexity": "na",
                    "hapax_legomena_lemma": 1,
                    "concrete": false,
                    "sophisticated": false,
                    "passive": "O",
                    "coordination": {},
                    "clitic_type": false,
                    "aux_verbs": "O",
                    "named_entities": "O",
                    "subordination": [],
                    "np_pp_modifiers": {
                        "ids": [],
                        "texts": []
                    }
                },
                "3": {
                    "text": "r\u00e9ponse",
                    "id": 4,
                    "lemma": "r\u00e9ponse",
                    "word_length": 7,
                    "word_syllables": 2,
                    "ortho_neighbors": 14,
                    "ortho_neighbors_+freq_cum": 28036.029999999995,
                    "age_of_acquisition": 4.67741935483871,
                    "familiarity": 6.75,
                    "lexical_frequency": 2477.64,
                    "complexity": 1,
                    "hapax_legomena_lemma": 1,
                    "concrete": true,
                    "sophisticated": false,
                    "passive": "O",
                    "coordination": {},
                    "clitic_type": false,
                    "aux_verbs": "O",
                    "named_entities": "O",
                    "subordination": [],
                    "np_pp_modifiers": {
                        "ids": [
                            2
                        ],
                        "texts": [
                            "de"
                        ]
                    }
                },
                "4": {
                    "text": ".",
                    "id": 5,
                    "lemma": ".",
                    "word_length": 1,
                    "word_syllables": 0,
                    "ortho_neighbors": 14,
                    "ortho_neighbors_+freq_cum": 29103.899999999994,
                    "age_of_acquisition": -1,
                    "familiarity": -1,
                    "lexical_frequency": 2854.93,
                    "complexity": 1,
                    "hapax_legomena_lemma": 1,
                    "concrete": false,
                    "sophisticated": true,
                    "passive": "O",
                    "coordination": {},
                    "clitic_type": false,
                    "aux_verbs": "O",
                    "named_entities": "O",
                    "subordination": [],
                    "np_pp_modifiers": {
                        "ids": [],
                        "texts": []
                    }
                }
            },
            "features": {
                "parse_depth": 3,
                "sentence_length": 5,
                "ratio_passive_per_token": 0.0,
                "ratio_passive_per_verb": 0,
                "total_token_ratio_passive": 0.0,
                "max_size_passive": 0,
                "ratio_heads_per_token": 0,
                "max_nb_heads": 0,
                "max_dist_head_to_coord": 0,
                "ratio_coordination_per_token": 0.0,
                "total_token_ratio_coordination": 0.0,
                "max_size_coordination": 0,
                "ratio_aux_verbs_per_token": 0.0,
                "ratio_aux_verbs_per_verb": 0,
                "total_token_ratio_aux_verbs": 0.0,
                "max_size_aux_verbs": 0,
                "ratio_named_entities_per_token": 0.0,
                "ratio_named_entities_per_verb": 0,
                "total_token_ratio_named_entities": 0.0,
                "max_size_named_entities": 0,
                "max_size_np_pp_modifiers": 1,
                "max_size_subordination": 0,
                "words_before_verb": 0,
                "words_after_verb": 2
            }
        }
    }
}