{
    "features": {
        "word_count": 48,
        "sentence_count": 4,
        "document_length": 51,
        "sophisticated_ratio": 0.35294117647058826,
        "concrete_ratio": 0.4117647058823529,
        "lexical_diversity": 0.9565162907268171,
        "hapax_legomena_lemma_ratio": 0.3137254901960784,
        "ratio_passive_per_token": 0.0,
        "ratio_passive_per_verb": 0.0,
        "total_token_ratio_passive": 0.0,
        "max_size_passive": 0,
        "ratio_coordination_per_token": 0.0196078431372549,
        "total_token_ratio_coordination": 0.0196078431372549,
        "max_size_coordination": 1,
        "ratio_clitic_per_token": 0.0392156862745098,
        "ratio_pre_clitic_pronouns_per_token": 0.0,
        "ratio_post_clitic_pronouns_per_token": 0.0392156862745098,
        "ratio_aux_verbs_per_token": 0.0,
        "ratio_aux_verbs_per_verb": 0.0,
        "total_token_ratio_aux_verbs": 0.0,
        "max_size_aux_verbs": 0,
        "ratio_named_entities_per_token": 0.11764705882352941,
        "ratio_named_entities_per_verb": 1.2,
        "total_token_ratio_named_entities": 0.2549019607843137,
        "max_size_named_entities": 3,
        "ratio_subordination_per_token": 0.058823529411764705,
        "ratio_subordination_per_verb": 0.6,
        "total_token_ratio_subordination": 0.35294117647058826,
        "max_size_subordination": 7,
        "max_size_np_pp_modifiers": 7
    },
    "sentences": {
        "0": {
            "words": {
                "0": {
                    "text": "Chauffeur",
                    "id": 1,
                    "lemma": "chauffeur",
                    "word_length": 9,
                    "word_syllables": 2,
                    "ortho_neighbors": 0,
                    "ortho_neighbors_+freq_cum": "na",
                    "age_of_acquisition": -1,
                    "familiarity": 5.03999996185303,
                    "lexical_frequency": 49.86,
                    "complexity": 3,
                    "hapax_legomena_lemma": 0,
                    "concrete": false,
                    "sophisticated": false,
                    "passive": "O",
                    "coordination": {},
                    "clitic_type": false,
                    "aux_verbs": "O",
                    "named_entities": "B",
                    "subordination": [],
                    "np_pp_modifiers": {
                        "ids": [
                            2,
                            4
                        ],
                        "texts": [
                            "CE",
                            "H/F/X"
                        ]
                    }
                },
                "1": {
                    "text": "CE",
                    "id": 2,
                    "lemma": "CE",
                    "word_length": 2,
                    "word_syllables": 1,
                    "ortho_neighbors": 17,
                    "ortho_neighbors_+freq_cum": 75077.93000000001,
                    "age_of_acquisition": -1,
                    "familiarity": -1,
                    "lexical_frequency": 1e-10,
                    "complexity": "na",
                    "hapax_legomena_lemma": 0,
                    "concrete": false,
                    "sophisticated": false,
                    "passive": "O",
                    "coordination": {},
                    "clitic_type": false,
                    "aux_verbs": "O",
                    "named_entities": "I",
                    "subordination": [],
                    "np_pp_modifiers": {
                        "ids": [],
                        "texts": []
                    }
                },
                "2": {
                    "text": "(",
                    "id": 3,
                    "lemma": "(",
                    "word_length": 1,
                    "word_syllables": 0,
                    "ortho_neighbors": "na",
                    "ortho_neighbors_+freq_cum": "na",
                    "age_of_acquisition": -1,
                    "familiarity": -1,
                    "lexical_frequency": 1e-10,
                    "complexity": "na",
                    "hapax_legomena_lemma": "na",
                    "concrete": false,
                    "sophisticated": true,
                    "passive": "O",
                    "coordination": {},
                    "clitic_type": false,
                    "aux_verbs": "O",
                    "named_entities": "O",
                    "subordination": [],
                    "np_pp_modifiers": {
                        "ids": [],
                        "texts": []
                    }
                },
                "3": {
                    "text": "H/F/X",
                    "id": 4,
                    "lemma": "H/F/X",
                    "word_length": 5,
                    "word_syllables": 0,
                    "ortho_neighbors": "na",
                    "ortho_neighbors_+freq_cum": "na",
                    "age_of_acquisition": -1,
                    "familiarity": -1,
                    "lexical_frequency": 1e-10,
                    "complexity": "na",
                    "hapax_legomena_lemma": 1,
                    "concrete": false,
                    "sophisticated": true,
                    "passive": "O",
                    "coordination": {},
                    "clitic_type": false,
                    "aux_verbs": "O",
                    "named_entities": "B",
                    "subordination": [],
                    "np_pp_modifiers": {
                        "ids": [],
                        "texts": []
                    }
                },
                "4": {
                    "text": ")",
                    "id": 5,
                    "lemma": ")",
                    "word_length": 1,
                    "word_syllables": 0,
                    "ortho_neighbors": "na",
                    "ortho_neighbors_+freq_cum": "na",
                    "age_of_acquisition": -1,
                    "familiarity": -1,
                    "lexical_frequency": 1e-10,
                    "complexity": "na",
                    "hapax_legomena_lemma": "na",
                    "concrete": false,
                    "sophisticated": true,
                    "passive": "O",
                    "coordination": {},
                    "clitic_type": false,
                    "aux_verbs": "O",
                    "named_entities": "O",
                    "subordination": [],
                    "np_pp_modifiers": {
                        "ids": [],
                        "texts": []
                    }
                }
            },
            "features": {
                "parse_depth": 2,
                "sentence_length": 5,
                "ratio_passive_per_token": 0.0,
                "ratio_passive_per_verb": 0,
                "total_token_ratio_passive": 0.0,
                "max_size_passive": 0,
                "ratio_heads_per_token": 0,
                "max_nb_heads": 0,
                "max_dist_head_to_coord": 0,
                "ratio_coordination_per_token": 0.0,
                "total_token_ratio_coordination": 0.0,
                "max_size_coordination": 0,
                "ratio_aux_verbs_per_token": 0.0,
                "ratio_aux_verbs_per_verb": 0,
                "total_token_ratio_aux_verbs": 0.0,
                "max_size_aux_verbs": 0,
                "ratio_named_entities_per_token": 0.4,
                "ratio_named_entities_per_verb": 0,
                "total_token_ratio_named_entities": 0.6,
                "max_size_named_entities": 2,
                "max_size_np_pp_modifiers": 2,
                "max_size_subordination": 0,
                "words_before_verb": 0,
                "words_after_verb": 2
            }
        },
        "1": {
            "words": {
                "0": {
                    "text": "En",
                    "id": 1,
                    "lemma": "en",
                    "word_length": 2,
                    "word_syllables": 1,
                    "ortho_neighbors": 0,
                    "ortho_neighbors_+freq_cum": "na",
                    "age_of_acquisition": -1,
                    "familiarity": 5.03999996185303,
                    "lexical_frequency": 49.86,
                    "complexity": 3,
                    "hapax_legomena_lemma": 0,
                    "concrete": false,
                    "sophisticated": false,
                    "passive": "O",
                    "coordination": {},
                    "clitic_type": false,
                    "aux_verbs": "O",
                    "named_entities": "O",
                    "subordination": [],
                    "np_pp_modifiers": {
                        "ids": [],
                        "texts": []
                    }
                },
                "1": {
                    "text": "tant",
                    "id": 2,
                    "lemma": "tant",
                    "word_length": 4,
                    "word_syllables": 1,
                    "ortho_neighbors": 17,
                    "ortho_neighbors_+freq_cum": 75077.93000000001,
                    "age_of_acquisition": -1,
                    "familiarity": -1,
                    "lexical_frequency": 1e-10,
                    "complexity": "na",
                    "hapax_legomena_lemma": 0,
                    "concrete": false,
                    "sophisticated": false,
                    "passive": "O",
                    "coordination": {},
                    "clitic_type": false,
                    "aux_verbs": "O",
                    "named_entities": "O",
                    "subordination": [],
                    "np_pp_modifiers": {
                        "ids": [],
                        "texts": []
                    }
                },
                "2": {
                    "text": "que",
                    "id": 3,
                    "lemma": "que",
                    "word_length": 3,
                    "word_syllables": 1,
                    "ortho_neighbors": "na",
                    "ortho_neighbors_+freq_cum": "na",
                    "age_of_acquisition": -1,
                    "familiarity": -1,
                    "lexical_frequency": 1e-10,
                    "complexity": "na",
                    "hapax_legomena_lemma": "na",
                    "concrete": false,
                    "sophisticated": true,
                    "passive": "O",
                    "coordination": {},
                    "clitic_type": false,
                    "aux_verbs": "O",
                    "named_entities": "O",
                    "subordination": [],
                    "np_pp_modifiers": {
                        "ids": [],
                        "texts": []
                    }
                },
                "3": {
                    "text": "chauffeur",
                    "id": 4,
                    "lemma": "chauffeur",
                    "word_length": 9,
                    "word_syllables": 2,
                    "ortho_neighbors": "na",
                    "ortho_neighbors_+freq_cum": "na",
                    "age_of_acquisition": -1,
                    "familiarity": -1,
                    "lexical_frequency": 1e-10,
                    "complexity": "na",
                    "hapax_legomena_lemma": 1,
                    "concrete": false,
                    "sophisticated": true,
                    "passive": "O",
                    "coordination": {},
                    "clitic_type": false,
                    "aux_verbs": "O",
                    "named_entities": "O",
                    "subordination": [],
                    "np_pp_modifiers": {
                        "ids": [
                            1,
                            5
                        ],
                        "texts": [
                            "En",
                            "CE"
                        ]
                    }
                },
                "4": {
                    "text": "CE",
                    "id": 5,
                    "lemma": "CE",
                    "word_length": 2,
                    "word_syllables": 1,
                    "ortho_neighbors": "na",
                    "ortho_neighbors_+freq_cum": "na",
                    "age_of_acquisition": -1,
                    "familiarity": -1,
                    "lexical_frequency": 1e-10,
                    "complexity": "na",
                    "hapax_legomena_lemma": "na",
                    "concrete": false,
                    "sophisticated": true,
                    "passive": "O",
                    "coordination": {},
                    "clitic_type": false,
                    "aux_verbs": "O",
                    "named_entities": "B",
                    "subordination": [],
                    "np_pp_modifiers": {
                        "ids": [],
                        "texts": []
                    }
                },
                "5": {
                    "text": ":",
                    "id": 6,
                    "lemma": ":",
                    "word_length": 1,
                    "word_syllables": 0,
                    "ortho_neighbors": 8,
                    "ortho_neighbors_+freq_cum": 35165.0,
                    "age_of_acquisition": 5.53281423804227,
                    "familiarity": 6.85714285714286,
                    "lexical_frequency": 8732.57,
                    "complexity": "na",
                    "hapax_legomena_lemma": 0,
                    "concrete": true,
                    "sophisticated": false,
                    "passive": "O",
                    "coordination": {},
                    "clitic_type": false,
                    "aux_verbs": "O",
                    "named_entities": "O",
                    "subordination": [],
                    "np_pp_modifiers": {
                        "ids": [],
                        "texts": []
                    }
                },
                "6": {
                    "text": "Vous",
                    "id": 7,
                    "lemma": "il",
                    "word_length": 4,
                    "word_syllables": 1,
                    "ortho_neighbors": 9,
                    "ortho_neighbors_+freq_cum": 32.870000000000005,
                    "age_of_acquisition": 7.70522803114572,
                    "familiarity": 5.92857142857143,
                    "lexical_frequency": 436.42,
                    "complexity": "na",
                    "hapax_legomena_lemma": 1,
                    "concrete": true,
                    "sophisticated": false,
                    "passive": "O",
                    "coordination": {},
                    "clitic_type": false,
                    "aux_verbs": "O",
                    "named_entities": "O",
                    "subordination": [],
                    "np_pp_modifiers": {
                        "ids": [],
                        "texts": []
                    }
                },
                "7": {
                    "text": "\u00eates",
                    "id": 8,
                    "lemma": "\u00eatre",
                    "word_length": 4,
                    "word_syllables": 1,
                    "ortho_neighbors": 14,
                    "ortho_neighbors_+freq_cum": 14079.82,
                    "age_of_acquisition": 5.7119021134594,
                    "familiarity": 7.0,
                    "lexical_frequency": 1e-10,
                    "complexity": "na",
                    "hapax_legomena_lemma": 1,
                    "concrete": true,
                    "sophisticated": false,
                    "passive": "O",
                    "coordination": {},
                    "clitic_type": false,
                    "aux_verbs": "O",
                    "named_entities": "O",
                    "subordination": [],
                    "np_pp_modifiers": {
                        "ids": [],
                        "texts": []
                    }
                },
                "8": {
                    "text": "en",
                    "id": 9,
                    "lemma": "en",
                    "word_length": 2,
                    "word_syllables": 1,
                    "ortho_neighbors": 0,
                    "ortho_neighbors_+freq_cum": "na",
                    "age_of_acquisition": -1,
                    "familiarity": 5.03999996185303,
                    "lexical_frequency": 49.86,
                    "complexity": 3,
                    "hapax_legomena_lemma": 0,
                    "concrete": false,
                    "sophisticated": false,
                    "passive": "O",
                    "coordination": {},
                    "clitic_type": false,
                    "aux_verbs": "O",
                    "named_entities": "O",
                    "subordination": [],
                    "np_pp_modifiers": {
                        "ids": [],
                        "texts": []
                    }
                },
                "9": {
                    "text": "charge",
                    "id": 10,
                    "lemma": "charge",
                    "word_length": 6,
                    "word_syllables": 1,
                    "ortho_neighbors": 17,
                    "ortho_neighbors_+freq_cum": 75077.93000000001,
                    "age_of_acquisition": -1,
                    "familiarity": -1,
                    "lexical_frequency": 1e-10,
                    "complexity": "na",
                    "hapax_legomena_lemma": 0,
                    "concrete": false,
                    "sophisticated": false,
                    "passive": "O",
                    "coordination": {},
                    "clitic_type": false,
                    "aux_verbs": "O",
                    "named_entities": "O",
                    "subordination": [],
                    "np_pp_modifiers": {
                        "ids": [
                            9,
                            12
                        ],
                        "texts": [
                            "en",
                            "transporter"
                        ]
                    }
                },
                "10": {
                    "text": "de",
                    "id": 11,
                    "lemma": "de",
                    "word_length": 2,
                    "word_syllables": 1,
                    "ortho_neighbors": "na",
                    "ortho_neighbors_+freq_cum": "na",
                    "age_of_acquisition": -1,
                    "familiarity": -1,
                    "lexical_frequency": 1e-10,
                    "complexity": "na",
                    "hapax_legomena_lemma": "na",
                    "concrete": false,
                    "sophisticated": true,
                    "passive": "O",
                    "coordination": {},
                    "clitic_type": false,
                    "aux_verbs": "O",
                    "named_entities": "O",
                    "subordination": [],
                    "np_pp_modifiers": {
                        "ids": [],
                        "texts": []
                    }
                },
                "11": {
                    "text": "transporter",
                    "id": 12,
                    "lemma": "transporter",
                    "word_length": 11,
                    "word_syllables": 3,
                    "ortho_neighbors": 12,
                    "ortho_neighbors_+freq_cum": 5258.94,
                    "age_of_acquisition": 4.35483870967742,
                    "familiarity": 6.92857142857143,
                    "lexical_frequency": 15832.09,
                    "complexity": 1,
                    "hapax_legomena_lemma": 0,
                    "concrete": true,
                    "sophisticated": false,
                    "passive": "O",
                    "coordination": {},
                    "clitic_type": false,
                    "aux_verbs": "O",
                    "named_entities": "O",
                    "subordination": [
                        "B0"
                    ],
                    "np_pp_modifiers": {
                        "ids": [],
                        "texts": []
                    }
                },
                "12": {
                    "text": "les",
                    "id": 13,
                    "lemma": "le",
                    "word_length": 3,
                    "word_syllables": 1,
                    "ortho_neighbors": 2,
                    "ortho_neighbors_+freq_cum": 0.06,
                    "age_of_acquisition": 5.78420467185762,
                    "familiarity": 6.46428571428571,
                    "lexical_frequency": 6501.82,
                    "complexity": "na",
                    "hapax_legomena_lemma": 1,
                    "concrete": true,
                    "sophisticated": true,
                    "passive": "O",
                    "coordination": {},
                    "clitic_type": false,
                    "aux_verbs": "O",
                    "named_entities": "O",
                    "subordination": [
                        "I0"
                    ],
                    "np_pp_modifiers": {
                        "ids": [],
                        "texts": []
                    }
                },
                "13": {
                    "text": "engins",
                    "id": 14,
                    "lemma": "engin",
                    "word_length": 6,
                    "word_syllables": 2,
                    "ortho_neighbors": 8,
                    "ortho_neighbors_+freq_cum": 35165.0,
                    "age_of_acquisition": 5.53281423804227,
                    "familiarity": 6.85714285714286,
                    "lexical_frequency": 8732.57,
                    "complexity": "na",
                    "hapax_legomena_lemma": 0,
                    "concrete": true,
                    "sophisticated": false,
                    "passive": "O",
                    "coordination": {},
                    "clitic_type": false,
                    "aux_verbs": "O",
                    "named_entities": "O",
                    "subordination": [
                        "I0"
                    ],
                    "np_pp_modifiers": {
                        "ids": [],
                        "texts": []
                    }
                },
                "14": {
                    "text": "sur",
                    "id": 15,
                    "lemma": "sur",
                    "word_length": 3,
                    "word_syllables": 1,
                    "ortho_neighbors": 5,
                    "ortho_neighbors_+freq_cum": 126.2,
                    "age_of_acquisition": 9.4047619047619,
                    "familiarity": 4.32142857142857,
                    "lexical_frequency": 41.28,
                    "complexity": 4,
                    "hapax_legomena_lemma": 1,
                    "concrete": true,
                    "sophisticated": false,
                    "passive": "O",
                    "coordination": {},
                    "clitic_type": false,
                    "aux_verbs": "O",
                    "named_entities": "O",
                    "subordination": [
                        "I0"
                    ],
                    "np_pp_modifiers": {
                        "ids": [],
                        "texts": []
                    }
                },
                "15": {
                    "text": "les",
                    "id": 16,
                    "lemma": "le",
                    "word_length": 3,
                    "word_syllables": 1,
                    "ortho_neighbors": 19,
                    "ortho_neighbors_+freq_cum": 61689.729999999996,
                    "age_of_acquisition": 4.81646273637375,
                    "familiarity": 6.89285714285714,
                    "lexical_frequency": 38928.92,
                    "complexity": "na",
                    "hapax_legomena_lemma": 0,
                    "concrete": true,
                    "sophisticated": false,
                    "passive": "O",
                    "coordination": {},
                    "clitic_type": false,
                    "aux_verbs": "O",
                    "named_entities": "O",
                    "subordination": [
                        "I0"
                    ],
                    "np_pp_modifiers": {
                        "ids": [],
                        "texts": []
                    }
                },
                "16": {
                    "text": "diff\u00e9rents",
                    "id": 17,
                    "lemma": "diff\u00e9rent",
                    "word_length": 10,
                    "word_syllables": 3,
                    "ortho_neighbors": 1,
                    "ortho_neighbors_+freq_cum": 0.29,
                    "age_of_acquisition": -1,
                    "familiarity": -1,
                    "lexical_frequency": 40.88,
                    "complexity": 3,
                    "hapax_legomena_lemma": 1,
                    "concrete": false,
                    "sophisticated": false,
                    "passive": "O",
                    "coordination": {},
                    "clitic_type": false,
                    "aux_verbs": "O",
                    "named_entities": "O",
                    "subordination": [
                        "I0"
                    ],
                    "np_pp_modifiers": {
                        "ids": [],
                        "texts": []
                    }
                },
                "17": {
                    "text": "chantiers",
                    "id": 18,
                    "lemma": "chantier",
                    "word_length": 9,
                    "word_syllables": 2,
                    "ortho_neighbors": 18,
                    "ortho_neighbors_+freq_cum": 16911.40000000001,
                    "age_of_acquisition": 4.07230255839822,
                    "familiarity": 6.92857142857143,
                    "lexical_frequency": 18310.95,
                    "complexity": 1,
                    "hapax_legomena_lemma": 0,
                    "concrete": true,
                    "sophisticated": false,
                    "passive": "O",
                    "coordination": {},
                    "clitic_type": false,
                    "aux_verbs": "O",
                    "named_entities": "O",
                    "subordination": [
                        "I0"
                    ],
                    "np_pp_modifiers": {
                        "ids": [
                            15,
                            17
                        ],
                        "texts": [
                            "sur",
                            "diff\u00e9rents"
                        ]
                    }
                }
            },
            "features": {
                "parse_depth": 5,
                "sentence_length": 18,
                "ratio_passive_per_token": 0.0,
                "ratio_passive_per_verb": 0.0,
                "total_token_ratio_passive": 0.0,
                "max_size_passive": 0,
                "ratio_heads_per_token": 0,
                "max_nb_heads": 0,
                "max_dist_head_to_coord": 0,
                "ratio_coordination_per_token": 0.0,
                "total_token_ratio_coordination": 0.0,
                "max_size_coordination": 0,
                "ratio_aux_verbs_per_token": 0.0,
                "ratio_aux_verbs_per_verb": 0.0,
                "total_token_ratio_aux_verbs": 0.0,
                "max_size_aux_verbs": 0,
                "ratio_named_entities_per_token": 0.05555555555555555,
                "ratio_named_entities_per_verb": 1.0,
                "total_token_ratio_named_entities": 0.05555555555555555,
                "max_size_named_entities": 1,
                "max_size_np_pp_modifiers": 2,
                "max_size_subordination": 7,
                "words_before_verb": 3,
                "words_after_verb": 1
            }
        },
        "2": {
            "words": {
                "0": {
                    "text": "Vous",
                    "id": 1,
                    "lemma": "il",
                    "word_length": 4,
                    "word_syllables": 1,
                    "ortho_neighbors": 0,
                    "ortho_neighbors_+freq_cum": "na",
                    "age_of_acquisition": -1,
                    "familiarity": 5.03999996185303,
                    "lexical_frequency": 49.86,
                    "complexity": 3,
                    "hapax_legomena_lemma": 0,
                    "concrete": false,
                    "sophisticated": false,
                    "passive": "O",
                    "coordination": {},
                    "clitic_type": "postclitic",
                    "aux_verbs": "O",
                    "named_entities": "O",
                    "subordination": [],
                    "np_pp_modifiers": {
                        "ids": [],
                        "texts": []
                    }
                },
                "1": {
                    "text": "savez",
                    "id": 2,
                    "lemma": "savoir",
                    "word_length": 5,
                    "word_syllables": 2,
                    "ortho_neighbors": 17,
                    "ortho_neighbors_+freq_cum": 75077.93000000001,
                    "age_of_acquisition": -1,
                    "familiarity": -1,
                    "lexical_frequency": 1e-10,
                    "complexity": "na",
                    "hapax_legomena_lemma": 0,
                    "concrete": false,
                    "sophisticated": false,
                    "passive": "O",
                    "coordination": {
                        "conjuncts": [
                            9
                        ],
                        "cc": []
                    },
                    "clitic_type": false,
                    "aux_verbs": "O",
                    "named_entities": "O",
                    "subordination": [],
                    "np_pp_modifiers": {
                        "ids": [],
                        "texts": []
                    }
                },
                "2": {
                    "text": "manipuler",
                    "id": 3,
                    "lemma": "manipuler",
                    "word_length": 9,
                    "word_syllables": 4,
                    "ortho_neighbors": "na",
                    "ortho_neighbors_+freq_cum": "na",
                    "age_of_acquisition": -1,
                    "familiarity": -1,
                    "lexical_frequency": 1e-10,
                    "complexity": "na",
                    "hapax_legomena_lemma": "na",
                    "concrete": false,
                    "sophisticated": true,
                    "passive": "O",
                    "coordination": {},
                    "clitic_type": false,
                    "aux_verbs": "O",
                    "named_entities": "O",
                    "subordination": [
                        "B0"
                    ],
                    "np_pp_modifiers": {
                        "ids": [],
                        "texts": []
                    }
                },
                "3": {
                    "text": "des",
                    "id": 4,
                    "lemma": "un",
                    "word_length": 3,
                    "word_syllables": 1,
                    "ortho_neighbors": "na",
                    "ortho_neighbors_+freq_cum": "na",
                    "age_of_acquisition": -1,
                    "familiarity": -1,
                    "lexical_frequency": 1e-10,
                    "complexity": "na",
                    "hapax_legomena_lemma": 1,
                    "concrete": false,
                    "sophisticated": true,
                    "passive": "O",
                    "coordination": {},
                    "clitic_type": false,
                    "aux_verbs": "O",
                    "named_entities": "O",
                    "subordination": [
                        "I0"
                    ],
                    "np_pp_modifiers": {
                        "ids": [],
                        "texts": []
                    }
                },
                "4": {
                    "text": "grues",
                    "id": 5,
                    "lemma": "grue",
                    "word_length": 5,
                    "word_syllables": 1,
                    "ortho_neighbors": "na",
                    "ortho_neighbors_+freq_cum": "na",
                    "age_of_acquisition": -1,
                    "familiarity": -1,
                    "lexical_frequency": 1e-10,
                    "complexity": "na",
                    "hapax_legomena_lemma": "na",
                    "concrete": false,
                    "sophisticated": true,
                    "passive": "O",
                    "coordination": {},
                    "clitic_type": false,
                    "aux_verbs": "O",
                    "named_entities": "O",
                    "subordination": [
                        "I0"
                    ],
                    "np_pp_modifiers": {
                        "ids": [
                            7,
                            6
                        ],
                        "texts": [
                            "terrassement",
                            "de"
                        ]
                    }
                },
                "5": {
                    "text": "de",
                    "id": 6,
                    "lemma": "de",
                    "word_length": 2,
                    "word_syllables": 1,
                    "ortho_neighbors": 8,
                    "ortho_neighbors_+freq_cum": 35165.0,
                    "age_of_acquisition": 5.53281423804227,
                    "familiarity": 6.85714285714286,
                    "lexical_frequency": 8732.57,
                    "complexity": "na",
                    "hapax_legomena_lemma": 0,
                    "concrete": true,
                    "sophisticated": false,
                    "passive": "O",
                    "coordination": {},
                    "clitic_type": false,
                    "aux_verbs": "O",
                    "named_entities": "O",
                    "subordination": [
                        "I0"
                    ],
                    "np_pp_modifiers": {
                        "ids": [],
                        "texts": []
                    }
                },
                "6": {
                    "text": "terrassement",
                    "id": 7,
                    "lemma": "terrassement",
                    "word_length": 12,
                    "word_syllables": 3,
                    "ortho_neighbors": 9,
                    "ortho_neighbors_+freq_cum": 32.870000000000005,
                    "age_of_acquisition": 7.70522803114572,
                    "familiarity": 5.92857142857143,
                    "lexical_frequency": 436.42,
                    "complexity": "na",
                    "hapax_legomena_lemma": 1,
                    "concrete": true,
                    "sophisticated": false,
                    "passive": "O",
                    "coordination": {},
                    "clitic_type": false,
                    "aux_verbs": "O",
                    "named_entities": "O",
                    "subordination": [
                        "I0"
                    ],
                    "np_pp_modifiers": {
                        "ids": [
                            6
                        ],
                        "texts": [
                            "de"
                        ]
                    }
                },
                "7": {
                    "text": "Vous",
                    "id": 8,
                    "lemma": "il",
                    "word_length": 4,
                    "word_syllables": 1,
                    "ortho_neighbors": 14,
                    "ortho_neighbors_+freq_cum": 14079.82,
                    "age_of_acquisition": 5.7119021134594,
                    "familiarity": 7.0,
                    "lexical_frequency": 1e-10,
                    "complexity": "na",
                    "hapax_legomena_lemma": 1,
                    "concrete": true,
                    "sophisticated": false,
                    "passive": "O",
                    "coordination": {},
                    "clitic_type": "postclitic",
                    "aux_verbs": "O",
                    "named_entities": "O",
                    "subordination": [],
                    "np_pp_modifiers": {
                        "ids": [],
                        "texts": []
                    }
                },
                "8": {
                    "text": "savez",
                    "id": 9,
                    "lemma": "savoir",
                    "word_length": 5,
                    "word_syllables": 2,
                    "ortho_neighbors": 0,
                    "ortho_neighbors_+freq_cum": "na",
                    "age_of_acquisition": -1,
                    "familiarity": 5.03999996185303,
                    "lexical_frequency": 49.86,
                    "complexity": 3,
                    "hapax_legomena_lemma": 0,
                    "concrete": false,
                    "sophisticated": false,
                    "passive": "O",
                    "coordination": {},
                    "clitic_type": false,
                    "aux_verbs": "O",
                    "named_entities": "O",
                    "subordination": [],
                    "np_pp_modifiers": {
                        "ids": [],
                        "texts": []
                    }
                },
                "9": {
                    "text": "lire",
                    "id": 10,
                    "lemma": "lire",
                    "word_length": 4,
                    "word_syllables": 1,
                    "ortho_neighbors": 17,
                    "ortho_neighbors_+freq_cum": 75077.93000000001,
                    "age_of_acquisition": -1,
                    "familiarity": -1,
                    "lexical_frequency": 1e-10,
                    "complexity": "na",
                    "hapax_legomena_lemma": 0,
                    "concrete": false,
                    "sophisticated": false,
                    "passive": "O",
                    "coordination": {},
                    "clitic_type": false,
                    "aux_verbs": "O",
                    "named_entities": "O",
                    "subordination": [
                        "B1"
                    ],
                    "np_pp_modifiers": {
                        "ids": [],
                        "texts": []
                    }
                },
                "10": {
                    "text": "les",
                    "id": 11,
                    "lemma": "le",
                    "word_length": 3,
                    "word_syllables": 1,
                    "ortho_neighbors": "na",
                    "ortho_neighbors_+freq_cum": "na",
                    "age_of_acquisition": -1,
                    "familiarity": -1,
                    "lexical_frequency": 1e-10,
                    "complexity": "na",
                    "hapax_legomena_lemma": "na",
                    "concrete": false,
                    "sophisticated": true,
                    "passive": "O",
                    "coordination": {},
                    "clitic_type": false,
                    "aux_verbs": "O",
                    "named_entities": "O",
                    "subordination": [
                        "I1"
                    ],
                    "np_pp_modifiers": {
                        "ids": [],
                        "texts": []
                    }
                },
                "11": {
                    "text": "plans",
                    "id": 12,
                    "lemma": "plan",
                    "word_length": 5,
                    "word_syllables": 1,
                    "ortho_neighbors": 12,
                    "ortho_neighbors_+freq_cum": 5258.94,
                    "age_of_acquisition": 4.35483870967742,
                    "familiarity": 6.92857142857143,
                    "lexical_frequency": 15832.09,
                    "complexity": 1,
                    "hapax_legomena_lemma": 0,
                    "concrete": true,
                    "sophisticated": false,
                    "passive": "O",
                    "coordination": {},
                    "clitic_type": false,
                    "aux_verbs": "O",
                    "named_entities": "O",
                    "subordination": [
                        "I1"
                    ],
                    "np_pp_modifiers": {
                        "ids": [
                            13,
                            15,
                            14
                        ],
                        "texts": [
                            "Lieu",
                            "travail",
                            "de"
                        ]
                    }
                },
                "12": {
                    "text": "Lieu",
                    "id": 13,
                    "lemma": "lieu",
                    "word_length": 4,
                    "word_syllables": 1,
                    "ortho_neighbors": 2,
                    "ortho_neighbors_+freq_cum": 0.06,
                    "age_of_acquisition": 5.78420467185762,
                    "familiarity": 6.46428571428571,
                    "lexical_frequency": 6501.82,
                    "complexity": "na",
                    "hapax_legomena_lemma": 1,
                    "concrete": true,
                    "sophisticated": true,
                    "passive": "O",
                    "coordination": {},
                    "clitic_type": false,
                    "aux_verbs": "O",
                    "named_entities": "B",
                    "subordination": [
                        "I1"
                    ],
                    "np_pp_modifiers": {
                        "ids": [
                            15,
                            14
                        ],
                        "texts": [
                            "travail",
                            "de"
                        ]
                    }
                },
                "13": {
                    "text": "de",
                    "id": 14,
                    "lemma": "de",
                    "word_length": 2,
                    "word_syllables": 1,
                    "ortho_neighbors": 8,
                    "ortho_neighbors_+freq_cum": 35165.0,
                    "age_of_acquisition": 5.53281423804227,
                    "familiarity": 6.85714285714286,
                    "lexical_frequency": 8732.57,
                    "complexity": "na",
                    "hapax_legomena_lemma": 0,
                    "concrete": true,
                    "sophisticated": false,
                    "passive": "O",
                    "coordination": {},
                    "clitic_type": false,
                    "aux_verbs": "O",
                    "named_entities": "I",
                    "subordination": [
                        "I1"
                    ],
                    "np_pp_modifiers": {
                        "ids": [],
                        "texts": []
                    }
                },
                "14": {
                    "text": "travail",
                    "id": 15,
                    "lemma": "travail",
                    "word_length": 7,
                    "word_syllables": 2,
                    "ortho_neighbors": 5,
                    "ortho_neighbors_+freq_cum": 126.2,
                    "age_of_acquisition": 9.4047619047619,
                    "familiarity": 4.32142857142857,
                    "lexical_frequency": 41.28,
                    "complexity": 4,
                    "hapax_legomena_lemma": 1,
                    "concrete": true,
                    "sophisticated": false,
                    "passive": "O",
                    "coordination": {},
                    "clitic_type": false,
                    "aux_verbs": "O",
                    "named_entities": "I",
                    "subordination": [
                        "I1"
                    ],
                    "np_pp_modifiers": {
                        "ids": [
                            14
                        ],
                        "texts": [
                            "de"
                        ]
                    }
                }
            },
            "features": {
                "parse_depth": 7,
                "sentence_length": 15,
                "ratio_passive_per_token": 0.0,
                "ratio_passive_per_verb": 0.0,
                "total_token_ratio_passive": 0.0,
                "max_size_passive": 0,
                "ratio_heads_per_token": 1.0,
                "max_nb_heads": 1,
                "max_dist_head_to_coord": 7,
                "ratio_coordination_per_token": 0.06666666666666667,
                "total_token_ratio_coordination": 0.06666666666666667,
                "max_size_coordination": 1,
                "ratio_aux_verbs_per_token": 0.0,
                "ratio_aux_verbs_per_verb": 0.0,
                "total_token_ratio_aux_verbs": 0.0,
                "max_size_aux_verbs": 0,
                "ratio_named_entities_per_token": 0.06666666666666667,
                "ratio_named_entities_per_verb": 0.25,
                "total_token_ratio_named_entities": 0.2,
                "max_size_named_entities": 0,
                "max_size_np_pp_modifiers": 3,
                "max_size_subordination": 6,
                "words_before_verb": 1,
                "words_after_verb": 2
            }
        },
        "3": {
            "words": {
                "0": {
                    "text": "La",
                    "id": 1,
                    "lemma": "le",
                    "word_length": 2,
                    "word_syllables": 1,
                    "ortho_neighbors": 0,
                    "ortho_neighbors_+freq_cum": "na",
                    "age_of_acquisition": -1,
                    "familiarity": 5.03999996185303,
                    "lexical_frequency": 49.86,
                    "complexity": 3,
                    "hapax_legomena_lemma": 0,
                    "concrete": false,
                    "sophisticated": false,
                    "passive": "O",
                    "coordination": {},
                    "clitic_type": false,
                    "aux_verbs": "O",
                    "named_entities": "O",
                    "subordination": [],
                    "np_pp_modifiers": {
                        "ids": [],
                        "texts": []
                    }
                },
                "1": {
                    "text": "louvi\u00e8re",
                    "id": 2,
                    "lemma": "louvi\u00e8re",
                    "word_length": 8,
                    "word_syllables": 0,
                    "ortho_neighbors": 17,
                    "ortho_neighbors_+freq_cum": 75077.93000000001,
                    "age_of_acquisition": -1,
                    "familiarity": -1,
                    "lexical_frequency": 1e-10,
                    "complexity": "na",
                    "hapax_legomena_lemma": 0,
                    "concrete": false,
                    "sophisticated": false,
                    "passive": "O",
                    "coordination": {},
                    "clitic_type": false,
                    "aux_verbs": "O",
                    "named_entities": "O",
                    "subordination": [],
                    "np_pp_modifiers": {
                        "ids": [
                            3,
                            6,
                            5,
                            4,
                            9,
                            7,
                            10
                        ],
                        "texts": [
                            "Personne",
                            "Nom",
                            "contact",
                            "de",
                            "personne",
                            "de",
                            "Lacagnina"
                        ]
                    }
                },
                "2": {
                    "text": "Personne",
                    "id": 3,
                    "lemma": "personne",
                    "word_length": 8,
                    "word_syllables": 2,
                    "ortho_neighbors": "na",
                    "ortho_neighbors_+freq_cum": "na",
                    "age_of_acquisition": -1,
                    "familiarity": -1,
                    "lexical_frequency": 1e-10,
                    "complexity": "na",
                    "hapax_legomena_lemma": "na",
                    "concrete": false,
                    "sophisticated": true,
                    "passive": "O",
                    "coordination": {},
                    "clitic_type": false,
                    "aux_verbs": "O",
                    "named_entities": "B",
                    "subordination": [],
                    "np_pp_modifiers": {
                        "ids": [],
                        "texts": []
                    }
                },
                "3": {
                    "text": "de",
                    "id": 4,
                    "lemma": "de",
                    "word_length": 2,
                    "word_syllables": 1,
                    "ortho_neighbors": "na",
                    "ortho_neighbors_+freq_cum": "na",
                    "age_of_acquisition": -1,
                    "familiarity": -1,
                    "lexical_frequency": 1e-10,
                    "complexity": "na",
                    "hapax_legomena_lemma": 1,
                    "concrete": false,
                    "sophisticated": true,
                    "passive": "O",
                    "coordination": {},
                    "clitic_type": false,
                    "aux_verbs": "O",
                    "named_entities": "I",
                    "subordination": [],
                    "np_pp_modifiers": {
                        "ids": [],
                        "texts": []
                    }
                },
                "4": {
                    "text": "contact",
                    "id": 5,
                    "lemma": "contact",
                    "word_length": 7,
                    "word_syllables": 2,
                    "ortho_neighbors": "na",
                    "ortho_neighbors_+freq_cum": "na",
                    "age_of_acquisition": -1,
                    "familiarity": -1,
                    "lexical_frequency": 1e-10,
                    "complexity": "na",
                    "hapax_legomena_lemma": "na",
                    "concrete": false,
                    "sophisticated": true,
                    "passive": "O",
                    "coordination": {},
                    "clitic_type": false,
                    "aux_verbs": "O",
                    "named_entities": "I",
                    "subordination": [],
                    "np_pp_modifiers": {
                        "ids": [
                            4
                        ],
                        "texts": [
                            "de"
                        ]
                    }
                },
                "5": {
                    "text": "Nom",
                    "id": 6,
                    "lemma": "Nom",
                    "word_length": 3,
                    "word_syllables": 1,
                    "ortho_neighbors": 8,
                    "ortho_neighbors_+freq_cum": 35165.0,
                    "age_of_acquisition": 5.53281423804227,
                    "familiarity": 6.85714285714286,
                    "lexical_frequency": 8732.57,
                    "complexity": "na",
                    "hapax_legomena_lemma": 0,
                    "concrete": true,
                    "sophisticated": false,
                    "passive": "O",
                    "coordination": {},
                    "clitic_type": false,
                    "aux_verbs": "O",
                    "named_entities": "O",
                    "subordination": [],
                    "np_pp_modifiers": {
                        "ids": [
                            5,
                            4,
                            9,
                            7,
                            10
                        ],
                        "texts": [
                            "contact",
                            "de",
                            "personne",
                            "de",
                            "Lacagnina"
                        ]
                    }
                },
                "6": {
                    "text": "de",
                    "id": 7,
                    "lemma": "de",
                    "word_length": 2,
                    "word_syllables": 1,
                    "ortho_neighbors": 9,
                    "ortho_neighbors_+freq_cum": 32.870000000000005,
                    "age_of_acquisition": 7.70522803114572,
                    "familiarity": 5.92857142857143,
                    "lexical_frequency": 436.42,
                    "complexity": "na",
                    "hapax_legomena_lemma": 1,
                    "concrete": true,
                    "sophisticated": false,
                    "passive": "O",
                    "coordination": {},
                    "clitic_type": false,
                    "aux_verbs": "O",
                    "named_entities": "O",
                    "subordination": [],
                    "np_pp_modifiers": {
                        "ids": [],
                        "texts": []
                    }
                },
                "7": {
                    "text": "la",
                    "id": 8,
                    "lemma": "le",
                    "word_length": 2,
                    "word_syllables": 1,
                    "ortho_neighbors": 14,
                    "ortho_neighbors_+freq_cum": 14079.82,
                    "age_of_acquisition": 5.7119021134594,
                    "familiarity": 7.0,
                    "lexical_frequency": 1e-10,
                    "complexity": "na",
                    "hapax_legomena_lemma": 1,
                    "concrete": true,
                    "sophisticated": false,
                    "passive": "O",
                    "coordination": {},
                    "clitic_type": false,
                    "aux_verbs": "O",
                    "named_entities": "O",
                    "subordination": [],
                    "np_pp_modifiers": {
                        "ids": [],
                        "texts": []
                    }
                },
                "8": {
                    "text": "personne",
                    "id": 9,
                    "lemma": "personne",
                    "word_length": 8,
                    "word_syllables": 2,
                    "ortho_neighbors": 0,
                    "ortho_neighbors_+freq_cum": "na",
                    "age_of_acquisition": -1,
                    "familiarity": 5.03999996185303,
                    "lexical_frequency": 49.86,
                    "complexity": 3,
                    "hapax_legomena_lemma": 0,
                    "concrete": false,
                    "sophisticated": false,
                    "passive": "O",
                    "coordination": {},
                    "clitic_type": false,
                    "aux_verbs": "O",
                    "named_entities": "O",
                    "subordination": [],
                    "np_pp_modifiers": {
                        "ids": [
                            7,
                            10
                        ],
                        "texts": [
                            "de",
                            "Lacagnina"
                        ]
                    }
                },
                "9": {
                    "text": "Lacagnina",
                    "id": 10,
                    "lemma": "Lacagnina",
                    "word_length": 9,
                    "word_syllables": 0,
                    "ortho_neighbors": 17,
                    "ortho_neighbors_+freq_cum": 75077.93000000001,
                    "age_of_acquisition": -1,
                    "familiarity": -1,
                    "lexical_frequency": 1e-10,
                    "complexity": "na",
                    "hapax_legomena_lemma": 0,
                    "concrete": false,
                    "sophisticated": false,
                    "passive": "O",
                    "coordination": {},
                    "clitic_type": false,
                    "aux_verbs": "O",
                    "named_entities": "B",
                    "subordination": [],
                    "np_pp_modifiers": {
                        "ids": [],
                        "texts": []
                    }
                },
                "10": {
                    "text": "S\u00e9l\u00e9na",
                    "id": 11,
                    "lemma": "S\u00e9l\u00e9na",
                    "word_length": 6,
                    "word_syllables": 0,
                    "ortho_neighbors": "na",
                    "ortho_neighbors_+freq_cum": "na",
                    "age_of_acquisition": -1,
                    "familiarity": -1,
                    "lexical_frequency": 1e-10,
                    "complexity": "na",
                    "hapax_legomena_lemma": "na",
                    "concrete": false,
                    "sophisticated": true,
                    "passive": "O",
                    "coordination": {},
                    "clitic_type": false,
                    "aux_verbs": "O",
                    "named_entities": "I",
                    "subordination": [],
                    "np_pp_modifiers": {
                        "ids": [],
                        "texts": []
                    }
                },
                "11": {
                    "text": "T\u00e9l\u00e9phone",
                    "id": 12,
                    "lemma": "t\u00e9l\u00e9phone",
                    "word_length": 9,
                    "word_syllables": 3,
                    "ortho_neighbors": 12,
                    "ortho_neighbors_+freq_cum": 5258.94,
                    "age_of_acquisition": 4.35483870967742,
                    "familiarity": 6.92857142857143,
                    "lexical_frequency": 15832.09,
                    "complexity": 1,
                    "hapax_legomena_lemma": 0,
                    "concrete": true,
                    "sophisticated": false,
                    "passive": "O",
                    "coordination": {},
                    "clitic_type": false,
                    "aux_verbs": "O",
                    "named_entities": "I",
                    "subordination": [],
                    "np_pp_modifiers": {
                        "ids": [
                            13
                        ],
                        "texts": [
                            "003264631920"
                        ]
                    }
                },
                "12": {
                    "text": "003264631920",
                    "id": 13,
                    "lemma": "003264631920",
                    "word_length": 12,
                    "word_syllables": 0,
                    "ortho_neighbors": 2,
                    "ortho_neighbors_+freq_cum": 0.06,
                    "age_of_acquisition": 5.78420467185762,
                    "familiarity": 6.46428571428571,
                    "lexical_frequency": 6501.82,
                    "complexity": "na",
                    "hapax_legomena_lemma": 1,
                    "concrete": true,
                    "sophisticated": true,
                    "passive": "O",
                    "coordination": {},
                    "clitic_type": false,
                    "aux_verbs": "O",
                    "named_entities": "O",
                    "subordination": [],
                    "np_pp_modifiers": {
                        "ids": [],
                        "texts": []
                    }
                }
            },
            "features": {
                "parse_depth": 7,
                "sentence_length": 13,
                "ratio_passive_per_token": 0.0,
                "ratio_passive_per_verb": 0,
                "total_token_ratio_passive": 0.0,
                "max_size_passive": 0,
                "ratio_heads_per_token": 0,
                "max_nb_heads": 0,
                "max_dist_head_to_coord": 0,
                "ratio_coordination_per_token": 0.0,
                "total_token_ratio_coordination": 0.0,
                "max_size_coordination": 0,
                "ratio_aux_verbs_per_token": 0.0,
                "ratio_aux_verbs_per_verb": 0,
                "total_token_ratio_aux_verbs": 0.0,
                "max_size_aux_verbs": 0,
                "ratio_named_entities_per_token": 0.15384615384615385,
                "ratio_named_entities_per_verb": 0,
                "total_token_ratio_named_entities": 0.46153846153846156,
                "max_size_named_entities": 3,
                "max_size_np_pp_modifiers": 7,
                "max_size_subordination": 0,
                "words_before_verb": 1,
                "words_after_verb": 2
            }
        }
    }
}