{
    "features": {
        "word_count": 77,
        "sentence_count": 2,
        "document_length": 83,
        "sophisticated_ratio": 0.5301204819277109,
        "concrete_ratio": 0.3132530120481928,
        "lexical_diversity": 0.8849712934819318,
        "hapax_legomena_lemma_ratio": 0.5542168674698795,
        "ratio_passive_per_token": 0.0,
        "ratio_passive_per_verb": 0.0,
        "total_token_ratio_passive": 0.0,
        "max_size_passive": 0,
        "ratio_coordination_per_token": 0.03614457831325301,
        "total_token_ratio_coordination": 0.03614457831325301,
        "max_size_coordination": 1,
        "ratio_clitic_per_token": 0.0,
        "ratio_pre_clitic_pronouns_per_token": 0.0,
        "ratio_post_clitic_pronouns_per_token": 0.0,
        "ratio_aux_verbs_per_token": 0.0,
        "ratio_aux_verbs_per_verb": 0.0,
        "total_token_ratio_aux_verbs": 0.0,
        "max_size_aux_verbs": 0,
        "ratio_named_entities_per_token": 0.12048192771084337,
        "ratio_named_entities_per_verb": 10.0,
        "total_token_ratio_named_entities": 0.24096385542168675,
        "max_size_named_entities": 3,
        "ratio_subordination_per_token": 0.012048192771084338,
        "ratio_subordination_per_verb": 1.0,
        "total_token_ratio_subordination": 0.060240963855421686,
        "max_size_subordination": 5,
        "max_size_np_pp_modifiers": 16
    },
    "sentences": {
        "0": {
            "words": {
                "0": {
                    "text": "Pr\u00e9vision",
                    "id": 1,
                    "lemma": "pr\u00e9vision",
                    "word_length": 9,
                    "word_syllables": 3,
                    "ortho_neighbors": 2,
                    "ortho_neighbors_+freq_cum": 43.96,
                    "age_of_acquisition": -1,
                    "familiarity": 4.07000017166138,
                    "lexical_frequency": 7.03,
                    "complexity": 3,
                    "hapax_legomena_lemma": 1,
                    "concrete": false,
                    "sophisticated": true,
                    "passive": "O",
                    "coordination": {},
                    "clitic_type": false,
                    "aux_verbs": "O",
                    "named_entities": "O",
                    "subordination": [],
                    "np_pp_modifiers": {
                        "ids": [
                            2,
                            3,
                            4,
                            5,
                            6,
                            10,
                            9,
                            11
                        ],
                        "texts": [
                            "m\u00e9t\u00e9o",
                            "Bruxelles",
                            "Mardi",
                            "12",
                            "d\u00e9cembre",
                            "Chantal",
                            "de",
                            "Lev\u00e9"
                        ]
                    }
                },
                "1": {
                    "text": "m\u00e9t\u00e9o",
                    "id": 2,
                    "lemma": "m\u00e9t\u00e9o",
                    "word_length": 5,
                    "word_syllables": 3,
                    "ortho_neighbors": 1,
                    "ortho_neighbors_+freq_cum": 21.29,
                    "age_of_acquisition": -1,
                    "familiarity": 5.43,
                    "lexical_frequency": 1.69,
                    "complexity": 1,
                    "hapax_legomena_lemma": 1,
                    "concrete": false,
                    "sophisticated": true,
                    "passive": "O",
                    "coordination": {},
                    "clitic_type": false,
                    "aux_verbs": "O",
                    "named_entities": "O",
                    "subordination": [],
                    "np_pp_modifiers": {
                        "ids": [],
                        "texts": []
                    }
                },
                "2": {
                    "text": "Bruxelles",
                    "id": 3,
                    "lemma": "Bruxelles",
                    "word_length": 9,
                    "word_syllables": 0,
                    "ortho_neighbors": "na",
                    "ortho_neighbors_+freq_cum": "na",
                    "age_of_acquisition": -1,
                    "familiarity": -1,
                    "lexical_frequency": 1e-10,
                    "complexity": "na",
                    "hapax_legomena_lemma": 1,
                    "concrete": false,
                    "sophisticated": true,
                    "passive": "O",
                    "coordination": {},
                    "clitic_type": false,
                    "aux_verbs": "O",
                    "named_entities": "B",
                    "named_entities_loc": true,
                    "subordination": [],
                    "np_pp_modifiers": {
                        "ids": [],
                        "texts": []
                    }
                },
                "3": {
                    "text": "Mardi",
                    "id": 4,
                    "lemma": "mardi",
                    "word_length": 5,
                    "word_syllables": 2,
                    "ortho_neighbors": 5,
                    "ortho_neighbors_+freq_cum": 9.03,
                    "age_of_acquisition": -1,
                    "familiarity": 5.74,
                    "lexical_frequency": 16.28,
                    "complexity": 1,
                    "hapax_legomena_lemma": 1,
                    "concrete": false,
                    "sophisticated": false,
                    "passive": "O",
                    "coordination": {},
                    "clitic_type": false,
                    "aux_verbs": "O",
                    "named_entities": "O",
                    "subordination": [],
                    "np_pp_modifiers": {
                        "ids": [
                            5,
                            6
                        ],
                        "texts": [
                            "12",
                            "d\u00e9cembre"
                        ]
                    }
                },
                "4": {
                    "text": "12",
                    "id": 5,
                    "lemma": "12",
                    "word_length": 2,
                    "word_syllables": 0,
                    "ortho_neighbors": "na",
                    "ortho_neighbors_+freq_cum": "na",
                    "age_of_acquisition": -1,
                    "familiarity": -1,
                    "lexical_frequency": 1e-10,
                    "complexity": "na",
                    "hapax_legomena_lemma": 1,
                    "concrete": false,
                    "sophisticated": true,
                    "passive": "O",
                    "coordination": {},
                    "clitic_type": false,
                    "aux_verbs": "O",
                    "named_entities": "O",
                    "subordination": [],
                    "np_pp_modifiers": {
                        "ids": [
                            6
                        ],
                        "texts": [
                            "d\u00e9cembre"
                        ]
                    }
                },
                "5": {
                    "text": "d\u00e9cembre",
                    "id": 6,
                    "lemma": "d\u00e9cembre",
                    "word_length": 8,
                    "word_syllables": 2,
                    "ortho_neighbors": 2,
                    "ortho_neighbors_+freq_cum": 0.48,
                    "age_of_acquisition": -1,
                    "familiarity": 5.63,
                    "lexical_frequency": 31.22,
                    "complexity": 1,
                    "hapax_legomena_lemma": 1,
                    "concrete": false,
                    "sophisticated": false,
                    "passive": "O",
                    "coordination": {},
                    "clitic_type": false,
                    "aux_verbs": "O",
                    "named_entities": "O",
                    "subordination": [],
                    "np_pp_modifiers": {
                        "ids": [],
                        "texts": []
                    }
                },
                "6": {
                    "text": "Sainte",
                    "id": 7,
                    "lemma": "Sainte",
                    "word_length": 6,
                    "word_syllables": 1,
                    "ortho_neighbors": 3,
                    "ortho_neighbors_+freq_cum": 17.7,
                    "age_of_acquisition": -1,
                    "familiarity": -1,
                    "lexical_frequency": 1e-10,
                    "complexity": "na",
                    "hapax_legomena_lemma": 1,
                    "concrete": false,
                    "sophisticated": true,
                    "passive": "O",
                    "coordination": {},
                    "clitic_type": false,
                    "aux_verbs": "O",
                    "named_entities": "B",
                    "named_entities_person": true,
                    "subordination": [],
                    "np_pp_modifiers": {
                        "ids": [],
                        "texts": []
                    }
                },
                "7": {
                    "text": "Jeanne-Fran\u00e7oise",
                    "id": 8,
                    "lemma": "Jeanne-Fran\u00e7oise",
                    "word_length": 16,
                    "word_syllables": 0,
                    "ortho_neighbors": "na",
                    "ortho_neighbors_+freq_cum": "na",
                    "age_of_acquisition": -1,
                    "familiarity": -1,
                    "lexical_frequency": 1e-10,
                    "complexity": "na",
                    "hapax_legomena_lemma": 1,
                    "concrete": false,
                    "sophisticated": true,
                    "passive": "O",
                    "coordination": {},
                    "clitic_type": false,
                    "aux_verbs": "O",
                    "named_entities": "I",
                    "named_entities_person": true,
                    "subordination": [],
                    "np_pp_modifiers": {
                        "ids": [],
                        "texts": []
                    }
                },
                "8": {
                    "text": "de",
                    "id": 9,
                    "lemma": "de",
                    "word_length": 2,
                    "word_syllables": 1,
                    "ortho_neighbors": 19,
                    "ortho_neighbors_+freq_cum": 61689.729999999996,
                    "age_of_acquisition": 4.81646273637375,
                    "familiarity": 6.89285714285714,
                    "lexical_frequency": 38928.92,
                    "complexity": "na",
                    "hapax_legomena_lemma": 0,
                    "concrete": true,
                    "sophisticated": false,
                    "passive": "O",
                    "coordination": {},
                    "clitic_type": false,
                    "aux_verbs": "O",
                    "named_entities": "O",
                    "subordination": [],
                    "np_pp_modifiers": {
                        "ids": [],
                        "texts": []
                    }
                },
                "9": {
                    "text": "Chantal",
                    "id": 10,
                    "lemma": "Chantal",
                    "word_length": 7,
                    "word_syllables": 0,
                    "ortho_neighbors": "na",
                    "ortho_neighbors_+freq_cum": "na",
                    "age_of_acquisition": -1,
                    "familiarity": -1,
                    "lexical_frequency": 1e-10,
                    "complexity": "na",
                    "hapax_legomena_lemma": 1,
                    "concrete": false,
                    "sophisticated": true,
                    "passive": "O",
                    "coordination": {},
                    "clitic_type": false,
                    "aux_verbs": "O",
                    "named_entities": "B",
                    "named_entities_person": true,
                    "subordination": [],
                    "np_pp_modifiers": {
                        "ids": [
                            9
                        ],
                        "texts": [
                            "de"
                        ]
                    }
                },
                "10": {
                    "text": "Lev\u00e9",
                    "id": 11,
                    "lemma": "lever",
                    "word_length": 4,
                    "word_syllables": 2,
                    "ortho_neighbors": 3,
                    "ortho_neighbors_+freq_cum": 67.42,
                    "age_of_acquisition": -1,
                    "familiarity": 5.08,
                    "lexical_frequency": 440.74,
                    "complexity": 1,
                    "hapax_legomena_lemma": 1,
                    "concrete": false,
                    "sophisticated": true,
                    "passive": "O",
                    "coordination": {},
                    "clitic_type": false,
                    "aux_verbs": "O",
                    "named_entities": "I",
                    "named_entities_person": true,
                    "subordination": [],
                    "np_pp_modifiers": {
                        "ids": [],
                        "texts": []
                    }
                },
                "11": {
                    "text": "de",
                    "id": 12,
                    "lemma": "de",
                    "word_length": 2,
                    "word_syllables": 1,
                    "ortho_neighbors": 19,
                    "ortho_neighbors_+freq_cum": 61689.729999999996,
                    "age_of_acquisition": 4.81646273637375,
                    "familiarity": 6.89285714285714,
                    "lexical_frequency": 38928.92,
                    "complexity": "na",
                    "hapax_legomena_lemma": 0,
                    "concrete": true,
                    "sophisticated": false,
                    "passive": "O",
                    "coordination": {},
                    "clitic_type": false,
                    "aux_verbs": "O",
                    "named_entities": "O",
                    "subordination": [],
                    "np_pp_modifiers": {
                        "ids": [],
                        "texts": []
                    }
                },
                "12": {
                    "text": "le",
                    "id": 13,
                    "lemma": "le",
                    "word_length": 2,
                    "word_syllables": 1,
                    "ortho_neighbors": 15,
                    "ortho_neighbors_+freq_cum": 86631.11,
                    "age_of_acquisition": 4.07230255839822,
                    "familiarity": 6.92857142857143,
                    "lexical_frequency": 18310.95,
                    "complexity": 1,
                    "hapax_legomena_lemma": 0,
                    "concrete": true,
                    "sophisticated": false,
                    "passive": "O",
                    "coordination": {},
                    "clitic_type": false,
                    "aux_verbs": "O",
                    "named_entities": "O",
                    "subordination": [],
                    "np_pp_modifiers": {
                        "ids": [],
                        "texts": []
                    }
                },
                "13": {
                    "text": "soleil",
                    "id": 14,
                    "lemma": "soleil",
                    "word_length": 6,
                    "word_syllables": 2,
                    "ortho_neighbors": 0,
                    "ortho_neighbors_+freq_cum": "na",
                    "age_of_acquisition": 1.42,
                    "familiarity": 6.13,
                    "lexical_frequency": 334.39,
                    "complexity": 1,
                    "hapax_legomena_lemma": 0,
                    "concrete": true,
                    "sophisticated": false,
                    "passive": "O",
                    "coordination": {},
                    "clitic_type": false,
                    "aux_verbs": "O",
                    "named_entities": "O",
                    "subordination": [],
                    "np_pp_modifiers": {
                        "ids": [
                            12,
                            15,
                            16,
                            19,
                            17,
                            20
                        ],
                        "texts": [
                            "de",
                            "08:33",
                            "Couch\u00e9",
                            "soleil",
                            "de",
                            "16:38"
                        ]
                    }
                },
                "14": {
                    "text": "08:33",
                    "id": 15,
                    "lemma": "08:33",
                    "word_length": 5,
                    "word_syllables": 0,
                    "ortho_neighbors": "na",
                    "ortho_neighbors_+freq_cum": "na",
                    "age_of_acquisition": -1,
                    "familiarity": -1,
                    "lexical_frequency": 1e-10,
                    "complexity": "na",
                    "hapax_legomena_lemma": 1,
                    "concrete": false,
                    "sophisticated": true,
                    "passive": "O",
                    "coordination": {},
                    "clitic_type": false,
                    "aux_verbs": "O",
                    "named_entities": "O",
                    "subordination": [],
                    "np_pp_modifiers": {
                        "ids": [],
                        "texts": []
                    }
                },
                "15": {
                    "text": "Couch\u00e9",
                    "id": 16,
                    "lemma": "Couch\u00e9",
                    "word_length": 6,
                    "word_syllables": 2,
                    "ortho_neighbors": 7,
                    "ortho_neighbors_+freq_cum": 66.02000000000001,
                    "age_of_acquisition": -1,
                    "familiarity": -1,
                    "lexical_frequency": 1e-10,
                    "complexity": "na",
                    "hapax_legomena_lemma": 1,
                    "concrete": false,
                    "sophisticated": true,
                    "passive": "O",
                    "coordination": {},
                    "clitic_type": false,
                    "aux_verbs": "O",
                    "named_entities": "B",
                    "named_entities_loc": true,
                    "subordination": [
                        "B0"
                    ],
                    "np_pp_modifiers": {
                        "ids": [
                            19,
                            17,
                            20
                        ],
                        "texts": [
                            "soleil",
                            "de",
                            "16:38"
                        ]
                    }
                },
                "16": {
                    "text": "de",
                    "id": 17,
                    "lemma": "de",
                    "word_length": 2,
                    "word_syllables": 1,
                    "ortho_neighbors": 19,
                    "ortho_neighbors_+freq_cum": 61689.729999999996,
                    "age_of_acquisition": 4.81646273637375,
                    "familiarity": 6.89285714285714,
                    "lexical_frequency": 38928.92,
                    "complexity": "na",
                    "hapax_legomena_lemma": 0,
                    "concrete": true,
                    "sophisticated": false,
                    "passive": "O",
                    "coordination": {},
                    "clitic_type": false,
                    "aux_verbs": "O",
                    "named_entities": "O",
                    "subordination": [
                        "I0"
                    ],
                    "np_pp_modifiers": {
                        "ids": [],
                        "texts": []
                    }
                },
                "17": {
                    "text": "le",
                    "id": 18,
                    "lemma": "le",
                    "word_length": 2,
                    "word_syllables": 1,
                    "ortho_neighbors": 15,
                    "ortho_neighbors_+freq_cum": 86631.11,
                    "age_of_acquisition": 4.07230255839822,
                    "familiarity": 6.92857142857143,
                    "lexical_frequency": 18310.95,
                    "complexity": 1,
                    "hapax_legomena_lemma": 0,
                    "concrete": true,
                    "sophisticated": false,
                    "passive": "O",
                    "coordination": {},
                    "clitic_type": false,
                    "aux_verbs": "O",
                    "named_entities": "O",
                    "subordination": [
                        "I0"
                    ],
                    "np_pp_modifiers": {
                        "ids": [],
                        "texts": []
                    }
                },
                "18": {
                    "text": "soleil",
                    "id": 19,
                    "lemma": "soleil",
                    "word_length": 6,
                    "word_syllables": 2,
                    "ortho_neighbors": 0,
                    "ortho_neighbors_+freq_cum": "na",
                    "age_of_acquisition": 1.42,
                    "familiarity": 6.13,
                    "lexical_frequency": 334.39,
                    "complexity": 1,
                    "hapax_legomena_lemma": 0,
                    "concrete": true,
                    "sophisticated": false,
                    "passive": "O",
                    "coordination": {},
                    "clitic_type": false,
                    "aux_verbs": "O",
                    "named_entities": "I",
                    "named_entities_loc": true,
                    "subordination": [
                        "I0"
                    ],
                    "np_pp_modifiers": {
                        "ids": [
                            17,
                            20
                        ],
                        "texts": [
                            "de",
                            "16:38"
                        ]
                    }
                },
                "19": {
                    "text": "16:38",
                    "id": 20,
                    "lemma": "16:38",
                    "word_length": 5,
                    "word_syllables": 0,
                    "ortho_neighbors": "na",
                    "ortho_neighbors_+freq_cum": "na",
                    "age_of_acquisition": -1,
                    "familiarity": -1,
                    "lexical_frequency": 1e-10,
                    "complexity": "na",
                    "hapax_legomena_lemma": 1,
                    "concrete": false,
                    "sophisticated": true,
                    "passive": "O",
                    "coordination": {},
                    "clitic_type": false,
                    "aux_verbs": "O",
                    "named_entities": "I",
                    "named_entities_loc": true,
                    "subordination": [
                        "I0"
                    ],
                    "np_pp_modifiers": {
                        "ids": [],
                        "texts": []
                    }
                },
                "20": {
                    "text": "Matin",
                    "id": 21,
                    "lemma": "matin",
                    "word_length": 5,
                    "word_syllables": 2,
                    "ortho_neighbors": 11,
                    "ortho_neighbors_+freq_cum": 65.31,
                    "age_of_acquisition": -1,
                    "familiarity": 6.01000022888184,
                    "lexical_frequency": 396.76,
                    "complexity": 1,
                    "hapax_legomena_lemma": 1,
                    "concrete": false,
                    "sophisticated": false,
                    "passive": "O",
                    "coordination": {},
                    "clitic_type": false,
                    "aux_verbs": "O",
                    "named_entities": "I",
                    "named_entities_loc": true,
                    "subordination": [],
                    "np_pp_modifiers": {
                        "ids": [],
                        "texts": []
                    }
                },
                "21": {
                    "text": "7",
                    "id": 22,
                    "lemma": "7",
                    "word_length": 1,
                    "word_syllables": 0,
                    "ortho_neighbors": 46,
                    "ortho_neighbors_+freq_cum": 35543.17,
                    "age_of_acquisition": -1,
                    "familiarity": -1,
                    "lexical_frequency": 1e-10,
                    "complexity": "na",
                    "hapax_legomena_lemma": 1,
                    "concrete": false,
                    "sophisticated": true,
                    "passive": "O",
                    "coordination": {},
                    "clitic_type": false,
                    "aux_verbs": "O",
                    "named_entities": "O",
                    "subordination": [],
                    "np_pp_modifiers": {
                        "ids": [],
                        "texts": []
                    }
                },
                "22": {
                    "text": "\u00b0",
                    "id": 23,
                    "lemma": "\u00b0",
                    "word_length": 1,
                    "word_syllables": 0,
                    "ortho_neighbors": "na",
                    "ortho_neighbors_+freq_cum": "na",
                    "age_of_acquisition": -1,
                    "familiarity": -1,
                    "lexical_frequency": 1e-10,
                    "complexity": "na",
                    "hapax_legomena_lemma": 0,
                    "concrete": false,
                    "sophisticated": true,
                    "passive": "O",
                    "coordination": {},
                    "clitic_type": false,
                    "aux_verbs": "O",
                    "named_entities": "O",
                    "subordination": [],
                    "np_pp_modifiers": {
                        "ids": [
                            21,
                            22,
                            24,
                            25
                        ],
                        "texts": [
                            "Matin",
                            "7",
                            "C",
                            "Apr\u00e8s-midi"
                        ]
                    }
                },
                "23": {
                    "text": "C",
                    "id": 24,
                    "lemma": "C",
                    "word_length": 1,
                    "word_syllables": 1,
                    "ortho_neighbors": 46,
                    "ortho_neighbors_+freq_cum": 35990.42999999999,
                    "age_of_acquisition": -1,
                    "familiarity": -1,
                    "lexical_frequency": 1e-10,
                    "complexity": "na",
                    "hapax_legomena_lemma": 0,
                    "concrete": false,
                    "sophisticated": true,
                    "passive": "O",
                    "coordination": {},
                    "clitic_type": false,
                    "aux_verbs": "O",
                    "named_entities": "B",
                    "named_entities_loc": true,
                    "subordination": [],
                    "np_pp_modifiers": {
                        "ids": [],
                        "texts": []
                    }
                },
                "24": {
                    "text": "Apr\u00e8s-midi",
                    "id": 25,
                    "lemma": "apr\u00e8s-midi",
                    "word_length": 10,
                    "word_syllables": 0,
                    "ortho_neighbors": "na",
                    "ortho_neighbors_+freq_cum": "na",
                    "age_of_acquisition": -1,
                    "familiarity": 6.23999977111816,
                    "lexical_frequency": 1e-10,
                    "complexity": "na",
                    "hapax_legomena_lemma": 0,
                    "concrete": false,
                    "sophisticated": false,
                    "passive": "O",
                    "coordination": {},
                    "clitic_type": false,
                    "aux_verbs": "O",
                    "named_entities": "I",
                    "named_entities_loc": true,
                    "subordination": [],
                    "np_pp_modifiers": {
                        "ids": [],
                        "texts": []
                    }
                },
                "25": {
                    "text": "11",
                    "id": 26,
                    "lemma": "11",
                    "word_length": 2,
                    "word_syllables": 0,
                    "ortho_neighbors": "na",
                    "ortho_neighbors_+freq_cum": "na",
                    "age_of_acquisition": -1,
                    "familiarity": -1,
                    "lexical_frequency": 1e-10,
                    "complexity": "na",
                    "hapax_legomena_lemma": 1,
                    "concrete": false,
                    "sophisticated": true,
                    "passive": "O",
                    "coordination": {},
                    "clitic_type": false,
                    "aux_verbs": "O",
                    "named_entities": "O",
                    "subordination": [],
                    "np_pp_modifiers": {
                        "ids": [],
                        "texts": []
                    }
                },
                "26": {
                    "text": "\u00b0",
                    "id": 27,
                    "lemma": "\u00b0",
                    "word_length": 1,
                    "word_syllables": 0,
                    "ortho_neighbors": "na",
                    "ortho_neighbors_+freq_cum": "na",
                    "age_of_acquisition": -1,
                    "familiarity": -1,
                    "lexical_frequency": 1e-10,
                    "complexity": "na",
                    "hapax_legomena_lemma": 0,
                    "concrete": false,
                    "sophisticated": true,
                    "passive": "O",
                    "coordination": {},
                    "clitic_type": false,
                    "aux_verbs": "O",
                    "named_entities": "O",
                    "subordination": [],
                    "np_pp_modifiers": {
                        "ids": [
                            26,
                            28,
                            29
                        ],
                        "texts": [
                            "11",
                            "C",
                            "Soir"
                        ]
                    }
                },
                "27": {
                    "text": "C",
                    "id": 28,
                    "lemma": "C",
                    "word_length": 1,
                    "word_syllables": 1,
                    "ortho_neighbors": 46,
                    "ortho_neighbors_+freq_cum": 35990.42999999999,
                    "age_of_acquisition": -1,
                    "familiarity": -1,
                    "lexical_frequency": 1e-10,
                    "complexity": "na",
                    "hapax_legomena_lemma": 0,
                    "concrete": false,
                    "sophisticated": true,
                    "passive": "O",
                    "coordination": {},
                    "clitic_type": false,
                    "aux_verbs": "O",
                    "named_entities": "B",
                    "named_entities_loc": true,
                    "subordination": [],
                    "np_pp_modifiers": {
                        "ids": [],
                        "texts": []
                    }
                },
                "28": {
                    "text": "Soir",
                    "id": 29,
                    "lemma": "Soir",
                    "word_length": 4,
                    "word_syllables": 1,
                    "ortho_neighbors": 9,
                    "ortho_neighbors_+freq_cum": 1317.97,
                    "age_of_acquisition": -1,
                    "familiarity": -1,
                    "lexical_frequency": 1e-10,
                    "complexity": 1,
                    "hapax_legomena_lemma": 1,
                    "concrete": false,
                    "sophisticated": false,
                    "passive": "O",
                    "coordination": {},
                    "clitic_type": false,
                    "aux_verbs": "O",
                    "named_entities": "I",
                    "named_entities_loc": true,
                    "subordination": [],
                    "np_pp_modifiers": {
                        "ids": [],
                        "texts": []
                    }
                },
                "29": {
                    "text": "10",
                    "id": 30,
                    "lemma": "10",
                    "word_length": 2,
                    "word_syllables": 0,
                    "ortho_neighbors": "na",
                    "ortho_neighbors_+freq_cum": "na",
                    "age_of_acquisition": -1,
                    "familiarity": -1,
                    "lexical_frequency": 1e-10,
                    "complexity": "na",
                    "hapax_legomena_lemma": 1,
                    "concrete": false,
                    "sophisticated": true,
                    "passive": "O",
                    "coordination": {},
                    "clitic_type": false,
                    "aux_verbs": "O",
                    "named_entities": "O",
                    "subordination": [],
                    "np_pp_modifiers": {
                        "ids": [],
                        "texts": []
                    }
                },
                "30": {
                    "text": "\u00b0",
                    "id": 31,
                    "lemma": "\u00b0",
                    "word_length": 1,
                    "word_syllables": 0,
                    "ortho_neighbors": "na",
                    "ortho_neighbors_+freq_cum": "na",
                    "age_of_acquisition": -1,
                    "familiarity": -1,
                    "lexical_frequency": 1e-10,
                    "complexity": "na",
                    "hapax_legomena_lemma": 0,
                    "concrete": false,
                    "sophisticated": true,
                    "passive": "O",
                    "coordination": {},
                    "clitic_type": false,
                    "aux_verbs": "O",
                    "named_entities": "O",
                    "subordination": [],
                    "np_pp_modifiers": {
                        "ids": [
                            30,
                            32,
                            33
                        ],
                        "texts": [
                            "10",
                            "C",
                            "Nuit"
                        ]
                    }
                },
                "31": {
                    "text": "C",
                    "id": 32,
                    "lemma": "C",
                    "word_length": 1,
                    "word_syllables": 1,
                    "ortho_neighbors": 46,
                    "ortho_neighbors_+freq_cum": 35990.42999999999,
                    "age_of_acquisition": -1,
                    "familiarity": -1,
                    "lexical_frequency": 1e-10,
                    "complexity": "na",
                    "hapax_legomena_lemma": 0,
                    "concrete": false,
                    "sophisticated": true,
                    "passive": "O",
                    "coordination": {},
                    "clitic_type": false,
                    "aux_verbs": "O",
                    "named_entities": "B",
                    "named_entities_loc": true,
                    "subordination": [],
                    "np_pp_modifiers": {
                        "ids": [],
                        "texts": []
                    }
                },
                "32": {
                    "text": "Nuit",
                    "id": 33,
                    "lemma": "nuit",
                    "word_length": 4,
                    "word_syllables": 1,
                    "ortho_neighbors": 7,
                    "ortho_neighbors_+freq_cum": 169.35000000000002,
                    "age_of_acquisition": 4.13904338153504,
                    "familiarity": 5.89285714285714,
                    "lexical_frequency": 738.24,
                    "complexity": 1,
                    "hapax_legomena_lemma": 0,
                    "concrete": true,
                    "sophisticated": false,
                    "passive": "O",
                    "coordination": {},
                    "clitic_type": false,
                    "aux_verbs": "O",
                    "named_entities": "I",
                    "named_entities_loc": true,
                    "subordination": [],
                    "np_pp_modifiers": {
                        "ids": [],
                        "texts": []
                    }
                },
                "33": {
                    "text": "9",
                    "id": 34,
                    "lemma": "9",
                    "word_length": 1,
                    "word_syllables": 0,
                    "ortho_neighbors": 46,
                    "ortho_neighbors_+freq_cum": 34716.329999999994,
                    "age_of_acquisition": -1,
                    "familiarity": -1,
                    "lexical_frequency": 1e-10,
                    "complexity": "na",
                    "hapax_legomena_lemma": 1,
                    "concrete": false,
                    "sophisticated": true,
                    "passive": "O",
                    "coordination": {},
                    "clitic_type": false,
                    "aux_verbs": "O",
                    "named_entities": "O",
                    "subordination": [],
                    "np_pp_modifiers": {
                        "ids": [],
                        "texts": []
                    }
                },
                "34": {
                    "text": "\u00b0",
                    "id": 35,
                    "lemma": "\u00b0",
                    "word_length": 1,
                    "word_syllables": 0,
                    "ortho_neighbors": "na",
                    "ortho_neighbors_+freq_cum": "na",
                    "age_of_acquisition": -1,
                    "familiarity": -1,
                    "lexical_frequency": 1e-10,
                    "complexity": "na",
                    "hapax_legomena_lemma": 0,
                    "concrete": false,
                    "sophisticated": true,
                    "passive": "O",
                    "coordination": {},
                    "clitic_type": false,
                    "aux_verbs": "O",
                    "named_entities": "O",
                    "subordination": [],
                    "np_pp_modifiers": {
                        "ids": [
                            34,
                            36,
                            37
                        ],
                        "texts": [
                            "9",
                            "C",
                            "Instable"
                        ]
                    }
                },
                "35": {
                    "text": "C",
                    "id": 36,
                    "lemma": "C",
                    "word_length": 1,
                    "word_syllables": 1,
                    "ortho_neighbors": 46,
                    "ortho_neighbors_+freq_cum": 35990.42999999999,
                    "age_of_acquisition": -1,
                    "familiarity": -1,
                    "lexical_frequency": 1e-10,
                    "complexity": "na",
                    "hapax_legomena_lemma": 0,
                    "concrete": false,
                    "sophisticated": true,
                    "passive": "O",
                    "coordination": {},
                    "clitic_type": false,
                    "aux_verbs": "O",
                    "named_entities": "B",
                    "named_entities_loc": true,
                    "subordination": [],
                    "np_pp_modifiers": {
                        "ids": [],
                        "texts": []
                    }
                },
                "36": {
                    "text": "Instable",
                    "id": 37,
                    "lemma": "instable",
                    "word_length": 8,
                    "word_syllables": 2,
                    "ortho_neighbors": 1,
                    "ortho_neighbors_+freq_cum": 11.97,
                    "age_of_acquisition": -1,
                    "familiarity": -1,
                    "lexical_frequency": 4.93,
                    "complexity": 4,
                    "hapax_legomena_lemma": 1,
                    "concrete": false,
                    "sophisticated": false,
                    "passive": "O",
                    "coordination": {},
                    "clitic_type": false,
                    "aux_verbs": "O",
                    "named_entities": "I",
                    "named_entities_loc": true,
                    "subordination": [],
                    "np_pp_modifiers": {
                        "ids": [],
                        "texts": []
                    }
                },
                "37": {
                    "text": "avec",
                    "id": 38,
                    "lemma": "avec",
                    "word_length": 4,
                    "word_syllables": 2,
                    "ortho_neighbors": 5,
                    "ortho_neighbors_+freq_cum": 229.0,
                    "age_of_acquisition": -1,
                    "familiarity": -1,
                    "lexical_frequency": 4000.41,
                    "complexity": "na",
                    "hapax_legomena_lemma": 1,
                    "concrete": false,
                    "sophisticated": false,
                    "passive": "O",
                    "coordination": {},
                    "clitic_type": false,
                    "aux_verbs": "O",
                    "named_entities": "O",
                    "subordination": [],
                    "np_pp_modifiers": {
                        "ids": [],
                        "texts": []
                    }
                },
                "38": {
                    "text": "un",
                    "id": 39,
                    "lemma": "un",
                    "word_length": 2,
                    "word_syllables": 1,
                    "ortho_neighbors": 7,
                    "ortho_neighbors_+freq_cum": 15126.64,
                    "age_of_acquisition": 3.46162402669633,
                    "familiarity": 6.75,
                    "lexical_frequency": 13550.68,
                    "complexity": 1,
                    "hapax_legomena_lemma": 0,
                    "concrete": true,
                    "sophisticated": false,
                    "passive": "O",
                    "coordination": {},
                    "clitic_type": false,
                    "aux_verbs": "O",
                    "named_entities": "O",
                    "subordination": [],
                    "np_pp_modifiers": {
                        "ids": [],
                        "texts": []
                    }
                },
                "39": {
                    "text": "ciel",
                    "id": 40,
                    "lemma": "ciel",
                    "word_length": 4,
                    "word_syllables": 1,
                    "ortho_neighbors": 3,
                    "ortho_neighbors_+freq_cum": 12.969999999999999,
                    "age_of_acquisition": 5.34927697441602,
                    "familiarity": 4.96428571428571,
                    "lexical_frequency": 305.2,
                    "complexity": "na",
                    "hapax_legomena_lemma": 1,
                    "concrete": true,
                    "sophisticated": false,
                    "passive": "O",
                    "coordination": {
                        "conjuncts": [
                            45
                        ],
                        "cc": [
                            43
                        ]
                    },
                    "clitic_type": false,
                    "aux_verbs": "O",
                    "named_entities": "O",
                    "subordination": [],
                    "np_pp_modifiers": {
                        "ids": [
                            38,
                            42
                        ],
                        "texts": [
                            "avec",
                            "nuageux"
                        ]
                    }
                },
                "40": {
                    "text": "majoritairement",
                    "id": 41,
                    "lemma": "majoritairement",
                    "word_length": 15,
                    "word_syllables": 5,
                    "ortho_neighbors": 0,
                    "ortho_neighbors_+freq_cum": "na",
                    "age_of_acquisition": -1,
                    "familiarity": -1,
                    "lexical_frequency": 0.0,
                    "complexity": "na",
                    "hapax_legomena_lemma": 1,
                    "concrete": false,
                    "sophisticated": true,
                    "passive": "O",
                    "coordination": {},
                    "clitic_type": false,
                    "aux_verbs": "O",
                    "named_entities": "O",
                    "subordination": [],
                    "np_pp_modifiers": {
                        "ids": [],
                        "texts": []
                    }
                },
                "41": {
                    "text": "nuageux",
                    "id": 42,
                    "lemma": "nuageux",
                    "word_length": 7,
                    "word_syllables": 2,
                    "ortho_neighbors": 0,
                    "ortho_neighbors_+freq_cum": "na",
                    "age_of_acquisition": -1,
                    "familiarity": -1,
                    "lexical_frequency": 1.28,
                    "complexity": 3,
                    "hapax_legomena_lemma": 1,
                    "concrete": false,
                    "sophisticated": true,
                    "passive": "O",
                    "coordination": {},
                    "clitic_type": false,
                    "aux_verbs": "O",
                    "named_entities": "O",
                    "subordination": [],
                    "np_pp_modifiers": {
                        "ids": [],
                        "texts": []
                    }
                },
                "42": {
                    "text": "et",
                    "id": 43,
                    "lemma": "et",
                    "word_length": 2,
                    "word_syllables": 1,
                    "ortho_neighbors": 5,
                    "ortho_neighbors_+freq_cum": 11242.619999999999,
                    "age_of_acquisition": 3.99777530589544,
                    "familiarity": 6.96428571428571,
                    "lexical_frequency": 20879.73,
                    "complexity": 1,
                    "hapax_legomena_lemma": 0,
                    "concrete": true,
                    "sophisticated": false,
                    "passive": "O",
                    "coordination": {},
                    "clitic_type": false,
                    "aux_verbs": "O",
                    "named_entities": "O",
                    "subordination": [],
                    "np_pp_modifiers": {
                        "ids": [],
                        "texts": []
                    }
                },
                "43": {
                    "text": "un",
                    "id": 44,
                    "lemma": "un",
                    "word_length": 2,
                    "word_syllables": 1,
                    "ortho_neighbors": 7,
                    "ortho_neighbors_+freq_cum": 15126.64,
                    "age_of_acquisition": 3.46162402669633,
                    "familiarity": 6.75,
                    "lexical_frequency": 13550.68,
                    "complexity": 1,
                    "hapax_legomena_lemma": 0,
                    "concrete": true,
                    "sophisticated": false,
                    "passive": "O",
                    "coordination": {},
                    "clitic_type": false,
                    "aux_verbs": "O",
                    "named_entities": "O",
                    "subordination": [],
                    "np_pp_modifiers": {
                        "ids": [],
                        "texts": []
                    }
                },
                "44": {
                    "text": "risque",
                    "id": 45,
                    "lemma": "risque",
                    "word_length": 6,
                    "word_syllables": 1,
                    "ortho_neighbors": 4,
                    "ortho_neighbors_+freq_cum": 31.490000000000002,
                    "age_of_acquisition": 8.03448275862069,
                    "familiarity": 4.85714285714286,
                    "lexical_frequency": 50.27,
                    "complexity": "na",
                    "hapax_legomena_lemma": 1,
                    "concrete": true,
                    "sophisticated": false,
                    "passive": "O",
                    "coordination": {},
                    "clitic_type": false,
                    "aux_verbs": "O",
                    "named_entities": "O",
                    "subordination": [],
                    "np_pp_modifiers": {
                        "ids": [
                            47,
                            46,
                            49
                        ],
                        "texts": [
                            "averses",
                            "d'",
                            "pr\u00e9sent"
                        ]
                    }
                },
                "45": {
                    "text": "d'",
                    "id": 46,
                    "lemma": "de",
                    "word_length": 2,
                    "word_syllables": 1,
                    "ortho_neighbors": 14,
                    "ortho_neighbors_+freq_cum": 54107.80999999998,
                    "age_of_acquisition": 4.81646273637375,
                    "familiarity": 6.89285714285714,
                    "lexical_frequency": 38928.92,
                    "complexity": "na",
                    "hapax_legomena_lemma": 0,
                    "concrete": true,
                    "sophisticated": true,
                    "passive": "O",
                    "coordination": {},
                    "clitic_type": false,
                    "aux_verbs": "O",
                    "named_entities": "O",
                    "subordination": [],
                    "np_pp_modifiers": {
                        "ids": [],
                        "texts": []
                    }
                },
                "46": {
                    "text": "averses",
                    "id": 47,
                    "lemma": "averse",
                    "word_length": 7,
                    "word_syllables": 2,
                    "ortho_neighbors": 0,
                    "ortho_neighbors_+freq_cum": "na",
                    "age_of_acquisition": -1,
                    "familiarity": 2.85,
                    "lexical_frequency": 11.96,
                    "complexity": 4,
                    "hapax_legomena_lemma": 1,
                    "concrete": false,
                    "sophisticated": true,
                    "passive": "O",
                    "coordination": {},
                    "clitic_type": false,
                    "aux_verbs": "O",
                    "named_entities": "O",
                    "subordination": [],
                    "np_pp_modifiers": {
                        "ids": [
                            46
                        ],
                        "texts": [
                            "d'"
                        ]
                    }
                },
                "47": {
                    "text": "notamment",
                    "id": 48,
                    "lemma": "notamment",
                    "word_length": 9,
                    "word_syllables": 3,
                    "ortho_neighbors": 0,
                    "ortho_neighbors_+freq_cum": "na",
                    "age_of_acquisition": -1,
                    "familiarity": -1,
                    "lexical_frequency": 20.2,
                    "complexity": "na",
                    "hapax_legomena_lemma": 1,
                    "concrete": false,
                    "sophisticated": false,
                    "passive": "O",
                    "coordination": {},
                    "clitic_type": false,
                    "aux_verbs": "O",
                    "named_entities": "O",
                    "subordination": [],
                    "np_pp_modifiers": {
                        "ids": [],
                        "texts": []
                    }
                },
                "48": {
                    "text": "pr\u00e9sent",
                    "id": 49,
                    "lemma": "pr\u00e9sent",
                    "word_length": 7,
                    "word_syllables": 2,
                    "ortho_neighbors": 1,
                    "ortho_neighbors_+freq_cum": 0.1,
                    "age_of_acquisition": -1,
                    "familiarity": 5.19,
                    "lexical_frequency": 80.74,
                    "complexity": 1,
                    "hapax_legomena_lemma": 1,
                    "concrete": false,
                    "sophisticated": false,
                    "passive": "O",
                    "coordination": {},
                    "clitic_type": false,
                    "aux_verbs": "O",
                    "named_entities": "O",
                    "subordination": [],
                    "np_pp_modifiers": {
                        "ids": [],
                        "texts": []
                    }
                },
                "49": {
                    "text": "entre",
                    "id": 50,
                    "lemma": "entre",
                    "word_length": 5,
                    "word_syllables": 1,
                    "ortho_neighbors": 4,
                    "ortho_neighbors_+freq_cum": 68.32,
                    "age_of_acquisition": 5.58690476190476,
                    "familiarity": 6.46428571428571,
                    "lexical_frequency": 833.99,
                    "complexity": "na",
                    "hapax_legomena_lemma": 1,
                    "concrete": true,
                    "sophisticated": false,
                    "passive": "O",
                    "coordination": {},
                    "clitic_type": false,
                    "aux_verbs": "O",
                    "named_entities": "O",
                    "subordination": [],
                    "np_pp_modifiers": {
                        "ids": [],
                        "texts": []
                    }
                },
                "50": {
                    "text": "l'",
                    "id": 51,
                    "lemma": "le",
                    "word_length": 2,
                    "word_syllables": 1,
                    "ortho_neighbors": "na",
                    "ortho_neighbors_+freq_cum": "na",
                    "age_of_acquisition": 4.07230255839822,
                    "familiarity": 6.92857142857143,
                    "lexical_frequency": 18310.95,
                    "complexity": 1,
                    "hapax_legomena_lemma": 0,
                    "concrete": true,
                    "sophisticated": false,
                    "passive": "O",
                    "coordination": {},
                    "clitic_type": false,
                    "aux_verbs": "O",
                    "named_entities": "O",
                    "subordination": [],
                    "np_pp_modifiers": {
                        "ids": [],
                        "texts": []
                    }
                },
                "51": {
                    "text": "apr\u00e8s-midi",
                    "id": 52,
                    "lemma": "apr\u00e8s-midi",
                    "word_length": 10,
                    "word_syllables": 0,
                    "ortho_neighbors": "na",
                    "ortho_neighbors_+freq_cum": "na",
                    "age_of_acquisition": -1,
                    "familiarity": 6.23999977111816,
                    "lexical_frequency": 1e-10,
                    "complexity": "na",
                    "hapax_legomena_lemma": 0,
                    "concrete": false,
                    "sophisticated": false,
                    "passive": "O",
                    "coordination": {
                        "conjuncts": [
                            55
                        ],
                        "cc": [
                            53
                        ]
                    },
                    "clitic_type": false,
                    "aux_verbs": "O",
                    "named_entities": "O",
                    "subordination": [],
                    "np_pp_modifiers": {
                        "ids": [
                            50
                        ],
                        "texts": [
                            "entre"
                        ]
                    }
                },
                "52": {
                    "text": "et",
                    "id": 53,
                    "lemma": "et",
                    "word_length": 2,
                    "word_syllables": 1,
                    "ortho_neighbors": 5,
                    "ortho_neighbors_+freq_cum": 11242.619999999999,
                    "age_of_acquisition": 3.99777530589544,
                    "familiarity": 6.96428571428571,
                    "lexical_frequency": 20879.73,
                    "complexity": 1,
                    "hapax_legomena_lemma": 0,
                    "concrete": true,
                    "sophisticated": false,
                    "passive": "O",
                    "coordination": {},
                    "clitic_type": false,
                    "aux_verbs": "O",
                    "named_entities": "O",
                    "subordination": [],
                    "np_pp_modifiers": {
                        "ids": [],
                        "texts": []
                    }
                },
                "53": {
                    "text": "la",
                    "id": 54,
                    "lemma": "le",
                    "word_length": 2,
                    "word_syllables": 1,
                    "ortho_neighbors": 19,
                    "ortho_neighbors_+freq_cum": 24555.15,
                    "age_of_acquisition": 4.07230255839822,
                    "familiarity": 6.92857142857143,
                    "lexical_frequency": 18310.95,
                    "complexity": 1,
                    "hapax_legomena_lemma": 0,
                    "concrete": true,
                    "sophisticated": false,
                    "passive": "O",
                    "coordination": {},
                    "clitic_type": false,
                    "aux_verbs": "O",
                    "named_entities": "O",
                    "subordination": [],
                    "np_pp_modifiers": {
                        "ids": [],
                        "texts": []
                    }
                },
                "54": {
                    "text": "nuit",
                    "id": 55,
                    "lemma": "nuit",
                    "word_length": 4,
                    "word_syllables": 1,
                    "ortho_neighbors": 7,
                    "ortho_neighbors_+freq_cum": 169.35000000000002,
                    "age_of_acquisition": 4.13904338153504,
                    "familiarity": 5.89285714285714,
                    "lexical_frequency": 738.24,
                    "complexity": 1,
                    "hapax_legomena_lemma": 0,
                    "concrete": true,
                    "sophisticated": false,
                    "passive": "O",
                    "coordination": {},
                    "clitic_type": false,
                    "aux_verbs": "O",
                    "named_entities": "O",
                    "subordination": [],
                    "np_pp_modifiers": {
                        "ids": [
                            56
                        ],
                        "texts": [
                            "suivante"
                        ]
                    }
                },
                "55": {
                    "text": "suivante",
                    "id": 56,
                    "lemma": "suivant",
                    "word_length": 8,
                    "word_syllables": 2,
                    "ortho_neighbors": 1,
                    "ortho_neighbors_+freq_cum": 22.94,
                    "age_of_acquisition": -1,
                    "familiarity": -1,
                    "lexical_frequency": 51.08,
                    "complexity": 3,
                    "hapax_legomena_lemma": 1,
                    "concrete": false,
                    "sophisticated": true,
                    "passive": "O",
                    "coordination": {},
                    "clitic_type": false,
                    "aux_verbs": "O",
                    "named_entities": "O",
                    "subordination": [],
                    "np_pp_modifiers": {
                        "ids": [],
                        "texts": []
                    }
                },
                "56": {
                    "text": ".",
                    "id": 57,
                    "lemma": ".",
                    "word_length": 1,
                    "word_syllables": 0,
                    "ortho_neighbors": "na",
                    "ortho_neighbors_+freq_cum": "na",
                    "age_of_acquisition": -1,
                    "familiarity": -1,
                    "lexical_frequency": 1e-10,
                    "complexity": "na",
                    "hapax_legomena_lemma": "na",
                    "concrete": false,
                    "sophisticated": true,
                    "passive": "O",
                    "coordination": {},
                    "clitic_type": false,
                    "aux_verbs": "O",
                    "named_entities": "O",
                    "subordination": [],
                    "np_pp_modifiers": {
                        "ids": [],
                        "texts": []
                    }
                }
            },
            "features": {
                "parse_depth": 8,
                "sentence_length": 57,
                "ratio_passive_per_token": 0.0,
                "ratio_passive_per_verb": 0.0,
                "total_token_ratio_passive": 0.0,
                "max_size_passive": 0,
                "ratio_heads_per_token": 1.0,
                "max_nb_heads": 1,
                "max_dist_head_to_coord": 5,
                "ratio_coordination_per_token": 0.03508771929824561,
                "total_token_ratio_coordination": 0.03508771929824561,
                "max_size_coordination": 1,
                "ratio_aux_verbs_per_token": 0.0,
                "ratio_aux_verbs_per_verb": 0.0,
                "total_token_ratio_aux_verbs": 0.0,
                "max_size_aux_verbs": 0,
                "ratio_named_entities_per_token": 0.14035087719298245,
                "ratio_named_entities_per_verb": 8.0,
                "total_token_ratio_named_entities": 0.2982456140350877,
                "max_size_named_entities": 3,
                "max_size_np_pp_modifiers": 8,
                "max_size_subordination": 5,
                "words_before_verb": 0,
                "words_after_verb": 6
            }
        },
        "1": {
            "words": {
                "0": {
                    "text": "Records",
                    "id": 1,
                    "lemma": "Records",
                    "word_length": 7,
                    "word_syllables": 2,
                    "ortho_neighbors": 2,
                    "ortho_neighbors_+freq_cum": 43.96,
                    "age_of_acquisition": -1,
                    "familiarity": 4.07000017166138,
                    "lexical_frequency": 7.03,
                    "complexity": 3,
                    "hapax_legomena_lemma": 1,
                    "concrete": false,
                    "sophisticated": true,
                    "passive": "O",
                    "coordination": {},
                    "clitic_type": false,
                    "aux_verbs": "O",
                    "named_entities": "B",
                    "subordination": [],
                    "np_pp_modifiers": {
                        "ids": [
                            4,
                            3,
                            5,
                            7,
                            12,
                            9,
                            11,
                            13,
                            15,
                            18,
                            17,
                            20,
                            19,
                            21,
                            22,
                            23
                        ],
                        "texts": [
                            "\u00b0",
                            "13.5",
                            "C",
                            "2000",
                            "\u00b0",
                            "Froid",
                            "13.3",
                            "C",
                            "1844",
                            "mini",
                            "Normale",
                            "\u00b0",
                            "2.4",
                            "C",
                            "Normale",
                            "maxi"
                        ]
                    }
                },
                "1": {
                    "text": "Chaleur",
                    "id": 2,
                    "lemma": "Chaleur",
                    "word_length": 7,
                    "word_syllables": 2,
                    "ortho_neighbors": 1,
                    "ortho_neighbors_+freq_cum": 21.29,
                    "age_of_acquisition": -1,
                    "familiarity": 5.43,
                    "lexical_frequency": 1.69,
                    "complexity": 1,
                    "hapax_legomena_lemma": 1,
                    "concrete": false,
                    "sophisticated": true,
                    "passive": "O",
                    "coordination": {},
                    "clitic_type": false,
                    "aux_verbs": "O",
                    "named_entities": "I",
                    "subordination": [],
                    "np_pp_modifiers": {
                        "ids": [],
                        "texts": []
                    }
                },
                "2": {
                    "text": "13.5",
                    "id": 3,
                    "lemma": "13.5",
                    "word_length": 4,
                    "word_syllables": 0,
                    "ortho_neighbors": "na",
                    "ortho_neighbors_+freq_cum": "na",
                    "age_of_acquisition": -1,
                    "familiarity": -1,
                    "lexical_frequency": 1e-10,
                    "complexity": "na",
                    "hapax_legomena_lemma": 1,
                    "concrete": false,
                    "sophisticated": true,
                    "passive": "O",
                    "coordination": {},
                    "clitic_type": false,
                    "aux_verbs": "O",
                    "named_entities": "O",
                    "subordination": [],
                    "np_pp_modifiers": {
                        "ids": [],
                        "texts": []
                    }
                },
                "3": {
                    "text": "\u00b0",
                    "id": 4,
                    "lemma": "\u00b0",
                    "word_length": 1,
                    "word_syllables": 0,
                    "ortho_neighbors": 5,
                    "ortho_neighbors_+freq_cum": 9.03,
                    "age_of_acquisition": -1,
                    "familiarity": 5.74,
                    "lexical_frequency": 16.28,
                    "complexity": 1,
                    "hapax_legomena_lemma": 1,
                    "concrete": false,
                    "sophisticated": false,
                    "passive": "O",
                    "coordination": {},
                    "clitic_type": false,
                    "aux_verbs": "O",
                    "named_entities": "O",
                    "subordination": [],
                    "np_pp_modifiers": {
                        "ids": [
                            3,
                            5
                        ],
                        "texts": [
                            "13.5",
                            "C"
                        ]
                    }
                },
                "4": {
                    "text": "C",
                    "id": 5,
                    "lemma": "C",
                    "word_length": 1,
                    "word_syllables": 1,
                    "ortho_neighbors": "na",
                    "ortho_neighbors_+freq_cum": "na",
                    "age_of_acquisition": -1,
                    "familiarity": -1,
                    "lexical_frequency": 1e-10,
                    "complexity": "na",
                    "hapax_legomena_lemma": 1,
                    "concrete": false,
                    "sophisticated": true,
                    "passive": "O",
                    "coordination": {},
                    "clitic_type": false,
                    "aux_verbs": "O",
                    "named_entities": "O",
                    "subordination": [],
                    "np_pp_modifiers": {
                        "ids": [],
                        "texts": []
                    }
                },
                "5": {
                    "text": "(",
                    "id": 6,
                    "lemma": "(",
                    "word_length": 1,
                    "word_syllables": 0,
                    "ortho_neighbors": 2,
                    "ortho_neighbors_+freq_cum": 0.48,
                    "age_of_acquisition": -1,
                    "familiarity": 5.63,
                    "lexical_frequency": 31.22,
                    "complexity": 1,
                    "hapax_legomena_lemma": 1,
                    "concrete": false,
                    "sophisticated": false,
                    "passive": "O",
                    "coordination": {},
                    "clitic_type": false,
                    "aux_verbs": "O",
                    "named_entities": "O",
                    "subordination": [],
                    "np_pp_modifiers": {
                        "ids": [],
                        "texts": []
                    }
                },
                "6": {
                    "text": "2000",
                    "id": 7,
                    "lemma": "2000",
                    "word_length": 4,
                    "word_syllables": 0,
                    "ortho_neighbors": 3,
                    "ortho_neighbors_+freq_cum": 17.7,
                    "age_of_acquisition": -1,
                    "familiarity": -1,
                    "lexical_frequency": 1e-10,
                    "complexity": "na",
                    "hapax_legomena_lemma": 1,
                    "concrete": false,
                    "sophisticated": true,
                    "passive": "O",
                    "coordination": {},
                    "clitic_type": false,
                    "aux_verbs": "O",
                    "named_entities": "O",
                    "subordination": [],
                    "np_pp_modifiers": {
                        "ids": [],
                        "texts": []
                    }
                },
                "7": {
                    "text": ")",
                    "id": 8,
                    "lemma": ")",
                    "word_length": 1,
                    "word_syllables": 0,
                    "ortho_neighbors": "na",
                    "ortho_neighbors_+freq_cum": "na",
                    "age_of_acquisition": -1,
                    "familiarity": -1,
                    "lexical_frequency": 1e-10,
                    "complexity": "na",
                    "hapax_legomena_lemma": 1,
                    "concrete": false,
                    "sophisticated": true,
                    "passive": "O",
                    "coordination": {},
                    "clitic_type": false,
                    "aux_verbs": "O",
                    "named_entities": "O",
                    "subordination": [],
                    "np_pp_modifiers": {
                        "ids": [],
                        "texts": []
                    }
                },
                "8": {
                    "text": "Froid",
                    "id": 9,
                    "lemma": "froid",
                    "word_length": 5,
                    "word_syllables": 1,
                    "ortho_neighbors": 19,
                    "ortho_neighbors_+freq_cum": 61689.729999999996,
                    "age_of_acquisition": 4.81646273637375,
                    "familiarity": 6.89285714285714,
                    "lexical_frequency": 38928.92,
                    "complexity": "na",
                    "hapax_legomena_lemma": 0,
                    "concrete": true,
                    "sophisticated": false,
                    "passive": "O",
                    "coordination": {},
                    "clitic_type": false,
                    "aux_verbs": "O",
                    "named_entities": "B",
                    "named_entities_loc": true,
                    "subordination": [],
                    "np_pp_modifiers": {
                        "ids": [],
                        "texts": []
                    }
                },
                "9": {
                    "text": "-",
                    "id": 10,
                    "lemma": "-",
                    "word_length": 1,
                    "word_syllables": 0,
                    "ortho_neighbors": "na",
                    "ortho_neighbors_+freq_cum": "na",
                    "age_of_acquisition": -1,
                    "familiarity": -1,
                    "lexical_frequency": 1e-10,
                    "complexity": "na",
                    "hapax_legomena_lemma": 1,
                    "concrete": false,
                    "sophisticated": true,
                    "passive": "O",
                    "coordination": {},
                    "clitic_type": false,
                    "aux_verbs": "O",
                    "named_entities": "O",
                    "subordination": [],
                    "np_pp_modifiers": {
                        "ids": [],
                        "texts": []
                    }
                },
                "10": {
                    "text": "13.3",
                    "id": 11,
                    "lemma": "13.3",
                    "word_length": 4,
                    "word_syllables": 0,
                    "ortho_neighbors": 3,
                    "ortho_neighbors_+freq_cum": 67.42,
                    "age_of_acquisition": -1,
                    "familiarity": 5.08,
                    "lexical_frequency": 440.74,
                    "complexity": 1,
                    "hapax_legomena_lemma": 1,
                    "concrete": false,
                    "sophisticated": true,
                    "passive": "O",
                    "coordination": {},
                    "clitic_type": false,
                    "aux_verbs": "O",
                    "named_entities": "O",
                    "subordination": [],
                    "np_pp_modifiers": {
                        "ids": [],
                        "texts": []
                    }
                },
                "11": {
                    "text": "\u00b0",
                    "id": 12,
                    "lemma": "\u00b0",
                    "word_length": 1,
                    "word_syllables": 0,
                    "ortho_neighbors": 19,
                    "ortho_neighbors_+freq_cum": 61689.729999999996,
                    "age_of_acquisition": 4.81646273637375,
                    "familiarity": 6.89285714285714,
                    "lexical_frequency": 38928.92,
                    "complexity": "na",
                    "hapax_legomena_lemma": 0,
                    "concrete": true,
                    "sophisticated": false,
                    "passive": "O",
                    "coordination": {},
                    "clitic_type": false,
                    "aux_verbs": "O",
                    "named_entities": "O",
                    "subordination": [],
                    "np_pp_modifiers": {
                        "ids": [
                            9,
                            11,
                            13,
                            15
                        ],
                        "texts": [
                            "Froid",
                            "13.3",
                            "C",
                            "1844"
                        ]
                    }
                },
                "12": {
                    "text": "C",
                    "id": 13,
                    "lemma": "C",
                    "word_length": 1,
                    "word_syllables": 1,
                    "ortho_neighbors": 15,
                    "ortho_neighbors_+freq_cum": 86631.11,
                    "age_of_acquisition": 4.07230255839822,
                    "familiarity": 6.92857142857143,
                    "lexical_frequency": 18310.95,
                    "complexity": 1,
                    "hapax_legomena_lemma": 0,
                    "concrete": true,
                    "sophisticated": false,
                    "passive": "O",
                    "coordination": {},
                    "clitic_type": false,
                    "aux_verbs": "O",
                    "named_entities": "O",
                    "subordination": [],
                    "np_pp_modifiers": {
                        "ids": [],
                        "texts": []
                    }
                },
                "13": {
                    "text": "(",
                    "id": 14,
                    "lemma": "(",
                    "word_length": 1,
                    "word_syllables": 0,
                    "ortho_neighbors": 0,
                    "ortho_neighbors_+freq_cum": "na",
                    "age_of_acquisition": 1.42,
                    "familiarity": 6.13,
                    "lexical_frequency": 334.39,
                    "complexity": 1,
                    "hapax_legomena_lemma": 0,
                    "concrete": true,
                    "sophisticated": false,
                    "passive": "O",
                    "coordination": {},
                    "clitic_type": false,
                    "aux_verbs": "O",
                    "named_entities": "O",
                    "subordination": [],
                    "np_pp_modifiers": {
                        "ids": [],
                        "texts": []
                    }
                },
                "14": {
                    "text": "1844",
                    "id": 15,
                    "lemma": "1844",
                    "word_length": 4,
                    "word_syllables": 0,
                    "ortho_neighbors": "na",
                    "ortho_neighbors_+freq_cum": "na",
                    "age_of_acquisition": -1,
                    "familiarity": -1,
                    "lexical_frequency": 1e-10,
                    "complexity": "na",
                    "hapax_legomena_lemma": 1,
                    "concrete": false,
                    "sophisticated": true,
                    "passive": "O",
                    "coordination": {},
                    "clitic_type": false,
                    "aux_verbs": "O",
                    "named_entities": "O",
                    "subordination": [],
                    "np_pp_modifiers": {
                        "ids": [],
                        "texts": []
                    }
                },
                "15": {
                    "text": ")",
                    "id": 16,
                    "lemma": ")",
                    "word_length": 1,
                    "word_syllables": 0,
                    "ortho_neighbors": 7,
                    "ortho_neighbors_+freq_cum": 66.02000000000001,
                    "age_of_acquisition": -1,
                    "familiarity": -1,
                    "lexical_frequency": 1e-10,
                    "complexity": "na",
                    "hapax_legomena_lemma": 1,
                    "concrete": false,
                    "sophisticated": true,
                    "passive": "O",
                    "coordination": {},
                    "clitic_type": false,
                    "aux_verbs": "O",
                    "named_entities": "O",
                    "subordination": [],
                    "np_pp_modifiers": {
                        "ids": [],
                        "texts": []
                    }
                },
                "16": {
                    "text": "Normale",
                    "id": 17,
                    "lemma": "normal",
                    "word_length": 7,
                    "word_syllables": 2,
                    "ortho_neighbors": 19,
                    "ortho_neighbors_+freq_cum": 61689.729999999996,
                    "age_of_acquisition": 4.81646273637375,
                    "familiarity": 6.89285714285714,
                    "lexical_frequency": 38928.92,
                    "complexity": "na",
                    "hapax_legomena_lemma": 0,
                    "concrete": true,
                    "sophisticated": false,
                    "passive": "O",
                    "coordination": {},
                    "clitic_type": false,
                    "aux_verbs": "O",
                    "named_entities": "O",
                    "subordination": [],
                    "np_pp_modifiers": {
                        "ids": [],
                        "texts": []
                    }
                },
                "17": {
                    "text": "mini",
                    "id": 18,
                    "lemma": "mini",
                    "word_length": 4,
                    "word_syllables": 2,
                    "ortho_neighbors": 15,
                    "ortho_neighbors_+freq_cum": 86631.11,
                    "age_of_acquisition": 4.07230255839822,
                    "familiarity": 6.92857142857143,
                    "lexical_frequency": 18310.95,
                    "complexity": 1,
                    "hapax_legomena_lemma": 0,
                    "concrete": true,
                    "sophisticated": false,
                    "passive": "O",
                    "coordination": {},
                    "clitic_type": false,
                    "aux_verbs": "O",
                    "named_entities": "O",
                    "subordination": [],
                    "np_pp_modifiers": {
                        "ids": [
                            17
                        ],
                        "texts": [
                            "Normale"
                        ]
                    }
                },
                "18": {
                    "text": "2.4",
                    "id": 19,
                    "lemma": "2.4",
                    "word_length": 3,
                    "word_syllables": 0,
                    "ortho_neighbors": 0,
                    "ortho_neighbors_+freq_cum": "na",
                    "age_of_acquisition": 1.42,
                    "familiarity": 6.13,
                    "lexical_frequency": 334.39,
                    "complexity": 1,
                    "hapax_legomena_lemma": 0,
                    "concrete": true,
                    "sophisticated": false,
                    "passive": "O",
                    "coordination": {},
                    "clitic_type": false,
                    "aux_verbs": "O",
                    "named_entities": "O",
                    "subordination": [],
                    "np_pp_modifiers": {
                        "ids": [],
                        "texts": []
                    }
                },
                "19": {
                    "text": "\u00b0",
                    "id": 20,
                    "lemma": "\u00b0",
                    "word_length": 1,
                    "word_syllables": 0,
                    "ortho_neighbors": "na",
                    "ortho_neighbors_+freq_cum": "na",
                    "age_of_acquisition": -1,
                    "familiarity": -1,
                    "lexical_frequency": 1e-10,
                    "complexity": "na",
                    "hapax_legomena_lemma": 1,
                    "concrete": false,
                    "sophisticated": true,
                    "passive": "O",
                    "coordination": {
                        "conjuncts": [
                            25
                        ],
                        "cc": []
                    },
                    "clitic_type": false,
                    "aux_verbs": "O",
                    "named_entities": "O",
                    "subordination": [],
                    "np_pp_modifiers": {
                        "ids": [
                            19,
                            21,
                            22,
                            23
                        ],
                        "texts": [
                            "2.4",
                            "C",
                            "Normale",
                            "maxi"
                        ]
                    }
                },
                "20": {
                    "text": "C",
                    "id": 21,
                    "lemma": "C",
                    "word_length": 1,
                    "word_syllables": 1,
                    "ortho_neighbors": 11,
                    "ortho_neighbors_+freq_cum": 65.31,
                    "age_of_acquisition": -1,
                    "familiarity": 6.01000022888184,
                    "lexical_frequency": 396.76,
                    "complexity": 1,
                    "hapax_legomena_lemma": 1,
                    "concrete": false,
                    "sophisticated": false,
                    "passive": "O",
                    "coordination": {},
                    "clitic_type": false,
                    "aux_verbs": "O",
                    "named_entities": "O",
                    "subordination": [],
                    "np_pp_modifiers": {
                        "ids": [],
                        "texts": []
                    }
                },
                "21": {
                    "text": "Normale",
                    "id": 22,
                    "lemma": "normal",
                    "word_length": 7,
                    "word_syllables": 2,
                    "ortho_neighbors": 46,
                    "ortho_neighbors_+freq_cum": 35543.17,
                    "age_of_acquisition": -1,
                    "familiarity": -1,
                    "lexical_frequency": 1e-10,
                    "complexity": "na",
                    "hapax_legomena_lemma": 1,
                    "concrete": false,
                    "sophisticated": true,
                    "passive": "O",
                    "coordination": {},
                    "clitic_type": false,
                    "aux_verbs": "O",
                    "named_entities": "O",
                    "subordination": [],
                    "np_pp_modifiers": {
                        "ids": [],
                        "texts": []
                    }
                },
                "22": {
                    "text": "maxi",
                    "id": 23,
                    "lemma": "maxi",
                    "word_length": 4,
                    "word_syllables": 2,
                    "ortho_neighbors": "na",
                    "ortho_neighbors_+freq_cum": "na",
                    "age_of_acquisition": -1,
                    "familiarity": -1,
                    "lexical_frequency": 1e-10,
                    "complexity": "na",
                    "hapax_legomena_lemma": 0,
                    "concrete": false,
                    "sophisticated": true,
                    "passive": "O",
                    "coordination": {},
                    "clitic_type": false,
                    "aux_verbs": "O",
                    "named_entities": "O",
                    "subordination": [],
                    "np_pp_modifiers": {
                        "ids": [],
                        "texts": []
                    }
                },
                "23": {
                    "text": "6.4",
                    "id": 24,
                    "lemma": "6.4",
                    "word_length": 3,
                    "word_syllables": 0,
                    "ortho_neighbors": 46,
                    "ortho_neighbors_+freq_cum": 35990.42999999999,
                    "age_of_acquisition": -1,
                    "familiarity": -1,
                    "lexical_frequency": 1e-10,
                    "complexity": "na",
                    "hapax_legomena_lemma": 0,
                    "concrete": false,
                    "sophisticated": true,
                    "passive": "O",
                    "coordination": {},
                    "clitic_type": false,
                    "aux_verbs": "O",
                    "named_entities": "O",
                    "subordination": [],
                    "np_pp_modifiers": {
                        "ids": [],
                        "texts": []
                    }
                },
                "24": {
                    "text": "\u00b0",
                    "id": 25,
                    "lemma": "\u00b0",
                    "word_length": 1,
                    "word_syllables": 0,
                    "ortho_neighbors": "na",
                    "ortho_neighbors_+freq_cum": "na",
                    "age_of_acquisition": -1,
                    "familiarity": 6.23999977111816,
                    "lexical_frequency": 1e-10,
                    "complexity": "na",
                    "hapax_legomena_lemma": 0,
                    "concrete": false,
                    "sophisticated": false,
                    "passive": "O",
                    "coordination": {},
                    "clitic_type": false,
                    "aux_verbs": "O",
                    "named_entities": "O",
                    "subordination": [],
                    "np_pp_modifiers": {
                        "ids": [
                            24,
                            26
                        ],
                        "texts": [
                            "6.4",
                            "C"
                        ]
                    }
                },
                "25": {
                    "text": "C",
                    "id": 26,
                    "lemma": "C",
                    "word_length": 1,
                    "word_syllables": 1,
                    "ortho_neighbors": "na",
                    "ortho_neighbors_+freq_cum": "na",
                    "age_of_acquisition": -1,
                    "familiarity": -1,
                    "lexical_frequency": 1e-10,
                    "complexity": "na",
                    "hapax_legomena_lemma": 1,
                    "concrete": false,
                    "sophisticated": true,
                    "passive": "O",
                    "coordination": {},
                    "clitic_type": false,
                    "aux_verbs": "O",
                    "named_entities": "O",
                    "subordination": [],
                    "np_pp_modifiers": {
                        "ids": [],
                        "texts": []
                    }
                }
            },
            "features": {
                "parse_depth": 4,
                "sentence_length": 26,
                "ratio_passive_per_token": 0.0,
                "ratio_passive_per_verb": 0,
                "total_token_ratio_passive": 0.0,
                "max_size_passive": 0,
                "ratio_heads_per_token": 1.0,
                "max_nb_heads": 1,
                "max_dist_head_to_coord": 5,
                "ratio_coordination_per_token": 0.038461538461538464,
                "total_token_ratio_coordination": 0.038461538461538464,
                "max_size_coordination": 1,
                "ratio_aux_verbs_per_token": 0.0,
                "ratio_aux_verbs_per_verb": 0,
                "total_token_ratio_aux_verbs": 0.0,
                "max_size_aux_verbs": 0,
                "ratio_named_entities_per_token": 0.07692307692307693,
                "ratio_named_entities_per_verb": 0,
                "total_token_ratio_named_entities": 0.11538461538461539,
                "max_size_named_entities": 2,
                "max_size_np_pp_modifiers": 16,
                "max_size_subordination": 0,
                "words_before_verb": 0,
                "words_after_verb": 6
            }
        }
    }
}