{
    "features": {
        "word_count": 71,
        "sentence_count": 7,
        "document_length": 85,
        "sophisticated_ratio": 0.15294117647058825,
        "concrete_ratio": 0.6352941176470588,
        "lexical_diversity": 0.9258064516129031,
        "hapax_legomena_lemma_ratio": 0.47058823529411764,
        "ratio_passive_per_token": 0.0,
        "ratio_passive_per_verb": 0.0,
        "total_token_ratio_passive": 0.0,
        "max_size_passive": 0,
        "ratio_coordination_per_token": 0.023529411764705882,
        "total_token_ratio_coordination": 0.03529411764705882,
        "max_size_coordination": 2,
        "ratio_clitic_per_token": 0.058823529411764705,
        "ratio_pre_clitic_pronouns_per_token": 0.0,
        "ratio_post_clitic_pronouns_per_token": 0.058823529411764705,
        "ratio_aux_verbs_per_token": 0.011764705882352941,
        "ratio_aux_verbs_per_verb": 0.1,
        "total_token_ratio_aux_verbs": 0.023529411764705882,
        "max_size_aux_verbs": 2,
        "ratio_named_entities_per_token": 0.03529411764705882,
        "ratio_named_entities_per_verb": 0.3,
        "total_token_ratio_named_entities": 0.047058823529411764,
        "max_size_named_entities": 2,
        "ratio_subordination_per_token": 0.03529411764705882,
        "ratio_subordination_per_verb": 0.3,
        "total_token_ratio_subordination": 0.18823529411764706,
        "max_size_subordination": 7,
        "max_size_np_pp_modifiers": 4
    },
    "sentences": {
        "0": {
            "words": {
                "0": {
                    "text": "La",
                    "id": 1,
                    "lemma": "le",
                    "word_length": 2,
                    "word_syllables": 1,
                    "ortho_neighbors": 19,
                    "ortho_neighbors_+freq_cum": 24555.15,
                    "age_of_acquisition": 4.07230255839822,
                    "familiarity": 6.92857142857143,
                    "lexical_frequency": 18310.95,
                    "complexity": 1,
                    "hapax_legomena_lemma": 0,
                    "concrete": true,
                    "sophisticated": false,
                    "passive": "O",
                    "coordination": {},
                    "clitic_type": false,
                    "aux_verbs": "O",
                    "named_entities": "O",
                    "subordination": [],
                    "np_pp_modifiers": {
                        "ids": [],
                        "texts": []
                    }
                },
                "1": {
                    "text": "fille",
                    "id": 2,
                    "lemma": "fille",
                    "word_length": 5,
                    "word_syllables": 1,
                    "ortho_neighbors": 13,
                    "ortho_neighbors_+freq_cum": 418.88,
                    "age_of_acquisition": 3.99888765294772,
                    "familiarity": 5.89285714285714,
                    "lexical_frequency": 592.23,
                    "complexity": 1,
                    "hapax_legomena_lemma": 1,
                    "concrete": true,
                    "sophisticated": false,
                    "passive": "O",
                    "coordination": {},
                    "clitic_type": false,
                    "aux_verbs": "O",
                    "named_entities": "O",
                    "subordination": [],
                    "np_pp_modifiers": {
                        "ids": [
                            4,
                            3
                        ],
                        "texts": [
                            "moto",
                            "\u00e0"
                        ]
                    }
                },
                "2": {
                    "text": "\u00e0",
                    "id": 3,
                    "lemma": "\u00e0",
                    "word_length": 1,
                    "word_syllables": 1,
                    "ortho_neighbors": 46,
                    "ortho_neighbors_+freq_cum": 19149.1,
                    "age_of_acquisition": -1,
                    "familiarity": -1,
                    "lexical_frequency": 19209.05,
                    "complexity": "na",
                    "hapax_legomena_lemma": 0,
                    "concrete": false,
                    "sophisticated": false,
                    "passive": "O",
                    "coordination": {},
                    "clitic_type": false,
                    "aux_verbs": "O",
                    "named_entities": "O",
                    "subordination": [],
                    "np_pp_modifiers": {
                        "ids": [],
                        "texts": []
                    }
                },
                "3": {
                    "text": "moto",
                    "id": 4,
                    "lemma": "moto",
                    "word_length": 4,
                    "word_syllables": 2,
                    "ortho_neighbors": 7,
                    "ortho_neighbors_+freq_cum": 212.19,
                    "age_of_acquisition": 2.23,
                    "familiarity": 3.84,
                    "lexical_frequency": 19.26,
                    "complexity": 1,
                    "hapax_legomena_lemma": 0,
                    "concrete": true,
                    "sophisticated": false,
                    "passive": "O",
                    "coordination": {},
                    "clitic_type": false,
                    "aux_verbs": "O",
                    "named_entities": "O",
                    "subordination": [],
                    "np_pp_modifiers": {
                        "ids": [
                            3
                        ],
                        "texts": [
                            "\u00e0"
                        ]
                    }
                }
            },
            "features": {
                "parse_depth": 3,
                "sentence_length": 4,
                "ratio_passive_per_token": 0.0,
                "ratio_passive_per_verb": 0,
                "total_token_ratio_passive": 0.0,
                "max_size_passive": 0,
                "ratio_heads_per_token": 0,
                "max_nb_heads": 0,
                "max_dist_head_to_coord": 0,
                "ratio_coordination_per_token": 0.0,
                "total_token_ratio_coordination": 0.0,
                "max_size_coordination": 0,
                "ratio_aux_verbs_per_token": 0.0,
                "ratio_aux_verbs_per_verb": 0,
                "total_token_ratio_aux_verbs": 0.0,
                "max_size_aux_verbs": 0,
                "ratio_named_entities_per_token": 0.0,
                "ratio_named_entities_per_verb": 0,
                "total_token_ratio_named_entities": 0.0,
                "max_size_named_entities": 0,
                "max_size_np_pp_modifiers": 2,
                "max_size_subordination": 0,
                "words_before_verb": 1,
                "words_after_verb": 1
            }
        },
        "1": {
            "words": {
                "0": {
                    "text": "En",
                    "id": 1,
                    "lemma": "en",
                    "word_length": 2,
                    "word_syllables": 1,
                    "ortho_neighbors": 19,
                    "ortho_neighbors_+freq_cum": 24555.15,
                    "age_of_acquisition": 4.07230255839822,
                    "familiarity": 6.92857142857143,
                    "lexical_frequency": 18310.95,
                    "complexity": 1,
                    "hapax_legomena_lemma": 0,
                    "concrete": true,
                    "sophisticated": false,
                    "passive": "O",
                    "coordination": {},
                    "clitic_type": false,
                    "aux_verbs": "O",
                    "named_entities": "O",
                    "subordination": [],
                    "np_pp_modifiers": {
                        "ids": [],
                        "texts": []
                    }
                },
                "1": {
                    "text": "route",
                    "id": 2,
                    "lemma": "route",
                    "word_length": 5,
                    "word_syllables": 1,
                    "ortho_neighbors": 13,
                    "ortho_neighbors_+freq_cum": 418.88,
                    "age_of_acquisition": 3.99888765294772,
                    "familiarity": 5.89285714285714,
                    "lexical_frequency": 592.23,
                    "complexity": 1,
                    "hapax_legomena_lemma": 1,
                    "concrete": true,
                    "sophisticated": false,
                    "passive": "O",
                    "coordination": {},
                    "clitic_type": false,
                    "aux_verbs": "O",
                    "named_entities": "O",
                    "subordination": [],
                    "np_pp_modifiers": {
                        "ids": [
                            1,
                            4,
                            3
                        ],
                        "texts": [
                            "En",
                            "Dehli",
                            "vers"
                        ]
                    }
                },
                "2": {
                    "text": "vers",
                    "id": 3,
                    "lemma": "vers",
                    "word_length": 4,
                    "word_syllables": 1,
                    "ortho_neighbors": 46,
                    "ortho_neighbors_+freq_cum": 19149.1,
                    "age_of_acquisition": -1,
                    "familiarity": -1,
                    "lexical_frequency": 19209.05,
                    "complexity": "na",
                    "hapax_legomena_lemma": 0,
                    "concrete": false,
                    "sophisticated": false,
                    "passive": "O",
                    "coordination": {},
                    "clitic_type": false,
                    "aux_verbs": "O",
                    "named_entities": "O",
                    "subordination": [],
                    "np_pp_modifiers": {
                        "ids": [],
                        "texts": []
                    }
                },
                "3": {
                    "text": "Dehli",
                    "id": 4,
                    "lemma": "Dehli",
                    "word_length": 5,
                    "word_syllables": 0,
                    "ortho_neighbors": 7,
                    "ortho_neighbors_+freq_cum": 212.19,
                    "age_of_acquisition": 2.23,
                    "familiarity": 3.84,
                    "lexical_frequency": 19.26,
                    "complexity": 1,
                    "hapax_legomena_lemma": 0,
                    "concrete": true,
                    "sophisticated": false,
                    "passive": "O",
                    "coordination": {},
                    "clitic_type": false,
                    "aux_verbs": "O",
                    "named_entities": "B",
                    "named_entities_loc": true,
                    "subordination": [],
                    "np_pp_modifiers": {
                        "ids": [
                            3
                        ],
                        "texts": [
                            "vers"
                        ]
                    }
                },
                "4": {
                    "text": ",",
                    "id": 5,
                    "lemma": ",",
                    "word_length": 1,
                    "word_syllables": 0,
                    "ortho_neighbors": 8,
                    "ortho_neighbors_+freq_cum": 35165.0,
                    "age_of_acquisition": 5.53281423804227,
                    "familiarity": 6.85714285714286,
                    "lexical_frequency": 8732.57,
                    "complexity": 3,
                    "hapax_legomena_lemma": 0,
                    "concrete": true,
                    "sophisticated": false,
                    "passive": "O",
                    "coordination": {},
                    "clitic_type": false,
                    "aux_verbs": "O",
                    "named_entities": "O",
                    "subordination": [],
                    "np_pp_modifiers": {
                        "ids": [],
                        "texts": []
                    }
                },
                "5": {
                    "text": "sa",
                    "id": 6,
                    "lemma": "son",
                    "word_length": 2,
                    "word_syllables": 1,
                    "ortho_neighbors": 11,
                    "ortho_neighbors_+freq_cum": 1187.44,
                    "age_of_acquisition": 4.93103448275862,
                    "familiarity": 5.67857142857143,
                    "lexical_frequency": 288.04,
                    "complexity": 3,
                    "hapax_legomena_lemma": 1,
                    "concrete": true,
                    "sophisticated": false,
                    "passive": "O",
                    "coordination": {},
                    "clitic_type": false,
                    "aux_verbs": "O",
                    "named_entities": "O",
                    "subordination": [],
                    "np_pp_modifiers": {
                        "ids": [],
                        "texts": []
                    }
                },
                "6": {
                    "text": "moto",
                    "id": 7,
                    "lemma": "moto",
                    "word_length": 4,
                    "word_syllables": 2,
                    "ortho_neighbors": 7,
                    "ortho_neighbors_+freq_cum": 89.38,
                    "age_of_acquisition": 7.17797552836485,
                    "familiarity": 5.85714285714286,
                    "lexical_frequency": 956.15,
                    "complexity": "na",
                    "hapax_legomena_lemma": 1,
                    "concrete": true,
                    "sophisticated": false,
                    "passive": "O",
                    "coordination": {},
                    "clitic_type": false,
                    "aux_verbs": "O",
                    "named_entities": "O",
                    "subordination": [],
                    "np_pp_modifiers": {
                        "ids": [],
                        "texts": []
                    }
                },
                "7": {
                    "text": "tombe",
                    "id": 8,
                    "lemma": "tomber",
                    "word_length": 5,
                    "word_syllables": 1,
                    "ortho_neighbors": "na",
                    "ortho_neighbors_+freq_cum": "na",
                    "age_of_acquisition": -1,
                    "familiarity": -1,
                    "lexical_frequency": 1e-10,
                    "complexity": "na",
                    "hapax_legomena_lemma": 1,
                    "concrete": false,
                    "sophisticated": true,
                    "passive": "O",
                    "coordination": {},
                    "clitic_type": false,
                    "aux_verbs": "O",
                    "named_entities": "O",
                    "subordination": [],
                    "np_pp_modifiers": {
                        "ids": [],
                        "texts": []
                    }
                },
                "8": {
                    "text": "\u00e0",
                    "id": 9,
                    "lemma": "\u00e0",
                    "word_length": 1,
                    "word_syllables": 1,
                    "ortho_neighbors": "na",
                    "ortho_neighbors_+freq_cum": "na",
                    "age_of_acquisition": -1,
                    "familiarity": -1,
                    "lexical_frequency": 1e-10,
                    "complexity": "na",
                    "hapax_legomena_lemma": "na",
                    "concrete": false,
                    "sophisticated": true,
                    "passive": "O",
                    "coordination": {},
                    "clitic_type": false,
                    "aux_verbs": "O",
                    "named_entities": "O",
                    "subordination": [],
                    "np_pp_modifiers": {
                        "ids": [],
                        "texts": []
                    }
                },
                "9": {
                    "text": "nouveau",
                    "id": 10,
                    "lemma": "nouveau",
                    "word_length": 7,
                    "word_syllables": 2,
                    "ortho_neighbors": 17,
                    "ortho_neighbors_+freq_cum": 38489.399999999994,
                    "age_of_acquisition": 5.95357142857143,
                    "familiarity": 6.0,
                    "lexical_frequency": 1e-10,
                    "complexity": 4,
                    "hapax_legomena_lemma": 1,
                    "concrete": true,
                    "sophisticated": false,
                    "passive": "O",
                    "coordination": {},
                    "clitic_type": false,
                    "aux_verbs": "O",
                    "named_entities": "O",
                    "subordination": [],
                    "np_pp_modifiers": {
                        "ids": [],
                        "texts": []
                    }
                },
                "10": {
                    "text": "en",
                    "id": 11,
                    "lemma": "en",
                    "word_length": 2,
                    "word_syllables": 1,
                    "ortho_neighbors": 7,
                    "ortho_neighbors_+freq_cum": 212.19,
                    "age_of_acquisition": 2.23,
                    "familiarity": 3.84,
                    "lexical_frequency": 19.26,
                    "complexity": 1,
                    "hapax_legomena_lemma": 0,
                    "concrete": true,
                    "sophisticated": false,
                    "passive": "O",
                    "coordination": {},
                    "clitic_type": false,
                    "aux_verbs": "O",
                    "named_entities": "O",
                    "subordination": [],
                    "np_pp_modifiers": {
                        "ids": [],
                        "texts": []
                    }
                },
                "11": {
                    "text": "panne",
                    "id": 12,
                    "lemma": "panne",
                    "word_length": 5,
                    "word_syllables": 1,
                    "ortho_neighbors": 5,
                    "ortho_neighbors_+freq_cum": 65.41,
                    "age_of_acquisition": -1,
                    "familiarity": -1,
                    "lexical_frequency": 441.42,
                    "complexity": 2,
                    "hapax_legomena_lemma": 1,
                    "concrete": false,
                    "sophisticated": false,
                    "passive": "O",
                    "coordination": {},
                    "clitic_type": false,
                    "aux_verbs": "O",
                    "named_entities": "O",
                    "subordination": [],
                    "np_pp_modifiers": {
                        "ids": [
                            11
                        ],
                        "texts": [
                            "en"
                        ]
                    }
                },
                "12": {
                    "text": ".",
                    "id": 13,
                    "lemma": ".",
                    "word_length": 1,
                    "word_syllables": 0,
                    "ortho_neighbors": 46,
                    "ortho_neighbors_+freq_cum": 19149.1,
                    "age_of_acquisition": -1,
                    "familiarity": -1,
                    "lexical_frequency": 19209.05,
                    "complexity": 3,
                    "hapax_legomena_lemma": 0,
                    "concrete": false,
                    "sophisticated": false,
                    "passive": "O",
                    "coordination": {},
                    "clitic_type": false,
                    "aux_verbs": "O",
                    "named_entities": "O",
                    "subordination": [],
                    "np_pp_modifiers": {
                        "ids": [],
                        "texts": []
                    }
                }
            },
            "features": {
                "parse_depth": 4,
                "sentence_length": 13,
                "ratio_passive_per_token": 0.0,
                "ratio_passive_per_verb": 0.0,
                "total_token_ratio_passive": 0.0,
                "max_size_passive": 0,
                "ratio_heads_per_token": 0,
                "max_nb_heads": 0,
                "max_dist_head_to_coord": 0,
                "ratio_coordination_per_token": 0.0,
                "total_token_ratio_coordination": 0.0,
                "max_size_coordination": 0,
                "ratio_aux_verbs_per_token": 0.0,
                "ratio_aux_verbs_per_verb": 0.0,
                "total_token_ratio_aux_verbs": 0.0,
                "max_size_aux_verbs": 0,
                "ratio_named_entities_per_token": 0.07692307692307693,
                "ratio_named_entities_per_verb": 1.0,
                "total_token_ratio_named_entities": 0.07692307692307693,
                "max_size_named_entities": 1,
                "max_size_np_pp_modifiers": 3,
                "max_size_subordination": 0,
                "words_before_verb": 2,
                "words_after_verb": 3
            }
        },
        "2": {
            "words": {
                "0": {
                    "text": "Alors",
                    "id": 1,
                    "lemma": "alors",
                    "word_length": 5,
                    "word_syllables": 2,
                    "ortho_neighbors": 19,
                    "ortho_neighbors_+freq_cum": 24555.15,
                    "age_of_acquisition": 4.07230255839822,
                    "familiarity": 6.92857142857143,
                    "lexical_frequency": 18310.95,
                    "complexity": 1,
                    "hapax_legomena_lemma": 0,
                    "concrete": true,
                    "sophisticated": false,
                    "passive": "O",
                    "coordination": {},
                    "clitic_type": false,
                    "aux_verbs": "O",
                    "named_entities": "O",
                    "subordination": [],
                    "np_pp_modifiers": {
                        "ids": [],
                        "texts": []
                    }
                },
                "1": {
                    "text": "elle",
                    "id": 2,
                    "lemma": "il",
                    "word_length": 4,
                    "word_syllables": 1,
                    "ortho_neighbors": 13,
                    "ortho_neighbors_+freq_cum": 418.88,
                    "age_of_acquisition": 3.99888765294772,
                    "familiarity": 5.89285714285714,
                    "lexical_frequency": 592.23,
                    "complexity": 1,
                    "hapax_legomena_lemma": 1,
                    "concrete": true,
                    "sophisticated": false,
                    "passive": "O",
                    "coordination": {},
                    "clitic_type": "postclitic",
                    "aux_verbs": "O",
                    "named_entities": "O",
                    "subordination": [],
                    "np_pp_modifiers": {
                        "ids": [],
                        "texts": []
                    }
                },
                "2": {
                    "text": "prend",
                    "id": 3,
                    "lemma": "prendre",
                    "word_length": 5,
                    "word_syllables": 1,
                    "ortho_neighbors": 46,
                    "ortho_neighbors_+freq_cum": 19149.1,
                    "age_of_acquisition": -1,
                    "familiarity": -1,
                    "lexical_frequency": 19209.05,
                    "complexity": "na",
                    "hapax_legomena_lemma": 0,
                    "concrete": false,
                    "sophisticated": false,
                    "passive": "O",
                    "coordination": {
                        "conjuncts": [
                            7,
                            12
                        ],
                        "cc": [
                            11
                        ]
                    },
                    "clitic_type": false,
                    "aux_verbs": "O",
                    "named_entities": "O",
                    "subordination": [],
                    "np_pp_modifiers": {
                        "ids": [],
                        "texts": []
                    }
                },
                "3": {
                    "text": "le",
                    "id": 4,
                    "lemma": "le",
                    "word_length": 2,
                    "word_syllables": 1,
                    "ortho_neighbors": 7,
                    "ortho_neighbors_+freq_cum": 212.19,
                    "age_of_acquisition": 2.23,
                    "familiarity": 3.84,
                    "lexical_frequency": 19.26,
                    "complexity": 1,
                    "hapax_legomena_lemma": 0,
                    "concrete": true,
                    "sophisticated": false,
                    "passive": "O",
                    "coordination": {},
                    "clitic_type": false,
                    "aux_verbs": "O",
                    "named_entities": "O",
                    "subordination": [],
                    "np_pp_modifiers": {
                        "ids": [],
                        "texts": []
                    }
                },
                "4": {
                    "text": "train",
                    "id": 5,
                    "lemma": "train",
                    "word_length": 5,
                    "word_syllables": 1,
                    "ortho_neighbors": 8,
                    "ortho_neighbors_+freq_cum": 35165.0,
                    "age_of_acquisition": 5.53281423804227,
                    "familiarity": 6.85714285714286,
                    "lexical_frequency": 8732.57,
                    "complexity": 3,
                    "hapax_legomena_lemma": 0,
                    "concrete": true,
                    "sophisticated": false,
                    "passive": "O",
                    "coordination": {},
                    "clitic_type": false,
                    "aux_verbs": "O",
                    "named_entities": "O",
                    "subordination": [],
                    "np_pp_modifiers": {
                        "ids": [],
                        "texts": []
                    }
                },
                "5": {
                    "text": ",",
                    "id": 6,
                    "lemma": ",",
                    "word_length": 1,
                    "word_syllables": 0,
                    "ortho_neighbors": 11,
                    "ortho_neighbors_+freq_cum": 1187.44,
                    "age_of_acquisition": 4.93103448275862,
                    "familiarity": 5.67857142857143,
                    "lexical_frequency": 288.04,
                    "complexity": 3,
                    "hapax_legomena_lemma": 1,
                    "concrete": true,
                    "sophisticated": false,
                    "passive": "O",
                    "coordination": {},
                    "clitic_type": false,
                    "aux_verbs": "O",
                    "named_entities": "O",
                    "subordination": [],
                    "np_pp_modifiers": {
                        "ids": [],
                        "texts": []
                    }
                },
                "6": {
                    "text": "boit",
                    "id": 7,
                    "lemma": "bevoir",
                    "word_length": 4,
                    "word_syllables": 1,
                    "ortho_neighbors": 7,
                    "ortho_neighbors_+freq_cum": 89.38,
                    "age_of_acquisition": 7.17797552836485,
                    "familiarity": 5.85714285714286,
                    "lexical_frequency": 956.15,
                    "complexity": "na",
                    "hapax_legomena_lemma": 1,
                    "concrete": true,
                    "sophisticated": false,
                    "passive": "O",
                    "coordination": {},
                    "clitic_type": false,
                    "aux_verbs": "O",
                    "named_entities": "O",
                    "subordination": [],
                    "np_pp_modifiers": {
                        "ids": [],
                        "texts": []
                    }
                },
                "7": {
                    "text": "de",
                    "id": 8,
                    "lemma": "de",
                    "word_length": 2,
                    "word_syllables": 1,
                    "ortho_neighbors": "na",
                    "ortho_neighbors_+freq_cum": "na",
                    "age_of_acquisition": -1,
                    "familiarity": -1,
                    "lexical_frequency": 1e-10,
                    "complexity": "na",
                    "hapax_legomena_lemma": 1,
                    "concrete": false,
                    "sophisticated": true,
                    "passive": "O",
                    "coordination": {},
                    "clitic_type": false,
                    "aux_verbs": "O",
                    "named_entities": "O",
                    "subordination": [],
                    "np_pp_modifiers": {
                        "ids": [],
                        "texts": []
                    }
                },
                "8": {
                    "text": "le",
                    "id": 9,
                    "lemma": "le",
                    "word_length": 2,
                    "word_syllables": 1,
                    "ortho_neighbors": "na",
                    "ortho_neighbors_+freq_cum": "na",
                    "age_of_acquisition": -1,
                    "familiarity": -1,
                    "lexical_frequency": 1e-10,
                    "complexity": "na",
                    "hapax_legomena_lemma": "na",
                    "concrete": false,
                    "sophisticated": true,
                    "passive": "O",
                    "coordination": {},
                    "clitic_type": false,
                    "aux_verbs": "O",
                    "named_entities": "O",
                    "subordination": [],
                    "np_pp_modifiers": {
                        "ids": [],
                        "texts": []
                    }
                },
                "9": {
                    "text": "th\u00e9",
                    "id": 10,
                    "lemma": "th\u00e9",
                    "word_length": 3,
                    "word_syllables": 1,
                    "ortho_neighbors": 17,
                    "ortho_neighbors_+freq_cum": 38489.399999999994,
                    "age_of_acquisition": 5.95357142857143,
                    "familiarity": 6.0,
                    "lexical_frequency": 1e-10,
                    "complexity": 4,
                    "hapax_legomena_lemma": 1,
                    "concrete": true,
                    "sophisticated": false,
                    "passive": "O",
                    "coordination": {},
                    "clitic_type": false,
                    "aux_verbs": "O",
                    "named_entities": "O",
                    "subordination": [],
                    "np_pp_modifiers": {
                        "ids": [
                            8
                        ],
                        "texts": [
                            "de"
                        ]
                    }
                },
                "10": {
                    "text": "et",
                    "id": 11,
                    "lemma": "et",
                    "word_length": 2,
                    "word_syllables": 1,
                    "ortho_neighbors": 7,
                    "ortho_neighbors_+freq_cum": 212.19,
                    "age_of_acquisition": 2.23,
                    "familiarity": 3.84,
                    "lexical_frequency": 19.26,
                    "complexity": 1,
                    "hapax_legomena_lemma": 0,
                    "concrete": true,
                    "sophisticated": false,
                    "passive": "O",
                    "coordination": {},
                    "clitic_type": false,
                    "aux_verbs": "O",
                    "named_entities": "O",
                    "subordination": [],
                    "np_pp_modifiers": {
                        "ids": [],
                        "texts": []
                    }
                },
                "11": {
                    "text": "\u00e9crit",
                    "id": 12,
                    "lemma": "\u00e9crire",
                    "word_length": 5,
                    "word_syllables": 2,
                    "ortho_neighbors": 5,
                    "ortho_neighbors_+freq_cum": 65.41,
                    "age_of_acquisition": -1,
                    "familiarity": -1,
                    "lexical_frequency": 441.42,
                    "complexity": 2,
                    "hapax_legomena_lemma": 1,
                    "concrete": false,
                    "sophisticated": false,
                    "passive": "O",
                    "coordination": {},
                    "clitic_type": false,
                    "aux_verbs": "O",
                    "named_entities": "O",
                    "subordination": [],
                    "np_pp_modifiers": {
                        "ids": [],
                        "texts": []
                    }
                },
                "12": {
                    "text": ",",
                    "id": 13,
                    "lemma": ",",
                    "word_length": 1,
                    "word_syllables": 0,
                    "ortho_neighbors": 46,
                    "ortho_neighbors_+freq_cum": 19149.1,
                    "age_of_acquisition": -1,
                    "familiarity": -1,
                    "lexical_frequency": 19209.05,
                    "complexity": 3,
                    "hapax_legomena_lemma": 0,
                    "concrete": false,
                    "sophisticated": false,
                    "passive": "O",
                    "coordination": {},
                    "clitic_type": false,
                    "aux_verbs": "O",
                    "named_entities": "O",
                    "subordination": [],
                    "np_pp_modifiers": {
                        "ids": [],
                        "texts": []
                    }
                },
                "13": {
                    "text": "pendant",
                    "id": 14,
                    "lemma": "pendant",
                    "word_length": 7,
                    "word_syllables": 2,
                    "ortho_neighbors": 0,
                    "ortho_neighbors_+freq_cum": "na",
                    "age_of_acquisition": -1,
                    "familiarity": -1,
                    "lexical_frequency": 185.61,
                    "complexity": 3,
                    "hapax_legomena_lemma": 1,
                    "concrete": false,
                    "sophisticated": false,
                    "passive": "O",
                    "coordination": {},
                    "clitic_type": false,
                    "aux_verbs": "O",
                    "named_entities": "O",
                    "subordination": [
                        "B0"
                    ],
                    "np_pp_modifiers": {
                        "ids": [],
                        "texts": []
                    }
                },
                "14": {
                    "text": "que",
                    "id": 15,
                    "lemma": "que",
                    "word_length": 3,
                    "word_syllables": 1,
                    "ortho_neighbors": 8,
                    "ortho_neighbors_+freq_cum": 35165.0,
                    "age_of_acquisition": 5.53281423804227,
                    "familiarity": 6.85714285714286,
                    "lexical_frequency": 8732.57,
                    "complexity": 3,
                    "hapax_legomena_lemma": 0,
                    "concrete": true,
                    "sophisticated": false,
                    "passive": "O",
                    "coordination": {},
                    "clitic_type": false,
                    "aux_verbs": "O",
                    "named_entities": "O",
                    "subordination": [
                        "I0"
                    ],
                    "np_pp_modifiers": {
                        "ids": [],
                        "texts": []
                    }
                },
                "15": {
                    "text": "le",
                    "id": 16,
                    "lemma": "le",
                    "word_length": 2,
                    "word_syllables": 1,
                    "ortho_neighbors": 9,
                    "ortho_neighbors_+freq_cum": 23.619999999999994,
                    "age_of_acquisition": 6.9547619047619,
                    "familiarity": 4.28571428571429,
                    "lexical_frequency": 11.69,
                    "complexity": 3,
                    "hapax_legomena_lemma": 1,
                    "concrete": true,
                    "sophisticated": false,
                    "passive": "O",
                    "coordination": {},
                    "clitic_type": false,
                    "aux_verbs": "O",
                    "named_entities": "O",
                    "subordination": [
                        "I0"
                    ],
                    "np_pp_modifiers": {
                        "ids": [],
                        "texts": []
                    }
                },
                "16": {
                    "text": "paysage",
                    "id": 17,
                    "lemma": "paysage",
                    "word_length": 7,
                    "word_syllables": 3,
                    "ortho_neighbors": "na",
                    "ortho_neighbors_+freq_cum": "na",
                    "age_of_acquisition": -1,
                    "familiarity": -1,
                    "lexical_frequency": 1e-10,
                    "complexity": "na",
                    "hapax_legomena_lemma": "na",
                    "concrete": false,
                    "sophisticated": true,
                    "passive": "O",
                    "coordination": {},
                    "clitic_type": false,
                    "aux_verbs": "O",
                    "named_entities": "O",
                    "subordination": [
                        "I0"
                    ],
                    "np_pp_modifiers": {
                        "ids": [],
                        "texts": []
                    }
                },
                "17": {
                    "text": "d\u00e9file",
                    "id": 18,
                    "lemma": "d\u00e9filer",
                    "word_length": 6,
                    "word_syllables": 2,
                    "ortho_neighbors": 1,
                    "ortho_neighbors_+freq_cum": 0.65,
                    "age_of_acquisition": -1,
                    "familiarity": -1,
                    "lexical_frequency": 1033.78,
                    "complexity": 1,
                    "hapax_legomena_lemma": 1,
                    "concrete": false,
                    "sophisticated": false,
                    "passive": "O",
                    "coordination": {},
                    "clitic_type": false,
                    "aux_verbs": "O",
                    "named_entities": "O",
                    "subordination": [
                        "I0"
                    ],
                    "np_pp_modifiers": {
                        "ids": [],
                        "texts": []
                    }
                },
                "18": {
                    "text": ".",
                    "id": 19,
                    "lemma": ".",
                    "word_length": 1,
                    "word_syllables": 0,
                    "ortho_neighbors": 2,
                    "ortho_neighbors_+freq_cum": 0.55,
                    "age_of_acquisition": 4.35483870967742,
                    "familiarity": 6.92857142857143,
                    "lexical_frequency": 15832.09,
                    "complexity": 1,
                    "hapax_legomena_lemma": 1,
                    "concrete": true,
                    "sophisticated": false,
                    "passive": "O",
                    "coordination": {},
                    "clitic_type": false,
                    "aux_verbs": "O",
                    "named_entities": "O",
                    "subordination": [],
                    "np_pp_modifiers": {
                        "ids": [],
                        "texts": []
                    }
                }
            },
            "features": {
                "parse_depth": 5,
                "sentence_length": 19,
                "ratio_passive_per_token": 0.0,
                "ratio_passive_per_verb": 0.0,
                "total_token_ratio_passive": 0.0,
                "max_size_passive": 0,
                "ratio_heads_per_token": 2.0,
                "max_nb_heads": 2,
                "max_dist_head_to_coord": 9,
                "ratio_coordination_per_token": 0.05263157894736842,
                "total_token_ratio_coordination": 0.10526315789473684,
                "max_size_coordination": 2,
                "ratio_aux_verbs_per_token": 0.0,
                "ratio_aux_verbs_per_verb": 0.0,
                "total_token_ratio_aux_verbs": 0.0,
                "max_size_aux_verbs": 0,
                "ratio_named_entities_per_token": 0.0,
                "ratio_named_entities_per_verb": 0.0,
                "total_token_ratio_named_entities": 0.0,
                "max_size_named_entities": 0,
                "max_size_np_pp_modifiers": 1,
                "max_size_subordination": 5,
                "words_before_verb": 2,
                "words_after_verb": 4
            }
        },
        "3": {
            "words": {
                "0": {
                    "text": "Comment",
                    "id": 1,
                    "lemma": "comment",
                    "word_length": 7,
                    "word_syllables": 2,
                    "ortho_neighbors": 19,
                    "ortho_neighbors_+freq_cum": 24555.15,
                    "age_of_acquisition": 4.07230255839822,
                    "familiarity": 6.92857142857143,
                    "lexical_frequency": 18310.95,
                    "complexity": 1,
                    "hapax_legomena_lemma": 0,
                    "concrete": true,
                    "sophisticated": false,
                    "passive": "O",
                    "coordination": {},
                    "clitic_type": false,
                    "aux_verbs": "O",
                    "named_entities": "O",
                    "subordination": [
                        "B0"
                    ],
                    "np_pp_modifiers": {
                        "ids": [],
                        "texts": []
                    }
                },
                "1": {
                    "text": "boire",
                    "id": 2,
                    "lemma": "boire",
                    "word_length": 5,
                    "word_syllables": 1,
                    "ortho_neighbors": 13,
                    "ortho_neighbors_+freq_cum": 418.88,
                    "age_of_acquisition": 3.99888765294772,
                    "familiarity": 5.89285714285714,
                    "lexical_frequency": 592.23,
                    "complexity": 1,
                    "hapax_legomena_lemma": 1,
                    "concrete": true,
                    "sophisticated": false,
                    "passive": "O",
                    "coordination": {},
                    "clitic_type": false,
                    "aux_verbs": "O",
                    "named_entities": "O",
                    "subordination": [
                        "I0"
                    ],
                    "np_pp_modifiers": {
                        "ids": [],
                        "texts": []
                    }
                },
                "2": {
                    "text": "de",
                    "id": 3,
                    "lemma": "de",
                    "word_length": 2,
                    "word_syllables": 1,
                    "ortho_neighbors": 46,
                    "ortho_neighbors_+freq_cum": 19149.1,
                    "age_of_acquisition": -1,
                    "familiarity": -1,
                    "lexical_frequency": 19209.05,
                    "complexity": "na",
                    "hapax_legomena_lemma": 0,
                    "concrete": false,
                    "sophisticated": false,
                    "passive": "O",
                    "coordination": {},
                    "clitic_type": false,
                    "aux_verbs": "O",
                    "named_entities": "O",
                    "subordination": [
                        "I0"
                    ],
                    "np_pp_modifiers": {
                        "ids": [],
                        "texts": []
                    }
                },
                "3": {
                    "text": "le",
                    "id": 4,
                    "lemma": "le",
                    "word_length": 2,
                    "word_syllables": 1,
                    "ortho_neighbors": 7,
                    "ortho_neighbors_+freq_cum": 212.19,
                    "age_of_acquisition": 2.23,
                    "familiarity": 3.84,
                    "lexical_frequency": 19.26,
                    "complexity": 1,
                    "hapax_legomena_lemma": 0,
                    "concrete": true,
                    "sophisticated": false,
                    "passive": "O",
                    "coordination": {},
                    "clitic_type": false,
                    "aux_verbs": "O",
                    "named_entities": "O",
                    "subordination": [
                        "I0"
                    ],
                    "np_pp_modifiers": {
                        "ids": [],
                        "texts": []
                    }
                },
                "4": {
                    "text": "th\u00e9",
                    "id": 5,
                    "lemma": "th\u00e9",
                    "word_length": 3,
                    "word_syllables": 1,
                    "ortho_neighbors": 8,
                    "ortho_neighbors_+freq_cum": 35165.0,
                    "age_of_acquisition": 5.53281423804227,
                    "familiarity": 6.85714285714286,
                    "lexical_frequency": 8732.57,
                    "complexity": 3,
                    "hapax_legomena_lemma": 0,
                    "concrete": true,
                    "sophisticated": false,
                    "passive": "O",
                    "coordination": {},
                    "clitic_type": false,
                    "aux_verbs": "O",
                    "named_entities": "O",
                    "subordination": [
                        "I0"
                    ],
                    "np_pp_modifiers": {
                        "ids": [],
                        "texts": []
                    }
                },
                "5": {
                    "text": "en",
                    "id": 6,
                    "lemma": "en",
                    "word_length": 2,
                    "word_syllables": 1,
                    "ortho_neighbors": 11,
                    "ortho_neighbors_+freq_cum": 1187.44,
                    "age_of_acquisition": 4.93103448275862,
                    "familiarity": 5.67857142857143,
                    "lexical_frequency": 288.04,
                    "complexity": 3,
                    "hapax_legomena_lemma": 1,
                    "concrete": true,
                    "sophisticated": false,
                    "passive": "O",
                    "coordination": {},
                    "clitic_type": false,
                    "aux_verbs": "O",
                    "named_entities": "O",
                    "subordination": [
                        "I0"
                    ],
                    "np_pp_modifiers": {
                        "ids": [],
                        "texts": []
                    }
                },
                "6": {
                    "text": "Inde",
                    "id": 7,
                    "lemma": "Inde",
                    "word_length": 4,
                    "word_syllables": 1,
                    "ortho_neighbors": 7,
                    "ortho_neighbors_+freq_cum": 89.38,
                    "age_of_acquisition": 7.17797552836485,
                    "familiarity": 5.85714285714286,
                    "lexical_frequency": 956.15,
                    "complexity": "na",
                    "hapax_legomena_lemma": 1,
                    "concrete": true,
                    "sophisticated": false,
                    "passive": "O",
                    "coordination": {},
                    "clitic_type": false,
                    "aux_verbs": "O",
                    "named_entities": "B",
                    "named_entities_loc": true,
                    "subordination": [
                        "I0"
                    ],
                    "np_pp_modifiers": {
                        "ids": [
                            6
                        ],
                        "texts": [
                            "en"
                        ]
                    }
                },
                "7": {
                    "text": ":",
                    "id": 8,
                    "lemma": ":",
                    "word_length": 1,
                    "word_syllables": 0,
                    "ortho_neighbors": "na",
                    "ortho_neighbors_+freq_cum": "na",
                    "age_of_acquisition": -1,
                    "familiarity": -1,
                    "lexical_frequency": 1e-10,
                    "complexity": "na",
                    "hapax_legomena_lemma": 1,
                    "concrete": false,
                    "sophisticated": true,
                    "passive": "O",
                    "coordination": {},
                    "clitic_type": false,
                    "aux_verbs": "O",
                    "named_entities": "O",
                    "subordination": [],
                    "np_pp_modifiers": {
                        "ids": [],
                        "texts": []
                    }
                },
                "8": {
                    "text": "-",
                    "id": 9,
                    "lemma": "-",
                    "word_length": 1,
                    "word_syllables": 0,
                    "ortho_neighbors": "na",
                    "ortho_neighbors_+freq_cum": "na",
                    "age_of_acquisition": -1,
                    "familiarity": -1,
                    "lexical_frequency": 1e-10,
                    "complexity": "na",
                    "hapax_legomena_lemma": "na",
                    "concrete": false,
                    "sophisticated": true,
                    "passive": "O",
                    "coordination": {},
                    "clitic_type": false,
                    "aux_verbs": "O",
                    "named_entities": "O",
                    "subordination": [],
                    "np_pp_modifiers": {
                        "ids": [],
                        "texts": []
                    }
                },
                "9": {
                    "text": "Le",
                    "id": 10,
                    "lemma": "le",
                    "word_length": 2,
                    "word_syllables": 1,
                    "ortho_neighbors": 17,
                    "ortho_neighbors_+freq_cum": 38489.399999999994,
                    "age_of_acquisition": 5.95357142857143,
                    "familiarity": 6.0,
                    "lexical_frequency": 1e-10,
                    "complexity": 4,
                    "hapax_legomena_lemma": 1,
                    "concrete": true,
                    "sophisticated": false,
                    "passive": "O",
                    "coordination": {},
                    "clitic_type": false,
                    "aux_verbs": "O",
                    "named_entities": "O",
                    "subordination": [],
                    "np_pp_modifiers": {
                        "ids": [],
                        "texts": []
                    }
                },
                "10": {
                    "text": "th\u00e9",
                    "id": 11,
                    "lemma": "th\u00e9",
                    "word_length": 3,
                    "word_syllables": 1,
                    "ortho_neighbors": 7,
                    "ortho_neighbors_+freq_cum": 212.19,
                    "age_of_acquisition": 2.23,
                    "familiarity": 3.84,
                    "lexical_frequency": 19.26,
                    "complexity": 1,
                    "hapax_legomena_lemma": 0,
                    "concrete": true,
                    "sophisticated": false,
                    "passive": "O",
                    "coordination": {},
                    "clitic_type": false,
                    "aux_verbs": "O",
                    "named_entities": "O",
                    "subordination": [],
                    "np_pp_modifiers": {
                        "ids": [],
                        "texts": []
                    }
                },
                "11": {
                    "text": "s'",
                    "id": 12,
                    "lemma": "se",
                    "word_length": 2,
                    "word_syllables": 1,
                    "ortho_neighbors": 5,
                    "ortho_neighbors_+freq_cum": 65.41,
                    "age_of_acquisition": -1,
                    "familiarity": -1,
                    "lexical_frequency": 441.42,
                    "complexity": 2,
                    "hapax_legomena_lemma": 1,
                    "concrete": false,
                    "sophisticated": false,
                    "passive": "O",
                    "coordination": {},
                    "clitic_type": false,
                    "aux_verbs": "O",
                    "named_entities": "O",
                    "subordination": [],
                    "np_pp_modifiers": {
                        "ids": [],
                        "texts": []
                    }
                },
                "12": {
                    "text": "appelle",
                    "id": 13,
                    "lemma": "appeler",
                    "word_length": 7,
                    "word_syllables": 2,
                    "ortho_neighbors": 46,
                    "ortho_neighbors_+freq_cum": 19149.1,
                    "age_of_acquisition": -1,
                    "familiarity": -1,
                    "lexical_frequency": 19209.05,
                    "complexity": 3,
                    "hapax_legomena_lemma": 0,
                    "concrete": false,
                    "sophisticated": false,
                    "passive": "O",
                    "coordination": {},
                    "clitic_type": false,
                    "aux_verbs": "O",
                    "named_entities": "O",
                    "subordination": [],
                    "np_pp_modifiers": {
                        "ids": [],
                        "texts": []
                    }
                },
                "13": {
                    "text": "de",
                    "id": 14,
                    "lemma": "de",
                    "word_length": 2,
                    "word_syllables": 1,
                    "ortho_neighbors": 0,
                    "ortho_neighbors_+freq_cum": "na",
                    "age_of_acquisition": -1,
                    "familiarity": -1,
                    "lexical_frequency": 185.61,
                    "complexity": 3,
                    "hapax_legomena_lemma": 1,
                    "concrete": false,
                    "sophisticated": false,
                    "passive": "O",
                    "coordination": {},
                    "clitic_type": false,
                    "aux_verbs": "O",
                    "named_entities": "O",
                    "subordination": [],
                    "np_pp_modifiers": {
                        "ids": [],
                        "texts": []
                    }
                },
                "14": {
                    "text": "le",
                    "id": 15,
                    "lemma": "le",
                    "word_length": 2,
                    "word_syllables": 1,
                    "ortho_neighbors": 8,
                    "ortho_neighbors_+freq_cum": 35165.0,
                    "age_of_acquisition": 5.53281423804227,
                    "familiarity": 6.85714285714286,
                    "lexical_frequency": 8732.57,
                    "complexity": 3,
                    "hapax_legomena_lemma": 0,
                    "concrete": true,
                    "sophisticated": false,
                    "passive": "O",
                    "coordination": {},
                    "clitic_type": false,
                    "aux_verbs": "O",
                    "named_entities": "O",
                    "subordination": [],
                    "np_pp_modifiers": {
                        "ids": [],
                        "texts": []
                    }
                },
                "15": {
                    "text": "cha\u00ef",
                    "id": 16,
                    "lemma": "cha\u00ef",
                    "word_length": 4,
                    "word_syllables": 0,
                    "ortho_neighbors": 9,
                    "ortho_neighbors_+freq_cum": 23.619999999999994,
                    "age_of_acquisition": 6.9547619047619,
                    "familiarity": 4.28571428571429,
                    "lexical_frequency": 11.69,
                    "complexity": 3,
                    "hapax_legomena_lemma": 1,
                    "concrete": true,
                    "sophisticated": false,
                    "passive": "O",
                    "coordination": {},
                    "clitic_type": false,
                    "aux_verbs": "O",
                    "named_entities": "O",
                    "subordination": [],
                    "np_pp_modifiers": {
                        "ids": [
                            14
                        ],
                        "texts": [
                            "de"
                        ]
                    }
                },
                "16": {
                    "text": ".",
                    "id": 17,
                    "lemma": ".",
                    "word_length": 1,
                    "word_syllables": 0,
                    "ortho_neighbors": "na",
                    "ortho_neighbors_+freq_cum": "na",
                    "age_of_acquisition": -1,
                    "familiarity": -1,
                    "lexical_frequency": 1e-10,
                    "complexity": "na",
                    "hapax_legomena_lemma": "na",
                    "concrete": false,
                    "sophisticated": true,
                    "passive": "O",
                    "coordination": {},
                    "clitic_type": false,
                    "aux_verbs": "O",
                    "named_entities": "O",
                    "subordination": [],
                    "np_pp_modifiers": {
                        "ids": [],
                        "texts": []
                    }
                }
            },
            "features": {
                "parse_depth": 4,
                "sentence_length": 17,
                "ratio_passive_per_token": 0.0,
                "ratio_passive_per_verb": 0.0,
                "total_token_ratio_passive": 0.0,
                "max_size_passive": 0,
                "ratio_heads_per_token": 0,
                "max_nb_heads": 0,
                "max_dist_head_to_coord": 0,
                "ratio_coordination_per_token": 0.0,
                "total_token_ratio_coordination": 0.0,
                "max_size_coordination": 0,
                "ratio_aux_verbs_per_token": 0.0,
                "ratio_aux_verbs_per_verb": 0.0,
                "total_token_ratio_aux_verbs": 0.0,
                "max_size_aux_verbs": 0,
                "ratio_named_entities_per_token": 0.058823529411764705,
                "ratio_named_entities_per_verb": 0.5,
                "total_token_ratio_named_entities": 0.058823529411764705,
                "max_size_named_entities": 1,
                "max_size_np_pp_modifiers": 1,
                "max_size_subordination": 7,
                "words_before_verb": 1,
                "words_after_verb": 4
            }
        },
        "4": {
            "words": {
                "0": {
                    "text": "-",
                    "id": 1,
                    "lemma": "-",
                    "word_length": 1,
                    "word_syllables": 0,
                    "ortho_neighbors": 19,
                    "ortho_neighbors_+freq_cum": 24555.15,
                    "age_of_acquisition": 4.07230255839822,
                    "familiarity": 6.92857142857143,
                    "lexical_frequency": 18310.95,
                    "complexity": 1,
                    "hapax_legomena_lemma": 0,
                    "concrete": true,
                    "sophisticated": false,
                    "passive": "O",
                    "coordination": {},
                    "clitic_type": false,
                    "aux_verbs": "O",
                    "named_entities": "O",
                    "subordination": [],
                    "np_pp_modifiers": {
                        "ids": [],
                        "texts": []
                    }
                },
                "1": {
                    "text": "Le",
                    "id": 2,
                    "lemma": "le",
                    "word_length": 2,
                    "word_syllables": 1,
                    "ortho_neighbors": 13,
                    "ortho_neighbors_+freq_cum": 418.88,
                    "age_of_acquisition": 3.99888765294772,
                    "familiarity": 5.89285714285714,
                    "lexical_frequency": 592.23,
                    "complexity": 1,
                    "hapax_legomena_lemma": 1,
                    "concrete": true,
                    "sophisticated": false,
                    "passive": "O",
                    "coordination": {},
                    "clitic_type": false,
                    "aux_verbs": "O",
                    "named_entities": "B",
                    "subordination": [],
                    "np_pp_modifiers": {
                        "ids": [],
                        "texts": []
                    }
                },
                "2": {
                    "text": "cha\u00ef",
                    "id": 3,
                    "lemma": "cha\u00ef",
                    "word_length": 4,
                    "word_syllables": 0,
                    "ortho_neighbors": 46,
                    "ortho_neighbors_+freq_cum": 19149.1,
                    "age_of_acquisition": -1,
                    "familiarity": -1,
                    "lexical_frequency": 19209.05,
                    "complexity": "na",
                    "hapax_legomena_lemma": 0,
                    "concrete": false,
                    "sophisticated": false,
                    "passive": "O",
                    "coordination": {},
                    "clitic_type": false,
                    "aux_verbs": "O",
                    "named_entities": "I",
                    "subordination": [],
                    "np_pp_modifiers": {
                        "ids": [],
                        "texts": []
                    }
                },
                "3": {
                    "text": "est",
                    "id": 4,
                    "lemma": "\u00eatre",
                    "word_length": 3,
                    "word_syllables": 1,
                    "ortho_neighbors": 7,
                    "ortho_neighbors_+freq_cum": 212.19,
                    "age_of_acquisition": 2.23,
                    "familiarity": 3.84,
                    "lexical_frequency": 19.26,
                    "complexity": 1,
                    "hapax_legomena_lemma": 0,
                    "concrete": true,
                    "sophisticated": false,
                    "passive": "O",
                    "coordination": {},
                    "clitic_type": false,
                    "aux_verbs": "O",
                    "named_entities": "O",
                    "subordination": [],
                    "np_pp_modifiers": {
                        "ids": [],
                        "texts": []
                    }
                },
                "4": {
                    "text": "cr\u00e9meux",
                    "id": 5,
                    "lemma": "cr\u00e9meux",
                    "word_length": 7,
                    "word_syllables": 2,
                    "ortho_neighbors": 8,
                    "ortho_neighbors_+freq_cum": 35165.0,
                    "age_of_acquisition": 5.53281423804227,
                    "familiarity": 6.85714285714286,
                    "lexical_frequency": 8732.57,
                    "complexity": 3,
                    "hapax_legomena_lemma": 0,
                    "concrete": true,
                    "sophisticated": false,
                    "passive": "O",
                    "coordination": {
                        "conjuncts": [
                            7
                        ],
                        "cc": [
                            6
                        ]
                    },
                    "clitic_type": false,
                    "aux_verbs": "O",
                    "named_entities": "O",
                    "subordination": [],
                    "np_pp_modifiers": {
                        "ids": [],
                        "texts": []
                    }
                },
                "5": {
                    "text": "et",
                    "id": 6,
                    "lemma": "et",
                    "word_length": 2,
                    "word_syllables": 1,
                    "ortho_neighbors": 11,
                    "ortho_neighbors_+freq_cum": 1187.44,
                    "age_of_acquisition": 4.93103448275862,
                    "familiarity": 5.67857142857143,
                    "lexical_frequency": 288.04,
                    "complexity": 3,
                    "hapax_legomena_lemma": 1,
                    "concrete": true,
                    "sophisticated": false,
                    "passive": "O",
                    "coordination": {},
                    "clitic_type": false,
                    "aux_verbs": "O",
                    "named_entities": "O",
                    "subordination": [],
                    "np_pp_modifiers": {
                        "ids": [],
                        "texts": []
                    }
                },
                "6": {
                    "text": "sucr\u00e9",
                    "id": 7,
                    "lemma": "sucr\u00e9",
                    "word_length": 5,
                    "word_syllables": 2,
                    "ortho_neighbors": 7,
                    "ortho_neighbors_+freq_cum": 89.38,
                    "age_of_acquisition": 7.17797552836485,
                    "familiarity": 5.85714285714286,
                    "lexical_frequency": 956.15,
                    "complexity": "na",
                    "hapax_legomena_lemma": 1,
                    "concrete": true,
                    "sophisticated": false,
                    "passive": "O",
                    "coordination": {},
                    "clitic_type": false,
                    "aux_verbs": "O",
                    "named_entities": "O",
                    "subordination": [],
                    "np_pp_modifiers": {
                        "ids": [],
                        "texts": []
                    }
                },
                "7": {
                    "text": ".",
                    "id": 8,
                    "lemma": ".",
                    "word_length": 1,
                    "word_syllables": 0,
                    "ortho_neighbors": "na",
                    "ortho_neighbors_+freq_cum": "na",
                    "age_of_acquisition": -1,
                    "familiarity": -1,
                    "lexical_frequency": 1e-10,
                    "complexity": "na",
                    "hapax_legomena_lemma": 1,
                    "concrete": false,
                    "sophisticated": true,
                    "passive": "O",
                    "coordination": {},
                    "clitic_type": false,
                    "aux_verbs": "O",
                    "named_entities": "O",
                    "subordination": [],
                    "np_pp_modifiers": {
                        "ids": [],
                        "texts": []
                    }
                }
            },
            "features": {
                "parse_depth": 3,
                "sentence_length": 8,
                "ratio_passive_per_token": 0.0,
                "ratio_passive_per_verb": 0,
                "total_token_ratio_passive": 0.0,
                "max_size_passive": 0,
                "ratio_heads_per_token": 1.0,
                "max_nb_heads": 1,
                "max_dist_head_to_coord": 2,
                "ratio_coordination_per_token": 0.125,
                "total_token_ratio_coordination": 0.125,
                "max_size_coordination": 1,
                "ratio_aux_verbs_per_token": 0.0,
                "ratio_aux_verbs_per_verb": 0,
                "total_token_ratio_aux_verbs": 0.0,
                "max_size_aux_verbs": 0,
                "ratio_named_entities_per_token": 0.125,
                "ratio_named_entities_per_verb": 0,
                "total_token_ratio_named_entities": 0.25,
                "max_size_named_entities": 2,
                "max_size_np_pp_modifiers": 0,
                "max_size_subordination": 0,
                "words_before_verb": 3,
                "words_after_verb": 2
            }
        },
        "5": {
            "words": {
                "0": {
                    "text": "-",
                    "id": 1,
                    "lemma": "-",
                    "word_length": 1,
                    "word_syllables": 0,
                    "ortho_neighbors": 19,
                    "ortho_neighbors_+freq_cum": 24555.15,
                    "age_of_acquisition": 4.07230255839822,
                    "familiarity": 6.92857142857143,
                    "lexical_frequency": 18310.95,
                    "complexity": 1,
                    "hapax_legomena_lemma": 0,
                    "concrete": true,
                    "sophisticated": false,
                    "passive": "O",
                    "coordination": {},
                    "clitic_type": false,
                    "aux_verbs": "O",
                    "named_entities": "O",
                    "subordination": [],
                    "np_pp_modifiers": {
                        "ids": [],
                        "texts": []
                    }
                },
                "1": {
                    "text": "On",
                    "id": 2,
                    "lemma": "on",
                    "word_length": 2,
                    "word_syllables": 1,
                    "ortho_neighbors": 13,
                    "ortho_neighbors_+freq_cum": 418.88,
                    "age_of_acquisition": 3.99888765294772,
                    "familiarity": 5.89285714285714,
                    "lexical_frequency": 592.23,
                    "complexity": 1,
                    "hapax_legomena_lemma": 1,
                    "concrete": true,
                    "sophisticated": false,
                    "passive": "O",
                    "coordination": {},
                    "clitic_type": "postclitic",
                    "aux_verbs": "O",
                    "named_entities": "O",
                    "subordination": [],
                    "np_pp_modifiers": {
                        "ids": [],
                        "texts": []
                    }
                },
                "2": {
                    "text": "le",
                    "id": 3,
                    "lemma": "le",
                    "word_length": 2,
                    "word_syllables": 1,
                    "ortho_neighbors": 46,
                    "ortho_neighbors_+freq_cum": 19149.1,
                    "age_of_acquisition": -1,
                    "familiarity": -1,
                    "lexical_frequency": 19209.05,
                    "complexity": "na",
                    "hapax_legomena_lemma": 0,
                    "concrete": false,
                    "sophisticated": false,
                    "passive": "O",
                    "coordination": {},
                    "clitic_type": "postclitic",
                    "aux_verbs": "O",
                    "named_entities": "O",
                    "subordination": [],
                    "np_pp_modifiers": {
                        "ids": [],
                        "texts": []
                    }
                },
                "3": {
                    "text": "boit",
                    "id": 4,
                    "lemma": "bevoir",
                    "word_length": 4,
                    "word_syllables": 1,
                    "ortho_neighbors": 7,
                    "ortho_neighbors_+freq_cum": 212.19,
                    "age_of_acquisition": 2.23,
                    "familiarity": 3.84,
                    "lexical_frequency": 19.26,
                    "complexity": 1,
                    "hapax_legomena_lemma": 0,
                    "concrete": true,
                    "sophisticated": false,
                    "passive": "O",
                    "coordination": {},
                    "clitic_type": false,
                    "aux_verbs": "O",
                    "named_entities": "O",
                    "subordination": [],
                    "np_pp_modifiers": {
                        "ids": [],
                        "texts": []
                    }
                },
                "4": {
                    "text": "dans",
                    "id": 5,
                    "lemma": "dans",
                    "word_length": 4,
                    "word_syllables": 1,
                    "ortho_neighbors": 8,
                    "ortho_neighbors_+freq_cum": 35165.0,
                    "age_of_acquisition": 5.53281423804227,
                    "familiarity": 6.85714285714286,
                    "lexical_frequency": 8732.57,
                    "complexity": 3,
                    "hapax_legomena_lemma": 0,
                    "concrete": true,
                    "sophisticated": false,
                    "passive": "O",
                    "coordination": {},
                    "clitic_type": false,
                    "aux_verbs": "O",
                    "named_entities": "O",
                    "subordination": [],
                    "np_pp_modifiers": {
                        "ids": [],
                        "texts": []
                    }
                },
                "5": {
                    "text": "un",
                    "id": 6,
                    "lemma": "un",
                    "word_length": 2,
                    "word_syllables": 1,
                    "ortho_neighbors": 11,
                    "ortho_neighbors_+freq_cum": 1187.44,
                    "age_of_acquisition": 4.93103448275862,
                    "familiarity": 5.67857142857143,
                    "lexical_frequency": 288.04,
                    "complexity": 3,
                    "hapax_legomena_lemma": 1,
                    "concrete": true,
                    "sophisticated": false,
                    "passive": "O",
                    "coordination": {},
                    "clitic_type": false,
                    "aux_verbs": "O",
                    "named_entities": "O",
                    "subordination": [],
                    "np_pp_modifiers": {
                        "ids": [],
                        "texts": []
                    }
                },
                "6": {
                    "text": "petit",
                    "id": 7,
                    "lemma": "petit",
                    "word_length": 5,
                    "word_syllables": 2,
                    "ortho_neighbors": 7,
                    "ortho_neighbors_+freq_cum": 89.38,
                    "age_of_acquisition": 7.17797552836485,
                    "familiarity": 5.85714285714286,
                    "lexical_frequency": 956.15,
                    "complexity": "na",
                    "hapax_legomena_lemma": 1,
                    "concrete": true,
                    "sophisticated": false,
                    "passive": "O",
                    "coordination": {},
                    "clitic_type": false,
                    "aux_verbs": "O",
                    "named_entities": "O",
                    "subordination": [],
                    "np_pp_modifiers": {
                        "ids": [],
                        "texts": []
                    }
                },
                "7": {
                    "text": "gobelet",
                    "id": 8,
                    "lemma": "gobelet",
                    "word_length": 7,
                    "word_syllables": 2,
                    "ortho_neighbors": "na",
                    "ortho_neighbors_+freq_cum": "na",
                    "age_of_acquisition": -1,
                    "familiarity": -1,
                    "lexical_frequency": 1e-10,
                    "complexity": "na",
                    "hapax_legomena_lemma": 1,
                    "concrete": false,
                    "sophisticated": true,
                    "passive": "O",
                    "coordination": {},
                    "clitic_type": false,
                    "aux_verbs": "O",
                    "named_entities": "O",
                    "subordination": [],
                    "np_pp_modifiers": {
                        "ids": [
                            5,
                            7,
                            10,
                            9
                        ],
                        "texts": [
                            "dans",
                            "petit",
                            "argile",
                            "d'"
                        ]
                    }
                },
                "8": {
                    "text": "d'",
                    "id": 9,
                    "lemma": "de",
                    "word_length": 2,
                    "word_syllables": 1,
                    "ortho_neighbors": "na",
                    "ortho_neighbors_+freq_cum": "na",
                    "age_of_acquisition": -1,
                    "familiarity": -1,
                    "lexical_frequency": 1e-10,
                    "complexity": "na",
                    "hapax_legomena_lemma": "na",
                    "concrete": false,
                    "sophisticated": true,
                    "passive": "O",
                    "coordination": {},
                    "clitic_type": false,
                    "aux_verbs": "O",
                    "named_entities": "O",
                    "subordination": [],
                    "np_pp_modifiers": {
                        "ids": [],
                        "texts": []
                    }
                },
                "9": {
                    "text": "argile",
                    "id": 10,
                    "lemma": "argile",
                    "word_length": 6,
                    "word_syllables": 2,
                    "ortho_neighbors": 17,
                    "ortho_neighbors_+freq_cum": 38489.399999999994,
                    "age_of_acquisition": 5.95357142857143,
                    "familiarity": 6.0,
                    "lexical_frequency": 1e-10,
                    "complexity": 4,
                    "hapax_legomena_lemma": 1,
                    "concrete": true,
                    "sophisticated": false,
                    "passive": "O",
                    "coordination": {},
                    "clitic_type": false,
                    "aux_verbs": "O",
                    "named_entities": "O",
                    "subordination": [],
                    "np_pp_modifiers": {
                        "ids": [
                            9
                        ],
                        "texts": [
                            "d'"
                        ]
                    }
                },
                "10": {
                    "text": ".",
                    "id": 11,
                    "lemma": ".",
                    "word_length": 1,
                    "word_syllables": 0,
                    "ortho_neighbors": 7,
                    "ortho_neighbors_+freq_cum": 212.19,
                    "age_of_acquisition": 2.23,
                    "familiarity": 3.84,
                    "lexical_frequency": 19.26,
                    "complexity": 1,
                    "hapax_legomena_lemma": 0,
                    "concrete": true,
                    "sophisticated": false,
                    "passive": "O",
                    "coordination": {},
                    "clitic_type": false,
                    "aux_verbs": "O",
                    "named_entities": "O",
                    "subordination": [],
                    "np_pp_modifiers": {
                        "ids": [],
                        "texts": []
                    }
                }
            },
            "features": {
                "parse_depth": 4,
                "sentence_length": 11,
                "ratio_passive_per_token": 0.0,
                "ratio_passive_per_verb": 0.0,
                "total_token_ratio_passive": 0.0,
                "max_size_passive": 0,
                "ratio_heads_per_token": 0,
                "max_nb_heads": 0,
                "max_dist_head_to_coord": 0,
                "ratio_coordination_per_token": 0.0,
                "total_token_ratio_coordination": 0.0,
                "max_size_coordination": 0,
                "ratio_aux_verbs_per_token": 0.0,
                "ratio_aux_verbs_per_verb": 0.0,
                "total_token_ratio_aux_verbs": 0.0,
                "max_size_aux_verbs": 0,
                "ratio_named_entities_per_token": 0.0,
                "ratio_named_entities_per_verb": 0.0,
                "total_token_ratio_named_entities": 0.0,
                "max_size_named_entities": 0,
                "max_size_np_pp_modifiers": 4,
                "max_size_subordination": 0,
                "words_before_verb": 3,
                "words_after_verb": 2
            }
        },
        "6": {
            "words": {
                "0": {
                    "text": "-",
                    "id": 1,
                    "lemma": "-",
                    "word_length": 1,
                    "word_syllables": 0,
                    "ortho_neighbors": 19,
                    "ortho_neighbors_+freq_cum": 24555.15,
                    "age_of_acquisition": 4.07230255839822,
                    "familiarity": 6.92857142857143,
                    "lexical_frequency": 18310.95,
                    "complexity": 1,
                    "hapax_legomena_lemma": 0,
                    "concrete": true,
                    "sophisticated": false,
                    "passive": "O",
                    "coordination": {},
                    "clitic_type": false,
                    "aux_verbs": "O",
                    "named_entities": "O",
                    "subordination": [],
                    "np_pp_modifiers": {
                        "ids": [],
                        "texts": []
                    }
                },
                "1": {
                    "text": "On",
                    "id": 2,
                    "lemma": "on",
                    "word_length": 2,
                    "word_syllables": 1,
                    "ortho_neighbors": 13,
                    "ortho_neighbors_+freq_cum": 418.88,
                    "age_of_acquisition": 3.99888765294772,
                    "familiarity": 5.89285714285714,
                    "lexical_frequency": 592.23,
                    "complexity": 1,
                    "hapax_legomena_lemma": 1,
                    "concrete": true,
                    "sophisticated": false,
                    "passive": "O",
                    "coordination": {},
                    "clitic_type": "postclitic",
                    "aux_verbs": "O",
                    "named_entities": "O",
                    "subordination": [],
                    "np_pp_modifiers": {
                        "ids": [],
                        "texts": []
                    }
                },
                "2": {
                    "text": "\u00e9crase",
                    "id": 3,
                    "lemma": "\u00e9craser",
                    "word_length": 6,
                    "word_syllables": 2,
                    "ortho_neighbors": 46,
                    "ortho_neighbors_+freq_cum": 19149.1,
                    "age_of_acquisition": -1,
                    "familiarity": -1,
                    "lexical_frequency": 19209.05,
                    "complexity": "na",
                    "hapax_legomena_lemma": 0,
                    "concrete": false,
                    "sophisticated": false,
                    "passive": "O",
                    "coordination": {},
                    "clitic_type": false,
                    "aux_verbs": "O",
                    "named_entities": "O",
                    "subordination": [],
                    "np_pp_modifiers": {
                        "ids": [],
                        "texts": []
                    }
                },
                "3": {
                    "text": "le",
                    "id": 4,
                    "lemma": "le",
                    "word_length": 2,
                    "word_syllables": 1,
                    "ortho_neighbors": 7,
                    "ortho_neighbors_+freq_cum": 212.19,
                    "age_of_acquisition": 2.23,
                    "familiarity": 3.84,
                    "lexical_frequency": 19.26,
                    "complexity": 1,
                    "hapax_legomena_lemma": 0,
                    "concrete": true,
                    "sophisticated": false,
                    "passive": "O",
                    "coordination": {},
                    "clitic_type": false,
                    "aux_verbs": "O",
                    "named_entities": "O",
                    "subordination": [],
                    "np_pp_modifiers": {
                        "ids": [],
                        "texts": []
                    }
                },
                "4": {
                    "text": "gobelet",
                    "id": 5,
                    "lemma": "gobelet",
                    "word_length": 7,
                    "word_syllables": 2,
                    "ortho_neighbors": 8,
                    "ortho_neighbors_+freq_cum": 35165.0,
                    "age_of_acquisition": 5.53281423804227,
                    "familiarity": 6.85714285714286,
                    "lexical_frequency": 8732.57,
                    "complexity": 3,
                    "hapax_legomena_lemma": 0,
                    "concrete": true,
                    "sophisticated": false,
                    "passive": "O",
                    "coordination": {},
                    "clitic_type": false,
                    "aux_verbs": "O",
                    "named_entities": "O",
                    "subordination": [],
                    "np_pp_modifiers": {
                        "ids": [],
                        "texts": []
                    }
                },
                "5": {
                    "text": "\u00e0",
                    "id": 6,
                    "lemma": "\u00e0",
                    "word_length": 1,
                    "word_syllables": 1,
                    "ortho_neighbors": 11,
                    "ortho_neighbors_+freq_cum": 1187.44,
                    "age_of_acquisition": 4.93103448275862,
                    "familiarity": 5.67857142857143,
                    "lexical_frequency": 288.04,
                    "complexity": 3,
                    "hapax_legomena_lemma": 1,
                    "concrete": true,
                    "sophisticated": false,
                    "passive": "O",
                    "coordination": {},
                    "clitic_type": false,
                    "aux_verbs": "O",
                    "named_entities": "O",
                    "subordination": [],
                    "np_pp_modifiers": {
                        "ids": [],
                        "texts": []
                    }
                },
                "6": {
                    "text": "le",
                    "id": 7,
                    "lemma": "le",
                    "word_length": 2,
                    "word_syllables": 1,
                    "ortho_neighbors": 7,
                    "ortho_neighbors_+freq_cum": 89.38,
                    "age_of_acquisition": 7.17797552836485,
                    "familiarity": 5.85714285714286,
                    "lexical_frequency": 956.15,
                    "complexity": "na",
                    "hapax_legomena_lemma": 1,
                    "concrete": true,
                    "sophisticated": false,
                    "passive": "O",
                    "coordination": {},
                    "clitic_type": false,
                    "aux_verbs": "O",
                    "named_entities": "O",
                    "subordination": [],
                    "np_pp_modifiers": {
                        "ids": [],
                        "texts": []
                    }
                },
                "7": {
                    "text": "sol",
                    "id": 8,
                    "lemma": "sol",
                    "word_length": 3,
                    "word_syllables": 1,
                    "ortho_neighbors": "na",
                    "ortho_neighbors_+freq_cum": "na",
                    "age_of_acquisition": -1,
                    "familiarity": -1,
                    "lexical_frequency": 1e-10,
                    "complexity": "na",
                    "hapax_legomena_lemma": 1,
                    "concrete": false,
                    "sophisticated": true,
                    "passive": "O",
                    "coordination": {},
                    "clitic_type": false,
                    "aux_verbs": "O",
                    "named_entities": "O",
                    "subordination": [],
                    "np_pp_modifiers": {
                        "ids": [
                            6
                        ],
                        "texts": [
                            "\u00e0"
                        ]
                    }
                },
                "8": {
                    "text": "quand",
                    "id": 9,
                    "lemma": "quand",
                    "word_length": 5,
                    "word_syllables": 1,
                    "ortho_neighbors": "na",
                    "ortho_neighbors_+freq_cum": "na",
                    "age_of_acquisition": -1,
                    "familiarity": -1,
                    "lexical_frequency": 1e-10,
                    "complexity": "na",
                    "hapax_legomena_lemma": "na",
                    "concrete": false,
                    "sophisticated": true,
                    "passive": "O",
                    "coordination": {},
                    "clitic_type": false,
                    "aux_verbs": "O",
                    "named_entities": "O",
                    "subordination": [
                        "B0"
                    ],
                    "np_pp_modifiers": {
                        "ids": [],
                        "texts": []
                    }
                },
                "9": {
                    "text": "on",
                    "id": 10,
                    "lemma": "on",
                    "word_length": 2,
                    "word_syllables": 1,
                    "ortho_neighbors": 17,
                    "ortho_neighbors_+freq_cum": 38489.399999999994,
                    "age_of_acquisition": 5.95357142857143,
                    "familiarity": 6.0,
                    "lexical_frequency": 1e-10,
                    "complexity": 4,
                    "hapax_legomena_lemma": 1,
                    "concrete": true,
                    "sophisticated": false,
                    "passive": "O",
                    "coordination": {},
                    "clitic_type": "postclitic",
                    "aux_verbs": "O",
                    "named_entities": "O",
                    "subordination": [
                        "I0"
                    ],
                    "np_pp_modifiers": {
                        "ids": [],
                        "texts": []
                    }
                },
                "10": {
                    "text": "a",
                    "id": 11,
                    "lemma": "avoir",
                    "word_length": 1,
                    "word_syllables": 1,
                    "ortho_neighbors": 7,
                    "ortho_neighbors_+freq_cum": 212.19,
                    "age_of_acquisition": 2.23,
                    "familiarity": 3.84,
                    "lexical_frequency": 19.26,
                    "complexity": 1,
                    "hapax_legomena_lemma": 0,
                    "concrete": true,
                    "sophisticated": false,
                    "passive": "O",
                    "coordination": {},
                    "clitic_type": false,
                    "aux_verbs": "B",
                    "named_entities": "O",
                    "subordination": [
                        "I0"
                    ],
                    "np_pp_modifiers": {
                        "ids": [],
                        "texts": []
                    }
                },
                "11": {
                    "text": "termin\u00e9",
                    "id": 12,
                    "lemma": "terminer",
                    "word_length": 7,
                    "word_syllables": 3,
                    "ortho_neighbors": 5,
                    "ortho_neighbors_+freq_cum": 65.41,
                    "age_of_acquisition": -1,
                    "familiarity": -1,
                    "lexical_frequency": 441.42,
                    "complexity": 2,
                    "hapax_legomena_lemma": 1,
                    "concrete": false,
                    "sophisticated": false,
                    "passive": "O",
                    "coordination": {},
                    "clitic_type": false,
                    "aux_verbs": "I",
                    "named_entities": "O",
                    "subordination": [
                        "I0"
                    ],
                    "np_pp_modifiers": {
                        "ids": [],
                        "texts": []
                    }
                },
                "12": {
                    "text": ".",
                    "id": 13,
                    "lemma": ".",
                    "word_length": 1,
                    "word_syllables": 0,
                    "ortho_neighbors": 46,
                    "ortho_neighbors_+freq_cum": 19149.1,
                    "age_of_acquisition": -1,
                    "familiarity": -1,
                    "lexical_frequency": 19209.05,
                    "complexity": 3,
                    "hapax_legomena_lemma": 0,
                    "concrete": false,
                    "sophisticated": false,
                    "passive": "O",
                    "coordination": {},
                    "clitic_type": false,
                    "aux_verbs": "O",
                    "named_entities": "O",
                    "subordination": [],
                    "np_pp_modifiers": {
                        "ids": [],
                        "texts": []
                    }
                }
            },
            "features": {
                "parse_depth": 3,
                "sentence_length": 13,
                "ratio_passive_per_token": 0.0,
                "ratio_passive_per_verb": 0.0,
                "total_token_ratio_passive": 0.0,
                "max_size_passive": 0,
                "ratio_heads_per_token": 0,
                "max_nb_heads": 0,
                "max_dist_head_to_coord": 0,
                "ratio_coordination_per_token": 0.0,
                "total_token_ratio_coordination": 0.0,
                "max_size_coordination": 0,
                "ratio_aux_verbs_per_token": 0.07692307692307693,
                "ratio_aux_verbs_per_verb": 0.5,
                "total_token_ratio_aux_verbs": 0.15384615384615385,
                "max_size_aux_verbs": 2,
                "ratio_named_entities_per_token": 0.0,
                "ratio_named_entities_per_verb": 0.0,
                "total_token_ratio_named_entities": 0.0,
                "max_size_named_entities": 0,
                "max_size_np_pp_modifiers": 1,
                "max_size_subordination": 4,
                "words_before_verb": 2,
                "words_after_verb": 4
            }
        }
    }
}