{
    "features": {
        "word_count": 88,
        "sentence_count": 1,
        "document_length": 88,
        "sophisticated_ratio": 0.29545454545454547,
        "concrete_ratio": 0.3522727272727273,
        "lexical_diversity": 0.9861523397237683,
        "hapax_legomena_lemma_ratio": 0.6477272727272727,
        "ratio_passive_per_token": 0.0,
        "ratio_passive_per_verb": 0.0,
        "total_token_ratio_passive": 0.0,
        "max_size_passive": 0,
        "ratio_coordination_per_token": 0.06818181818181818,
        "total_token_ratio_coordination": 0.06818181818181818,
        "max_size_coordination": 1,
        "ratio_clitic_per_token": 0.0,
        "ratio_pre_clitic_pronouns_per_token": 0.0,
        "ratio_post_clitic_pronouns_per_token": 0.0,
        "ratio_aux_verbs_per_token": 0.0,
        "ratio_aux_verbs_per_verb": 0.0,
        "total_token_ratio_aux_verbs": 0.0,
        "max_size_aux_verbs": 0,
        "ratio_named_entities_per_token": 0.11363636363636363,
        "ratio_named_entities_per_verb": 0.5882352941176471,
        "total_token_ratio_named_entities": 0.29545454545454547,
        "max_size_named_entities": 5,
        "ratio_subordination_per_token": 0.03409090909090909,
        "ratio_subordination_per_verb": 0.17647058823529413,
        "total_token_ratio_subordination": 0.17045454545454544,
        "max_size_subordination": 12,
        "max_size_np_pp_modifiers": 3
    },
    "sentences": {
        "0": {
            "words": {
                "0": {
                    "text": "Ma",
                    "id": 1,
                    "lemma": "son",
                    "word_length": 2,
                    "word_syllables": 1,
                    "ortho_neighbors": 18,
                    "ortho_neighbors_+freq_cum": 30715.539999999997,
                    "age_of_acquisition": 5.95357142857143,
                    "familiarity": 6.0,
                    "lexical_frequency": 1e-10,
                    "complexity": 4,
                    "hapax_legomena_lemma": 1,
                    "concrete": true,
                    "sophisticated": false,
                    "passive": "O",
                    "coordination": {},
                    "clitic_type": false,
                    "aux_verbs": "O",
                    "named_entities": "O",
                    "subordination": [],
                    "np_pp_modifiers": {
                        "ids": [],
                        "texts": []
                    }
                },
                "1": {
                    "text": "todo",
                    "id": 2,
                    "lemma": "todo",
                    "word_length": 4,
                    "word_syllables": 0,
                    "ortho_neighbors": "na",
                    "ortho_neighbors_+freq_cum": "na",
                    "age_of_acquisition": -1,
                    "familiarity": -1,
                    "lexical_frequency": 1e-10,
                    "complexity": "na",
                    "hapax_legomena_lemma": 1,
                    "concrete": false,
                    "sophisticated": true,
                    "passive": "O",
                    "coordination": {},
                    "clitic_type": false,
                    "aux_verbs": "O",
                    "named_entities": "O",
                    "subordination": [],
                    "np_pp_modifiers": {
                        "ids": [
                            7
                        ],
                        "texts": [
                            "oublier"
                        ]
                    }
                },
                "2": {
                    "text": "list",
                    "id": 3,
                    "lemma": "list",
                    "word_length": 4,
                    "word_syllables": 0,
                    "ortho_neighbors": "na",
                    "ortho_neighbors_+freq_cum": "na",
                    "age_of_acquisition": -1,
                    "familiarity": -1,
                    "lexical_frequency": 1e-10,
                    "complexity": "na",
                    "hapax_legomena_lemma": 1,
                    "concrete": false,
                    "sophisticated": true,
                    "passive": "O",
                    "coordination": {},
                    "clitic_type": false,
                    "aux_verbs": "O",
                    "named_entities": "O",
                    "subordination": [],
                    "np_pp_modifiers": {
                        "ids": [],
                        "texts": []
                    }
                },
                "3": {
                    "text": "pour",
                    "id": 4,
                    "lemma": "pour",
                    "word_length": 4,
                    "word_syllables": 1,
                    "ortho_neighbors": 9,
                    "ortho_neighbors_+freq_cum": 1091.04,
                    "age_of_acquisition": 5.03448275862069,
                    "familiarity": 6.46428571428571,
                    "lexical_frequency": 6198.24,
                    "complexity": "na",
                    "hapax_legomena_lemma": 0,
                    "concrete": true,
                    "sophisticated": false,
                    "passive": "O",
                    "coordination": {},
                    "clitic_type": false,
                    "aux_verbs": "O",
                    "named_entities": "O",
                    "subordination": [],
                    "np_pp_modifiers": {
                        "ids": [],
                        "texts": []
                    }
                },
                "4": {
                    "text": "ne",
                    "id": 5,
                    "lemma": "ne",
                    "word_length": 2,
                    "word_syllables": 1,
                    "ortho_neighbors": 16,
                    "ortho_neighbors_+freq_cum": 79062.79000000001,
                    "age_of_acquisition": 5.63515016685206,
                    "familiarity": 6.75,
                    "lexical_frequency": 13841.89,
                    "complexity": "na",
                    "hapax_legomena_lemma": 1,
                    "concrete": true,
                    "sophisticated": false,
                    "passive": "O",
                    "coordination": {},
                    "clitic_type": false,
                    "aux_verbs": "O",
                    "named_entities": "O",
                    "subordination": [
                        "B0"
                    ],
                    "np_pp_modifiers": {
                        "ids": [],
                        "texts": []
                    }
                },
                "5": {
                    "text": "rien",
                    "id": 6,
                    "lemma": "rien",
                    "word_length": 4,
                    "word_syllables": 1,
                    "ortho_neighbors": 8,
                    "ortho_neighbors_+freq_cum": 2039.98,
                    "age_of_acquisition": 4.82202447163515,
                    "familiarity": 6.64285714285714,
                    "lexical_frequency": 1522.91,
                    "complexity": 2,
                    "hapax_legomena_lemma": 1,
                    "concrete": true,
                    "sophisticated": false,
                    "passive": "O",
                    "coordination": {},
                    "clitic_type": false,
                    "aux_verbs": "O",
                    "named_entities": "O",
                    "subordination": [
                        "I0"
                    ],
                    "np_pp_modifiers": {
                        "ids": [],
                        "texts": []
                    }
                },
                "6": {
                    "text": "oublier",
                    "id": 7,
                    "lemma": "oublier",
                    "word_length": 7,
                    "word_syllables": 3,
                    "ortho_neighbors": 3,
                    "ortho_neighbors_+freq_cum": 20.87,
                    "age_of_acquisition": -1,
                    "familiarity": -1,
                    "lexical_frequency": 286.96,
                    "complexity": 2,
                    "hapax_legomena_lemma": 1,
                    "concrete": false,
                    "sophisticated": false,
                    "passive": "O",
                    "coordination": {},
                    "clitic_type": false,
                    "aux_verbs": "O",
                    "named_entities": "O",
                    "subordination": [
                        "I0"
                    ],
                    "np_pp_modifiers": {
                        "ids": [],
                        "texts": []
                    }
                },
                "7": {
                    "text": "Remplir",
                    "id": 8,
                    "lemma": "remplir",
                    "word_length": 7,
                    "word_syllables": 2,
                    "ortho_neighbors": 3,
                    "ortho_neighbors_+freq_cum": 25.84,
                    "age_of_acquisition": -1,
                    "familiarity": -1,
                    "lexical_frequency": 81.42,
                    "complexity": 2,
                    "hapax_legomena_lemma": 1,
                    "concrete": false,
                    "sophisticated": false,
                    "passive": "O",
                    "coordination": {},
                    "clitic_type": false,
                    "aux_verbs": "O",
                    "named_entities": "B",
                    "subordination": [],
                    "np_pp_modifiers": {
                        "ids": [],
                        "texts": []
                    }
                },
                "8": {
                    "text": "papier",
                    "id": 9,
                    "lemma": "papier",
                    "word_length": 6,
                    "word_syllables": 2,
                    "ortho_neighbors": 4,
                    "ortho_neighbors_+freq_cum": 36.02,
                    "age_of_acquisition": -1,
                    "familiarity": 6.19999980926514,
                    "lexical_frequency": 203.11,
                    "complexity": 1,
                    "hapax_legomena_lemma": 0,
                    "concrete": false,
                    "sophisticated": false,
                    "passive": "O",
                    "coordination": {},
                    "clitic_type": false,
                    "aux_verbs": "O",
                    "named_entities": "I",
                    "subordination": [],
                    "np_pp_modifiers": {
                        "ids": [],
                        "texts": []
                    }
                },
                "9": {
                    "text": "pour",
                    "id": 10,
                    "lemma": "pour",
                    "word_length": 4,
                    "word_syllables": 1,
                    "ortho_neighbors": 9,
                    "ortho_neighbors_+freq_cum": 1091.04,
                    "age_of_acquisition": 5.03448275862069,
                    "familiarity": 6.46428571428571,
                    "lexical_frequency": 6198.24,
                    "complexity": "na",
                    "hapax_legomena_lemma": 0,
                    "concrete": true,
                    "sophisticated": false,
                    "passive": "O",
                    "coordination": {},
                    "clitic_type": false,
                    "aux_verbs": "O",
                    "named_entities": "O",
                    "subordination": [],
                    "np_pp_modifiers": {
                        "ids": [],
                        "texts": []
                    }
                },
                "10": {
                    "text": "\u00e9cole",
                    "id": 11,
                    "lemma": "\u00e9cole",
                    "word_length": 5,
                    "word_syllables": 2,
                    "ortho_neighbors": 4,
                    "ortho_neighbors_+freq_cum": 1.46,
                    "age_of_acquisition": -1,
                    "familiarity": 6.02,
                    "lexical_frequency": 143.99,
                    "complexity": 1,
                    "hapax_legomena_lemma": 1,
                    "concrete": false,
                    "sophisticated": false,
                    "passive": "O",
                    "coordination": {},
                    "clitic_type": false,
                    "aux_verbs": "O",
                    "named_entities": "O",
                    "subordination": [],
                    "np_pp_modifiers": {
                        "ids": [
                            10
                        ],
                        "texts": [
                            "pour"
                        ]
                    }
                },
                "11": {
                    "text": "Nettoyer",
                    "id": 12,
                    "lemma": "nettoyer",
                    "word_length": 8,
                    "word_syllables": 3,
                    "ortho_neighbors": 1,
                    "ortho_neighbors_+freq_cum": 0.13,
                    "age_of_acquisition": -1,
                    "familiarity": -1,
                    "lexical_frequency": 28.11,
                    "complexity": 3,
                    "hapax_legomena_lemma": 1,
                    "concrete": false,
                    "sophisticated": false,
                    "passive": "O",
                    "coordination": {
                        "conjuncts": [
                            28
                        ],
                        "cc": []
                    },
                    "clitic_type": false,
                    "aux_verbs": "O",
                    "named_entities": "B",
                    "subordination": [],
                    "np_pp_modifiers": {
                        "ids": [],
                        "texts": []
                    }
                },
                "12": {
                    "text": "la",
                    "id": 13,
                    "lemma": "le",
                    "word_length": 2,
                    "word_syllables": 1,
                    "ortho_neighbors": 19,
                    "ortho_neighbors_+freq_cum": 24555.15,
                    "age_of_acquisition": 4.07230255839822,
                    "familiarity": 6.92857142857143,
                    "lexical_frequency": 18310.95,
                    "complexity": 1,
                    "hapax_legomena_lemma": 0,
                    "concrete": true,
                    "sophisticated": false,
                    "passive": "O",
                    "coordination": {},
                    "clitic_type": false,
                    "aux_verbs": "O",
                    "named_entities": "I",
                    "subordination": [],
                    "np_pp_modifiers": {
                        "ids": [],
                        "texts": []
                    }
                },
                "13": {
                    "text": "terrasse",
                    "id": 14,
                    "lemma": "terrasse",
                    "word_length": 8,
                    "word_syllables": 2,
                    "ortho_neighbors": 2,
                    "ortho_neighbors_+freq_cum": 1.25,
                    "age_of_acquisition": -1,
                    "familiarity": 3.86,
                    "lexical_frequency": 74.05,
                    "complexity": 3,
                    "hapax_legomena_lemma": 1,
                    "concrete": false,
                    "sophisticated": false,
                    "passive": "O",
                    "coordination": {},
                    "clitic_type": false,
                    "aux_verbs": "O",
                    "named_entities": "I",
                    "subordination": [],
                    "np_pp_modifiers": {
                        "ids": [],
                        "texts": []
                    }
                },
                "14": {
                    "text": "\u00e0",
                    "id": 15,
                    "lemma": "\u00e0",
                    "word_length": 1,
                    "word_syllables": 1,
                    "ortho_neighbors": 46,
                    "ortho_neighbors_+freq_cum": 19149.1,
                    "age_of_acquisition": -1,
                    "familiarity": -1,
                    "lexical_frequency": 19209.05,
                    "complexity": "na",
                    "hapax_legomena_lemma": 0,
                    "concrete": false,
                    "sophisticated": false,
                    "passive": "O",
                    "coordination": {},
                    "clitic_type": false,
                    "aux_verbs": "O",
                    "named_entities": "O",
                    "subordination": [],
                    "np_pp_modifiers": {
                        "ids": [],
                        "texts": []
                    }
                },
                "15": {
                    "text": "le",
                    "id": 16,
                    "lemma": "le",
                    "word_length": 2,
                    "word_syllables": 1,
                    "ortho_neighbors": 15,
                    "ortho_neighbors_+freq_cum": 86631.11,
                    "age_of_acquisition": 4.07230255839822,
                    "familiarity": 6.92857142857143,
                    "lexical_frequency": 18310.95,
                    "complexity": 1,
                    "hapax_legomena_lemma": 0,
                    "concrete": true,
                    "sophisticated": false,
                    "passive": "O",
                    "coordination": {},
                    "clitic_type": false,
                    "aux_verbs": "O",
                    "named_entities": "O",
                    "subordination": [],
                    "np_pp_modifiers": {
                        "ids": [],
                        "texts": []
                    }
                },
                "16": {
                    "text": "Karcher",
                    "id": 17,
                    "lemma": "Karcher",
                    "word_length": 7,
                    "word_syllables": 0,
                    "ortho_neighbors": "na",
                    "ortho_neighbors_+freq_cum": "na",
                    "age_of_acquisition": -1,
                    "familiarity": -1,
                    "lexical_frequency": 1e-10,
                    "complexity": "na",
                    "hapax_legomena_lemma": 1,
                    "concrete": false,
                    "sophisticated": true,
                    "passive": "O",
                    "coordination": {},
                    "clitic_type": false,
                    "aux_verbs": "O",
                    "named_entities": "I",
                    "subordination": [],
                    "np_pp_modifiers": {
                        "ids": [
                            15
                        ],
                        "texts": [
                            "\u00e0"
                        ]
                    }
                },
                "17": {
                    "text": "Trier",
                    "id": 18,
                    "lemma": "Trier",
                    "word_length": 5,
                    "word_syllables": 2,
                    "ortho_neighbors": 4,
                    "ortho_neighbors_+freq_cum": 40.9,
                    "age_of_acquisition": -1,
                    "familiarity": -1,
                    "lexical_frequency": 1e-10,
                    "complexity": "na",
                    "hapax_legomena_lemma": 1,
                    "concrete": false,
                    "sophisticated": false,
                    "passive": "O",
                    "coordination": {},
                    "clitic_type": false,
                    "aux_verbs": "O",
                    "named_entities": "I",
                    "subordination": [],
                    "np_pp_modifiers": {
                        "ids": [],
                        "texts": []
                    }
                },
                "18": {
                    "text": "les",
                    "id": 19,
                    "lemma": "le",
                    "word_length": 3,
                    "word_syllables": 1,
                    "ortho_neighbors": 18,
                    "ortho_neighbors_+freq_cum": 16911.40000000001,
                    "age_of_acquisition": 4.07230255839822,
                    "familiarity": 6.92857142857143,
                    "lexical_frequency": 18310.95,
                    "complexity": 1,
                    "hapax_legomena_lemma": 0,
                    "concrete": true,
                    "sophisticated": false,
                    "passive": "O",
                    "coordination": {},
                    "clitic_type": false,
                    "aux_verbs": "O",
                    "named_entities": "O",
                    "subordination": [],
                    "np_pp_modifiers": {
                        "ids": [],
                        "texts": []
                    }
                },
                "19": {
                    "text": "photos",
                    "id": 20,
                    "lemma": "photo",
                    "word_length": 6,
                    "word_syllables": 2,
                    "ortho_neighbors": 3,
                    "ortho_neighbors_+freq_cum": 3.64,
                    "age_of_acquisition": -1,
                    "familiarity": 5.71,
                    "lexical_frequency": 94.59,
                    "complexity": 1,
                    "hapax_legomena_lemma": 1,
                    "concrete": false,
                    "sophisticated": true,
                    "passive": "O",
                    "coordination": {},
                    "clitic_type": false,
                    "aux_verbs": "O",
                    "named_entities": "O",
                    "subordination": [],
                    "np_pp_modifiers": {
                        "ids": [
                            23,
                            21,
                            24
                        ],
                        "texts": [
                            "\u00e9t\u00e9",
                            "de",
                            "Post"
                        ]
                    }
                },
                "20": {
                    "text": "de",
                    "id": 21,
                    "lemma": "de",
                    "word_length": 2,
                    "word_syllables": 1,
                    "ortho_neighbors": 19,
                    "ortho_neighbors_+freq_cum": 61689.729999999996,
                    "age_of_acquisition": 4.81646273637375,
                    "familiarity": 6.89285714285714,
                    "lexical_frequency": 38928.92,
                    "complexity": "na",
                    "hapax_legomena_lemma": 0,
                    "concrete": true,
                    "sophisticated": false,
                    "passive": "O",
                    "coordination": {},
                    "clitic_type": false,
                    "aux_verbs": "O",
                    "named_entities": "O",
                    "subordination": [],
                    "np_pp_modifiers": {
                        "ids": [],
                        "texts": []
                    }
                },
                "21": {
                    "text": "cet",
                    "id": 22,
                    "lemma": "ce",
                    "word_length": 3,
                    "word_syllables": 1,
                    "ortho_neighbors": 8,
                    "ortho_neighbors_+freq_cum": 1788.74,
                    "age_of_acquisition": 5.10789766407119,
                    "familiarity": 6.71428571428571,
                    "lexical_frequency": 1e-10,
                    "complexity": "na",
                    "hapax_legomena_lemma": 1,
                    "concrete": true,
                    "sophisticated": false,
                    "passive": "O",
                    "coordination": {},
                    "clitic_type": false,
                    "aux_verbs": "O",
                    "named_entities": "O",
                    "subordination": [],
                    "np_pp_modifiers": {
                        "ids": [],
                        "texts": []
                    }
                },
                "22": {
                    "text": "\u00e9t\u00e9",
                    "id": 23,
                    "lemma": "\u00e9t\u00e9",
                    "word_length": 3,
                    "word_syllables": 2,
                    "ortho_neighbors": 1,
                    "ortho_neighbors_+freq_cum": 3.52,
                    "age_of_acquisition": -1,
                    "familiarity": 6.02,
                    "lexical_frequency": 125.47,
                    "complexity": 1,
                    "hapax_legomena_lemma": 1,
                    "concrete": false,
                    "sophisticated": false,
                    "passive": "O",
                    "coordination": {},
                    "clitic_type": false,
                    "aux_verbs": "O",
                    "named_entities": "O",
                    "subordination": [],
                    "np_pp_modifiers": {
                        "ids": [
                            21,
                            24
                        ],
                        "texts": [
                            "de",
                            "Post"
                        ]
                    }
                },
                "23": {
                    "text": "Post",
                    "id": 24,
                    "lemma": "Post",
                    "word_length": 4,
                    "word_syllables": 1,
                    "ortho_neighbors": "na",
                    "ortho_neighbors_+freq_cum": "na",
                    "age_of_acquisition": -1,
                    "familiarity": -1,
                    "lexical_frequency": 1e-10,
                    "complexity": "na",
                    "hapax_legomena_lemma": 1,
                    "concrete": false,
                    "sophisticated": true,
                    "passive": "O",
                    "coordination": {},
                    "clitic_type": false,
                    "aux_verbs": "O",
                    "named_entities": "B",
                    "subordination": [],
                    "np_pp_modifiers": {
                        "ids": [],
                        "texts": []
                    }
                },
                "24": {
                    "text": "Linked",
                    "id": 25,
                    "lemma": "Linked",
                    "word_length": 6,
                    "word_syllables": 0,
                    "ortho_neighbors": "na",
                    "ortho_neighbors_+freq_cum": "na",
                    "age_of_acquisition": -1,
                    "familiarity": -1,
                    "lexical_frequency": 1e-10,
                    "complexity": "na",
                    "hapax_legomena_lemma": 1,
                    "concrete": false,
                    "sophisticated": true,
                    "passive": "O",
                    "coordination": {},
                    "clitic_type": false,
                    "aux_verbs": "O",
                    "named_entities": "I",
                    "subordination": [],
                    "np_pp_modifiers": {
                        "ids": [],
                        "texts": []
                    }
                },
                "25": {
                    "text": "in:",
                    "id": 26,
                    "lemma": "in:",
                    "word_length": 3,
                    "word_syllables": 0,
                    "ortho_neighbors": "na",
                    "ortho_neighbors_+freq_cum": "na",
                    "age_of_acquisition": -1,
                    "familiarity": -1,
                    "lexical_frequency": 1e-10,
                    "complexity": "na",
                    "hapax_legomena_lemma": 1,
                    "concrete": false,
                    "sophisticated": true,
                    "passive": "O",
                    "coordination": {},
                    "clitic_type": false,
                    "aux_verbs": "O",
                    "named_entities": "O",
                    "subordination": [],
                    "np_pp_modifiers": {
                        "ids": [],
                        "texts": []
                    }
                },
                "26": {
                    "text": "comment",
                    "id": 27,
                    "lemma": "comment",
                    "word_length": 7,
                    "word_syllables": 2,
                    "ortho_neighbors": 3,
                    "ortho_neighbors_+freq_cum": 1.9900000000000002,
                    "age_of_acquisition": -1,
                    "familiarity": -1,
                    "lexical_frequency": 164.93,
                    "complexity": "na",
                    "hapax_legomena_lemma": 1,
                    "concrete": false,
                    "sophisticated": false,
                    "passive": "O",
                    "coordination": {},
                    "clitic_type": false,
                    "aux_verbs": "O",
                    "named_entities": "O",
                    "subordination": [],
                    "np_pp_modifiers": {
                        "ids": [],
                        "texts": []
                    }
                },
                "27": {
                    "text": "travailler",
                    "id": 28,
                    "lemma": "travailler",
                    "word_length": 10,
                    "word_syllables": 3,
                    "ortho_neighbors": 2,
                    "ortho_neighbors_+freq_cum": 3.81,
                    "age_of_acquisition": -1,
                    "familiarity": -1,
                    "lexical_frequency": 202.7,
                    "complexity": 1,
                    "hapax_legomena_lemma": 1,
                    "concrete": false,
                    "sophisticated": false,
                    "passive": "O",
                    "coordination": {},
                    "clitic_type": false,
                    "aux_verbs": "O",
                    "named_entities": "O",
                    "subordination": [],
                    "np_pp_modifiers": {
                        "ids": [],
                        "texts": []
                    }
                },
                "28": {
                    "text": "avec",
                    "id": 29,
                    "lemma": "avec",
                    "word_length": 4,
                    "word_syllables": 2,
                    "ortho_neighbors": 5,
                    "ortho_neighbors_+freq_cum": 229.0,
                    "age_of_acquisition": -1,
                    "familiarity": -1,
                    "lexical_frequency": 4000.41,
                    "complexity": "na",
                    "hapax_legomena_lemma": 0,
                    "concrete": false,
                    "sophisticated": false,
                    "passive": "O",
                    "coordination": {},
                    "clitic_type": false,
                    "aux_verbs": "O",
                    "named_entities": "O",
                    "subordination": [],
                    "np_pp_modifiers": {
                        "ids": [],
                        "texts": []
                    }
                },
                "29": {
                    "text": "moi",
                    "id": 30,
                    "lemma": "lui",
                    "word_length": 3,
                    "word_syllables": 1,
                    "ortho_neighbors": 14,
                    "ortho_neighbors_+freq_cum": 2367.68,
                    "age_of_acquisition": 5.31479421579533,
                    "familiarity": 6.64285714285714,
                    "lexical_frequency": 4225.14,
                    "complexity": 4,
                    "hapax_legomena_lemma": 1,
                    "concrete": true,
                    "sophisticated": false,
                    "passive": "O",
                    "coordination": {},
                    "clitic_type": false,
                    "aux_verbs": "O",
                    "named_entities": "O",
                    "subordination": [],
                    "np_pp_modifiers": {
                        "ids": [
                            29
                        ],
                        "texts": [
                            "avec"
                        ]
                    }
                },
                "30": {
                    "text": "Finaliser",
                    "id": 31,
                    "lemma": "finaliser",
                    "word_length": 9,
                    "word_syllables": 4,
                    "ortho_neighbors": "na",
                    "ortho_neighbors_+freq_cum": "na",
                    "age_of_acquisition": -1,
                    "familiarity": -1,
                    "lexical_frequency": 0.0,
                    "complexity": "na",
                    "hapax_legomena_lemma": 1,
                    "concrete": false,
                    "sophisticated": true,
                    "passive": "O",
                    "coordination": {
                        "conjuncts": [
                            39
                        ],
                        "cc": []
                    },
                    "clitic_type": false,
                    "aux_verbs": "O",
                    "named_entities": "O",
                    "subordination": [],
                    "np_pp_modifiers": {
                        "ids": [],
                        "texts": []
                    }
                },
                "31": {
                    "text": "atelier",
                    "id": 32,
                    "lemma": "atelier",
                    "word_length": 7,
                    "word_syllables": 3,
                    "ortho_neighbors": 0,
                    "ortho_neighbors_+freq_cum": "na",
                    "age_of_acquisition": -1,
                    "familiarity": 3.63000011444092,
                    "lexical_frequency": 45.07,
                    "complexity": 3,
                    "hapax_legomena_lemma": 0,
                    "concrete": false,
                    "sophisticated": false,
                    "passive": "O",
                    "coordination": {},
                    "clitic_type": false,
                    "aux_verbs": "O",
                    "named_entities": "O",
                    "subordination": [],
                    "np_pp_modifiers": {
                        "ids": [],
                        "texts": []
                    }
                },
                "32": {
                    "text": "gestion",
                    "id": 33,
                    "lemma": "gestion",
                    "word_length": 7,
                    "word_syllables": 2,
                    "ortho_neighbors": 0,
                    "ortho_neighbors_+freq_cum": "na",
                    "age_of_acquisition": -1,
                    "familiarity": -1,
                    "lexical_frequency": 2.3,
                    "complexity": "na",
                    "hapax_legomena_lemma": 1,
                    "concrete": false,
                    "sophisticated": true,
                    "passive": "O",
                    "coordination": {
                        "conjuncts": [
                            38
                        ],
                        "cc": [
                            37
                        ]
                    },
                    "clitic_type": false,
                    "aux_verbs": "O",
                    "named_entities": "O",
                    "subordination": [],
                    "np_pp_modifiers": {
                        "ids": [
                            36,
                            34
                        ],
                        "texts": [
                            "temps",
                            "de"
                        ]
                    }
                },
                "33": {
                    "text": "de",
                    "id": 34,
                    "lemma": "de",
                    "word_length": 2,
                    "word_syllables": 1,
                    "ortho_neighbors": 19,
                    "ortho_neighbors_+freq_cum": 61689.729999999996,
                    "age_of_acquisition": 4.81646273637375,
                    "familiarity": 6.89285714285714,
                    "lexical_frequency": 38928.92,
                    "complexity": "na",
                    "hapax_legomena_lemma": 0,
                    "concrete": true,
                    "sophisticated": false,
                    "passive": "O",
                    "coordination": {},
                    "clitic_type": false,
                    "aux_verbs": "O",
                    "named_entities": "O",
                    "subordination": [],
                    "np_pp_modifiers": {
                        "ids": [],
                        "texts": []
                    }
                },
                "34": {
                    "text": "le",
                    "id": 35,
                    "lemma": "le",
                    "word_length": 2,
                    "word_syllables": 1,
                    "ortho_neighbors": 15,
                    "ortho_neighbors_+freq_cum": 86631.11,
                    "age_of_acquisition": 4.07230255839822,
                    "familiarity": 6.92857142857143,
                    "lexical_frequency": 18310.95,
                    "complexity": 1,
                    "hapax_legomena_lemma": 0,
                    "concrete": true,
                    "sophisticated": false,
                    "passive": "O",
                    "coordination": {},
                    "clitic_type": false,
                    "aux_verbs": "O",
                    "named_entities": "O",
                    "subordination": [],
                    "np_pp_modifiers": {
                        "ids": [],
                        "texts": []
                    }
                },
                "35": {
                    "text": "temps",
                    "id": 36,
                    "lemma": "temps",
                    "word_length": 5,
                    "word_syllables": 1,
                    "ortho_neighbors": 2,
                    "ortho_neighbors_+freq_cum": 6.539999999999999,
                    "age_of_acquisition": 5.99221357063404,
                    "familiarity": 6.17857142857143,
                    "lexical_frequency": 1289.39,
                    "complexity": 1,
                    "hapax_legomena_lemma": 1,
                    "concrete": true,
                    "sophisticated": false,
                    "passive": "O",
                    "coordination": {},
                    "clitic_type": false,
                    "aux_verbs": "O",
                    "named_entities": "O",
                    "subordination": [],
                    "np_pp_modifiers": {
                        "ids": [
                            34
                        ],
                        "texts": [
                            "de"
                        ]
                    }
                },
                "36": {
                    "text": "et",
                    "id": 37,
                    "lemma": "et",
                    "word_length": 2,
                    "word_syllables": 1,
                    "ortho_neighbors": 5,
                    "ortho_neighbors_+freq_cum": 11242.619999999999,
                    "age_of_acquisition": 3.99777530589544,
                    "familiarity": 6.96428571428571,
                    "lexical_frequency": 20879.73,
                    "complexity": 1,
                    "hapax_legomena_lemma": 0,
                    "concrete": true,
                    "sophisticated": false,
                    "passive": "O",
                    "coordination": {},
                    "clitic_type": false,
                    "aux_verbs": "O",
                    "named_entities": "O",
                    "subordination": [],
                    "np_pp_modifiers": {
                        "ids": [],
                        "texts": []
                    }
                },
                "37": {
                    "text": "priorit\u00e9s",
                    "id": 38,
                    "lemma": "priorit\u00e9",
                    "word_length": 9,
                    "word_syllables": 4,
                    "ortho_neighbors": 0,
                    "ortho_neighbors_+freq_cum": "na",
                    "age_of_acquisition": -1,
                    "familiarity": 4.76,
                    "lexical_frequency": 4.8,
                    "complexity": 3,
                    "hapax_legomena_lemma": 1,
                    "concrete": false,
                    "sophisticated": true,
                    "passive": "O",
                    "coordination": {},
                    "clitic_type": false,
                    "aux_verbs": "O",
                    "named_entities": "O",
                    "subordination": [],
                    "np_pp_modifiers": {
                        "ids": [],
                        "texts": []
                    }
                },
                "38": {
                    "text": "Prendre",
                    "id": 39,
                    "lemma": "prendre",
                    "word_length": 7,
                    "word_syllables": 1,
                    "ortho_neighbors": 1,
                    "ortho_neighbors_+freq_cum": 9.06,
                    "age_of_acquisition": 5.4972191323693,
                    "familiarity": 6.0,
                    "lexical_frequency": 1466.42,
                    "complexity": 1,
                    "hapax_legomena_lemma": 1,
                    "concrete": true,
                    "sophisticated": false,
                    "passive": "O",
                    "coordination": {},
                    "clitic_type": false,
                    "aux_verbs": "O",
                    "named_entities": "B",
                    "subordination": [],
                    "np_pp_modifiers": {
                        "ids": [],
                        "texts": []
                    }
                },
                "39": {
                    "text": "RDV",
                    "id": 40,
                    "lemma": "RDV",
                    "word_length": 3,
                    "word_syllables": 0,
                    "ortho_neighbors": "na",
                    "ortho_neighbors_+freq_cum": "na",
                    "age_of_acquisition": -1,
                    "familiarity": -1,
                    "lexical_frequency": 1e-10,
                    "complexity": "na",
                    "hapax_legomena_lemma": 1,
                    "concrete": false,
                    "sophisticated": true,
                    "passive": "O",
                    "coordination": {},
                    "clitic_type": false,
                    "aux_verbs": "O",
                    "named_entities": "I",
                    "subordination": [],
                    "np_pp_modifiers": {
                        "ids": [],
                        "texts": []
                    }
                },
                "40": {
                    "text": "Contr\u00f4le",
                    "id": 41,
                    "lemma": "Contr\u00f4le",
                    "word_length": 8,
                    "word_syllables": 2,
                    "ortho_neighbors": 2,
                    "ortho_neighbors_+freq_cum": 4.13,
                    "age_of_acquisition": -1,
                    "familiarity": -1,
                    "lexical_frequency": 1e-10,
                    "complexity": "na",
                    "hapax_legomena_lemma": 1,
                    "concrete": false,
                    "sophisticated": false,
                    "passive": "O",
                    "coordination": {},
                    "clitic_type": false,
                    "aux_verbs": "O",
                    "named_entities": "I",
                    "subordination": [],
                    "np_pp_modifiers": {
                        "ids": [],
                        "texts": []
                    }
                },
                "41": {
                    "text": "Technique",
                    "id": 42,
                    "lemma": "Technique",
                    "word_length": 9,
                    "word_syllables": 2,
                    "ortho_neighbors": 0,
                    "ortho_neighbors_+freq_cum": "na",
                    "age_of_acquisition": -1,
                    "familiarity": -1,
                    "lexical_frequency": 1e-10,
                    "complexity": "na",
                    "hapax_legomena_lemma": 1,
                    "concrete": false,
                    "sophisticated": false,
                    "passive": "O",
                    "coordination": {},
                    "clitic_type": false,
                    "aux_verbs": "O",
                    "named_entities": "I",
                    "subordination": [],
                    "np_pp_modifiers": {
                        "ids": [],
                        "texts": []
                    }
                },
                "42": {
                    "text": "T\u00e9l\u00e9phoner",
                    "id": 43,
                    "lemma": "T\u00e9l\u00e9phoner",
                    "word_length": 10,
                    "word_syllables": 4,
                    "ortho_neighbors": 2,
                    "ortho_neighbors_+freq_cum": 3.55,
                    "age_of_acquisition": -1,
                    "familiarity": -1,
                    "lexical_frequency": 1e-10,
                    "complexity": "na",
                    "hapax_legomena_lemma": 1,
                    "concrete": false,
                    "sophisticated": false,
                    "passive": "O",
                    "coordination": {},
                    "clitic_type": false,
                    "aux_verbs": "O",
                    "named_entities": "I",
                    "subordination": [],
                    "np_pp_modifiers": {
                        "ids": [],
                        "texts": []
                    }
                },
                "43": {
                    "text": "\u00e0",
                    "id": 44,
                    "lemma": "\u00e0",
                    "word_length": 1,
                    "word_syllables": 1,
                    "ortho_neighbors": 46,
                    "ortho_neighbors_+freq_cum": 19149.1,
                    "age_of_acquisition": -1,
                    "familiarity": -1,
                    "lexical_frequency": 19209.05,
                    "complexity": "na",
                    "hapax_legomena_lemma": 0,
                    "concrete": false,
                    "sophisticated": false,
                    "passive": "O",
                    "coordination": {},
                    "clitic_type": false,
                    "aux_verbs": "O",
                    "named_entities": "O",
                    "subordination": [],
                    "np_pp_modifiers": {
                        "ids": [],
                        "texts": []
                    }
                },
                "44": {
                    "text": "Florence",
                    "id": 45,
                    "lemma": "Florence",
                    "word_length": 8,
                    "word_syllables": 2,
                    "ortho_neighbors": 0,
                    "ortho_neighbors_+freq_cum": "na",
                    "age_of_acquisition": -1,
                    "familiarity": -1,
                    "lexical_frequency": 1e-10,
                    "complexity": "na",
                    "hapax_legomena_lemma": 1,
                    "concrete": false,
                    "sophisticated": true,
                    "passive": "O",
                    "coordination": {},
                    "clitic_type": false,
                    "aux_verbs": "O",
                    "named_entities": "B",
                    "named_entities_loc": true,
                    "subordination": [],
                    "np_pp_modifiers": {
                        "ids": [
                            44
                        ],
                        "texts": [
                            "\u00e0"
                        ]
                    }
                },
                "45": {
                    "text": "Faire",
                    "id": 46,
                    "lemma": "faire",
                    "word_length": 5,
                    "word_syllables": 1,
                    "ortho_neighbors": 9,
                    "ortho_neighbors_+freq_cum": 152.26,
                    "age_of_acquisition": 4.853170189099,
                    "familiarity": 6.42857142857143,
                    "lexical_frequency": 5328.99,
                    "complexity": 1,
                    "hapax_legomena_lemma": 0,
                    "concrete": true,
                    "sophisticated": false,
                    "passive": "O",
                    "coordination": {},
                    "clitic_type": false,
                    "aux_verbs": "O",
                    "named_entities": "O",
                    "subordination": [],
                    "np_pp_modifiers": {
                        "ids": [],
                        "texts": []
                    }
                },
                "46": {
                    "text": "papier",
                    "id": 47,
                    "lemma": "papier",
                    "word_length": 6,
                    "word_syllables": 2,
                    "ortho_neighbors": 4,
                    "ortho_neighbors_+freq_cum": 36.02,
                    "age_of_acquisition": -1,
                    "familiarity": 6.19999980926514,
                    "lexical_frequency": 203.11,
                    "complexity": 1,
                    "hapax_legomena_lemma": 0,
                    "concrete": false,
                    "sophisticated": false,
                    "passive": "O",
                    "coordination": {},
                    "clitic_type": false,
                    "aux_verbs": "O",
                    "named_entities": "O",
                    "subordination": [],
                    "np_pp_modifiers": {
                        "ids": [
                            48
                        ],
                        "texts": [
                            "KDO"
                        ]
                    }
                },
                "47": {
                    "text": "KDO",
                    "id": 48,
                    "lemma": "KDO",
                    "word_length": 3,
                    "word_syllables": 0,
                    "ortho_neighbors": "na",
                    "ortho_neighbors_+freq_cum": "na",
                    "age_of_acquisition": -1,
                    "familiarity": -1,
                    "lexical_frequency": 1e-10,
                    "complexity": "na",
                    "hapax_legomena_lemma": 1,
                    "concrete": false,
                    "sophisticated": true,
                    "passive": "O",
                    "coordination": {},
                    "clitic_type": false,
                    "aux_verbs": "O",
                    "named_entities": "B",
                    "subordination": [],
                    "np_pp_modifiers": {
                        "ids": [],
                        "texts": []
                    }
                },
                "48": {
                    "text": "Marius",
                    "id": 49,
                    "lemma": "Marius",
                    "word_length": 6,
                    "word_syllables": 0,
                    "ortho_neighbors": "na",
                    "ortho_neighbors_+freq_cum": "na",
                    "age_of_acquisition": -1,
                    "familiarity": -1,
                    "lexical_frequency": 1e-10,
                    "complexity": "na",
                    "hapax_legomena_lemma": 0,
                    "concrete": false,
                    "sophisticated": true,
                    "passive": "O",
                    "coordination": {},
                    "clitic_type": false,
                    "aux_verbs": "O",
                    "named_entities": "B",
                    "named_entities_person": true,
                    "subordination": [],
                    "np_pp_modifiers": {
                        "ids": [
                            51,
                            53,
                            52
                        ],
                        "texts": [
                            "chambre",
                            "amis",
                            "d'"
                        ]
                    }
                },
                "49": {
                    "text": "M\u00e9nage",
                    "id": 50,
                    "lemma": "M\u00e9nage",
                    "word_length": 6,
                    "word_syllables": 2,
                    "ortho_neighbors": 4,
                    "ortho_neighbors_+freq_cum": 2.87,
                    "age_of_acquisition": -1,
                    "familiarity": -1,
                    "lexical_frequency": 1e-10,
                    "complexity": "na",
                    "hapax_legomena_lemma": 0,
                    "concrete": false,
                    "sophisticated": false,
                    "passive": "O",
                    "coordination": {},
                    "clitic_type": false,
                    "aux_verbs": "O",
                    "named_entities": "I",
                    "named_entities_person": true,
                    "subordination": [],
                    "np_pp_modifiers": {
                        "ids": [],
                        "texts": []
                    }
                },
                "50": {
                    "text": "chambre",
                    "id": 51,
                    "lemma": "chambre",
                    "word_length": 7,
                    "word_syllables": 1,
                    "ortho_neighbors": 2,
                    "ortho_neighbors_+freq_cum": 0.35,
                    "age_of_acquisition": 3.78309232480534,
                    "familiarity": 5.78571428571429,
                    "lexical_frequency": 413.31,
                    "complexity": 1,
                    "hapax_legomena_lemma": 1,
                    "concrete": true,
                    "sophisticated": false,
                    "passive": "O",
                    "coordination": {},
                    "clitic_type": false,
                    "aux_verbs": "O",
                    "named_entities": "O",
                    "subordination": [],
                    "np_pp_modifiers": {
                        "ids": [
                            53,
                            52
                        ],
                        "texts": [
                            "amis",
                            "d'"
                        ]
                    }
                },
                "51": {
                    "text": "d'",
                    "id": 52,
                    "lemma": "de",
                    "word_length": 2,
                    "word_syllables": 1,
                    "ortho_neighbors": 14,
                    "ortho_neighbors_+freq_cum": 54107.80999999998,
                    "age_of_acquisition": 4.81646273637375,
                    "familiarity": 6.89285714285714,
                    "lexical_frequency": 38928.92,
                    "complexity": "na",
                    "hapax_legomena_lemma": 0,
                    "concrete": true,
                    "sophisticated": true,
                    "passive": "O",
                    "coordination": {},
                    "clitic_type": false,
                    "aux_verbs": "O",
                    "named_entities": "O",
                    "subordination": [],
                    "np_pp_modifiers": {
                        "ids": [],
                        "texts": []
                    }
                },
                "52": {
                    "text": "amis",
                    "id": 53,
                    "lemma": "ami",
                    "word_length": 4,
                    "word_syllables": 2,
                    "ortho_neighbors": 10,
                    "ortho_neighbors_+freq_cum": 128.03,
                    "age_of_acquisition": -1,
                    "familiarity": 6.21999979019165,
                    "lexical_frequency": 354.12,
                    "complexity": 1,
                    "hapax_legomena_lemma": 1,
                    "concrete": false,
                    "sophisticated": true,
                    "passive": "O",
                    "coordination": {},
                    "clitic_type": false,
                    "aux_verbs": "O",
                    "named_entities": "O",
                    "subordination": [],
                    "np_pp_modifiers": {
                        "ids": [
                            52
                        ],
                        "texts": [
                            "d'"
                        ]
                    }
                },
                "53": {
                    "text": "Vider",
                    "id": 54,
                    "lemma": "vider",
                    "word_length": 5,
                    "word_syllables": 2,
                    "ortho_neighbors": 8,
                    "ortho_neighbors_+freq_cum": 84.75999999999999,
                    "age_of_acquisition": -1,
                    "familiarity": -1,
                    "lexical_frequency": 70.81,
                    "complexity": 2,
                    "hapax_legomena_lemma": 1,
                    "concrete": false,
                    "sophisticated": false,
                    "passive": "O",
                    "coordination": {
                        "conjuncts": [
                            56
                        ],
                        "cc": [
                            55
                        ]
                    },
                    "clitic_type": false,
                    "aux_verbs": "O",
                    "named_entities": "B",
                    "subordination": [],
                    "np_pp_modifiers": {
                        "ids": [],
                        "texts": []
                    }
                },
                "54": {
                    "text": "et",
                    "id": 55,
                    "lemma": "et",
                    "word_length": 2,
                    "word_syllables": 1,
                    "ortho_neighbors": 5,
                    "ortho_neighbors_+freq_cum": 11242.619999999999,
                    "age_of_acquisition": 3.99777530589544,
                    "familiarity": 6.96428571428571,
                    "lexical_frequency": 20879.73,
                    "complexity": 1,
                    "hapax_legomena_lemma": 0,
                    "concrete": true,
                    "sophisticated": false,
                    "passive": "O",
                    "coordination": {},
                    "clitic_type": false,
                    "aux_verbs": "O",
                    "named_entities": "O",
                    "subordination": [],
                    "np_pp_modifiers": {
                        "ids": [],
                        "texts": []
                    }
                },
                "55": {
                    "text": "laver",
                    "id": 56,
                    "lemma": "laver",
                    "word_length": 5,
                    "word_syllables": 2,
                    "ortho_neighbors": 13,
                    "ortho_neighbors_+freq_cum": 53.02000000000001,
                    "age_of_acquisition": -1,
                    "familiarity": -1,
                    "lexical_frequency": 69.53,
                    "complexity": 4,
                    "hapax_legomena_lemma": 1,
                    "concrete": false,
                    "sophisticated": false,
                    "passive": "O",
                    "coordination": {},
                    "clitic_type": false,
                    "aux_verbs": "O",
                    "named_entities": "O",
                    "subordination": [],
                    "np_pp_modifiers": {
                        "ids": [],
                        "texts": []
                    }
                },
                "56": {
                    "text": "frigo",
                    "id": 57,
                    "lemma": "frigo",
                    "word_length": 5,
                    "word_syllables": 2,
                    "ortho_neighbors": 0,
                    "ortho_neighbors_+freq_cum": "na",
                    "age_of_acquisition": -1,
                    "familiarity": 4.33,
                    "lexical_frequency": 7.97,
                    "complexity": 1,
                    "hapax_legomena_lemma": 1,
                    "concrete": false,
                    "sophisticated": true,
                    "passive": "O",
                    "coordination": {},
                    "clitic_type": false,
                    "aux_verbs": "O",
                    "named_entities": "O",
                    "subordination": [],
                    "np_pp_modifiers": {
                        "ids": [],
                        "texts": []
                    }
                },
                "57": {
                    "text": "R\u00e9cup\u00e9rer",
                    "id": 58,
                    "lemma": "r\u00e9cup\u00e9rer",
                    "word_length": 9,
                    "word_syllables": 4,
                    "ortho_neighbors": 1,
                    "ortho_neighbors_+freq_cum": 0.1,
                    "age_of_acquisition": -1,
                    "familiarity": -1,
                    "lexical_frequency": 31.82,
                    "complexity": 4,
                    "hapax_legomena_lemma": 1,
                    "concrete": false,
                    "sophisticated": false,
                    "passive": "O",
                    "coordination": {},
                    "clitic_type": false,
                    "aux_verbs": "O",
                    "named_entities": "O",
                    "subordination": [],
                    "np_pp_modifiers": {
                        "ids": [],
                        "texts": []
                    }
                },
                "58": {
                    "text": "colis",
                    "id": 59,
                    "lemma": "colis",
                    "word_length": 5,
                    "word_syllables": 2,
                    "ortho_neighbors": 7,
                    "ortho_neighbors_+freq_cum": 11.120000000000001,
                    "age_of_acquisition": -1,
                    "familiarity": 3.10999989509583,
                    "lexical_frequency": 10.54,
                    "complexity": 1,
                    "hapax_legomena_lemma": 1,
                    "concrete": false,
                    "sophisticated": false,
                    "passive": "O",
                    "coordination": {},
                    "clitic_type": false,
                    "aux_verbs": "O",
                    "named_entities": "O",
                    "subordination": [],
                    "np_pp_modifiers": {
                        "ids": [],
                        "texts": []
                    }
                },
                "59": {
                    "text": "Pr\u00e9parer",
                    "id": 60,
                    "lemma": "pr\u00e9parer",
                    "word_length": 8,
                    "word_syllables": 3,
                    "ortho_neighbors": 2,
                    "ortho_neighbors_+freq_cum": 2.1,
                    "age_of_acquisition": -1,
                    "familiarity": -1,
                    "lexical_frequency": 154.12,
                    "complexity": 1,
                    "hapax_legomena_lemma": 1,
                    "concrete": false,
                    "sophisticated": false,
                    "passive": "O",
                    "coordination": {},
                    "clitic_type": false,
                    "aux_verbs": "O",
                    "named_entities": "O",
                    "subordination": [],
                    "np_pp_modifiers": {
                        "ids": [],
                        "texts": []
                    }
                },
                "60": {
                    "text": "newsletter",
                    "id": 61,
                    "lemma": "newsletter",
                    "word_length": 10,
                    "word_syllables": 0,
                    "ortho_neighbors": "na",
                    "ortho_neighbors_+freq_cum": "na",
                    "age_of_acquisition": -1,
                    "familiarity": -1,
                    "lexical_frequency": 1e-10,
                    "complexity": "na",
                    "hapax_legomena_lemma": 1,
                    "concrete": false,
                    "sophisticated": true,
                    "passive": "O",
                    "coordination": {
                        "conjuncts": [
                            65
                        ],
                        "cc": []
                    },
                    "clitic_type": false,
                    "aux_verbs": "O",
                    "named_entities": "O",
                    "subordination": [],
                    "np_pp_modifiers": {
                        "ids": [],
                        "texts": []
                    }
                },
                "61": {
                    "text": "4",
                    "id": 62,
                    "lemma": "4",
                    "word_length": 1,
                    "word_syllables": 0,
                    "ortho_neighbors": 46,
                    "ortho_neighbors_+freq_cum": 35311.54999999999,
                    "age_of_acquisition": -1,
                    "familiarity": -1,
                    "lexical_frequency": 1e-10,
                    "complexity": "na",
                    "hapax_legomena_lemma": 1,
                    "concrete": false,
                    "sophisticated": true,
                    "passive": "O",
                    "coordination": {},
                    "clitic_type": false,
                    "aux_verbs": "O",
                    "named_entities": "O",
                    "subordination": [],
                    "np_pp_modifiers": {
                        "ids": [],
                        "texts": []
                    }
                },
                "62": {
                    "text": "ateliers",
                    "id": 63,
                    "lemma": "atelier",
                    "word_length": 8,
                    "word_syllables": 3,
                    "ortho_neighbors": 0,
                    "ortho_neighbors_+freq_cum": "na",
                    "age_of_acquisition": -1,
                    "familiarity": 3.63000011444092,
                    "lexical_frequency": 45.07,
                    "complexity": 3,
                    "hapax_legomena_lemma": 0,
                    "concrete": false,
                    "sophisticated": true,
                    "passive": "O",
                    "coordination": {},
                    "clitic_type": false,
                    "aux_verbs": "O",
                    "named_entities": "O",
                    "subordination": [],
                    "np_pp_modifiers": {
                        "ids": [
                            62,
                            64
                        ],
                        "texts": [
                            "4",
                            "automne"
                        ]
                    }
                },
                "63": {
                    "text": "automne",
                    "id": 64,
                    "lemma": "automne",
                    "word_length": 7,
                    "word_syllables": 2,
                    "ortho_neighbors": 0,
                    "ortho_neighbors_+freq_cum": "na",
                    "age_of_acquisition": -1,
                    "familiarity": 4.96999979019165,
                    "lexical_frequency": 43.65,
                    "complexity": 1,
                    "hapax_legomena_lemma": 1,
                    "concrete": false,
                    "sophisticated": true,
                    "passive": "O",
                    "coordination": {},
                    "clitic_type": false,
                    "aux_verbs": "O",
                    "named_entities": "O",
                    "subordination": [],
                    "np_pp_modifiers": {
                        "ids": [],
                        "texts": []
                    }
                },
                "64": {
                    "text": "Faire",
                    "id": 65,
                    "lemma": "faire",
                    "word_length": 5,
                    "word_syllables": 1,
                    "ortho_neighbors": 9,
                    "ortho_neighbors_+freq_cum": 152.26,
                    "age_of_acquisition": 4.853170189099,
                    "familiarity": 6.42857142857143,
                    "lexical_frequency": 5328.99,
                    "complexity": 1,
                    "hapax_legomena_lemma": 0,
                    "concrete": true,
                    "sophisticated": false,
                    "passive": "O",
                    "coordination": {},
                    "clitic_type": false,
                    "aux_verbs": "O",
                    "named_entities": "O",
                    "subordination": [],
                    "np_pp_modifiers": {
                        "ids": [],
                        "texts": []
                    }
                },
                "65": {
                    "text": "vid\u00e9o",
                    "id": 66,
                    "lemma": "vid\u00e9o",
                    "word_length": 5,
                    "word_syllables": 3,
                    "ortho_neighbors": 2,
                    "ortho_neighbors_+freq_cum": 4.22,
                    "age_of_acquisition": -1,
                    "familiarity": 5.45,
                    "lexical_frequency": 0.41,
                    "complexity": 1,
                    "hapax_legomena_lemma": 1,
                    "concrete": false,
                    "sophisticated": true,
                    "passive": "O",
                    "coordination": {},
                    "clitic_type": false,
                    "aux_verbs": "O",
                    "named_entities": "O",
                    "subordination": [],
                    "np_pp_modifiers": {
                        "ids": [
                            67
                        ],
                        "texts": [
                            "astuce"
                        ]
                    }
                },
                "66": {
                    "text": "astuce",
                    "id": 67,
                    "lemma": "astuce",
                    "word_length": 6,
                    "word_syllables": 2,
                    "ortho_neighbors": 0,
                    "ortho_neighbors_+freq_cum": "na",
                    "age_of_acquisition": -1,
                    "familiarity": 2.74,
                    "lexical_frequency": 5.07,
                    "complexity": "na",
                    "hapax_legomena_lemma": 1,
                    "concrete": false,
                    "sophisticated": false,
                    "passive": "O",
                    "coordination": {},
                    "clitic_type": false,
                    "aux_verbs": "O",
                    "named_entities": "O",
                    "subordination": [],
                    "np_pp_modifiers": {
                        "ids": [],
                        "texts": []
                    }
                },
                "67": {
                    "text": "double",
                    "id": 68,
                    "lemma": "double",
                    "word_length": 6,
                    "word_syllables": 1,
                    "ortho_neighbors": 3,
                    "ortho_neighbors_+freq_cum": 6.609999999999999,
                    "age_of_acquisition": 7.35150166852058,
                    "familiarity": 4.85714285714286,
                    "lexical_frequency": 58.99,
                    "complexity": "na",
                    "hapax_legomena_lemma": 1,
                    "concrete": true,
                    "sophisticated": false,
                    "passive": "O",
                    "coordination": {},
                    "clitic_type": false,
                    "aux_verbs": "O",
                    "named_entities": "O",
                    "subordination": [],
                    "np_pp_modifiers": {
                        "ids": [],
                        "texts": []
                    }
                },
                "68": {
                    "text": "al\u00e8se",
                    "id": 69,
                    "lemma": "al\u00e8se",
                    "word_length": 5,
                    "word_syllables": 2,
                    "ortho_neighbors": 4,
                    "ortho_neighbors_+freq_cum": 0.45000000000000007,
                    "age_of_acquisition": -1,
                    "familiarity": -1,
                    "lexical_frequency": 0.61,
                    "complexity": "na",
                    "hapax_legomena_lemma": 1,
                    "concrete": false,
                    "sophisticated": true,
                    "passive": "O",
                    "coordination": {},
                    "clitic_type": false,
                    "aux_verbs": "O",
                    "named_entities": "O",
                    "subordination": [],
                    "np_pp_modifiers": {
                        "ids": [
                            68
                        ],
                        "texts": [
                            "double"
                        ]
                    }
                },
                "69": {
                    "text": "Faire",
                    "id": 70,
                    "lemma": "faire",
                    "word_length": 5,
                    "word_syllables": 1,
                    "ortho_neighbors": 9,
                    "ortho_neighbors_+freq_cum": 152.26,
                    "age_of_acquisition": 4.853170189099,
                    "familiarity": 6.42857142857143,
                    "lexical_frequency": 5328.99,
                    "complexity": 1,
                    "hapax_legomena_lemma": 0,
                    "concrete": true,
                    "sophisticated": false,
                    "passive": "O",
                    "coordination": {
                        "conjuncts": [
                            77
                        ],
                        "cc": []
                    },
                    "clitic_type": false,
                    "aux_verbs": "O",
                    "named_entities": "O",
                    "subordination": [],
                    "np_pp_modifiers": {
                        "ids": [],
                        "texts": []
                    }
                },
                "70": {
                    "text": "le",
                    "id": 71,
                    "lemma": "le",
                    "word_length": 2,
                    "word_syllables": 1,
                    "ortho_neighbors": 15,
                    "ortho_neighbors_+freq_cum": 86631.11,
                    "age_of_acquisition": 4.07230255839822,
                    "familiarity": 6.92857142857143,
                    "lexical_frequency": 18310.95,
                    "complexity": 1,
                    "hapax_legomena_lemma": 0,
                    "concrete": true,
                    "sophisticated": false,
                    "passive": "O",
                    "coordination": {},
                    "clitic_type": false,
                    "aux_verbs": "O",
                    "named_entities": "O",
                    "subordination": [],
                    "np_pp_modifiers": {
                        "ids": [],
                        "texts": []
                    }
                },
                "71": {
                    "text": "m\u00e9nage",
                    "id": 72,
                    "lemma": "m\u00e9nage",
                    "word_length": 6,
                    "word_syllables": 2,
                    "ortho_neighbors": 4,
                    "ortho_neighbors_+freq_cum": 2.87,
                    "age_of_acquisition": -1,
                    "familiarity": 5.04,
                    "lexical_frequency": 32.91,
                    "complexity": "na",
                    "hapax_legomena_lemma": 0,
                    "concrete": false,
                    "sophisticated": false,
                    "passive": "O",
                    "coordination": {},
                    "clitic_type": false,
                    "aux_verbs": "O",
                    "named_entities": "O",
                    "subordination": [],
                    "np_pp_modifiers": {
                        "ids": [
                            75,
                            73,
                            76
                        ],
                        "texts": [
                            "r\u00e9pertoire",
                            "de",
                            "t\u00e9l\u00e9chargement"
                        ]
                    }
                },
                "72": {
                    "text": "de",
                    "id": 73,
                    "lemma": "de",
                    "word_length": 2,
                    "word_syllables": 1,
                    "ortho_neighbors": 19,
                    "ortho_neighbors_+freq_cum": 61689.729999999996,
                    "age_of_acquisition": 4.81646273637375,
                    "familiarity": 6.89285714285714,
                    "lexical_frequency": 38928.92,
                    "complexity": "na",
                    "hapax_legomena_lemma": 0,
                    "concrete": true,
                    "sophisticated": false,
                    "passive": "O",
                    "coordination": {},
                    "clitic_type": false,
                    "aux_verbs": "O",
                    "named_entities": "O",
                    "subordination": [],
                    "np_pp_modifiers": {
                        "ids": [],
                        "texts": []
                    }
                },
                "73": {
                    "text": "le",
                    "id": 74,
                    "lemma": "le",
                    "word_length": 2,
                    "word_syllables": 1,
                    "ortho_neighbors": 15,
                    "ortho_neighbors_+freq_cum": 86631.11,
                    "age_of_acquisition": 4.07230255839822,
                    "familiarity": 6.92857142857143,
                    "lexical_frequency": 18310.95,
                    "complexity": 1,
                    "hapax_legomena_lemma": 0,
                    "concrete": true,
                    "sophisticated": false,
                    "passive": "O",
                    "coordination": {},
                    "clitic_type": false,
                    "aux_verbs": "O",
                    "named_entities": "O",
                    "subordination": [],
                    "np_pp_modifiers": {
                        "ids": [],
                        "texts": []
                    }
                },
                "74": {
                    "text": "r\u00e9pertoire",
                    "id": 75,
                    "lemma": "r\u00e9pertoire",
                    "word_length": 10,
                    "word_syllables": 3,
                    "ortho_neighbors": 0,
                    "ortho_neighbors_+freq_cum": "na",
                    "age_of_acquisition": -1,
                    "familiarity": 3.77,
                    "lexical_frequency": 5.68,
                    "complexity": "na",
                    "hapax_legomena_lemma": 1,
                    "concrete": false,
                    "sophisticated": false,
                    "passive": "O",
                    "coordination": {},
                    "clitic_type": false,
                    "aux_verbs": "O",
                    "named_entities": "O",
                    "subordination": [],
                    "np_pp_modifiers": {
                        "ids": [
                            73,
                            76
                        ],
                        "texts": [
                            "de",
                            "t\u00e9l\u00e9chargement"
                        ]
                    }
                },
                "75": {
                    "text": "t\u00e9l\u00e9chargement",
                    "id": 76,
                    "lemma": "t\u00e9l\u00e9chargement",
                    "word_length": 14,
                    "word_syllables": 5,
                    "ortho_neighbors": "na",
                    "ortho_neighbors_+freq_cum": "na",
                    "age_of_acquisition": -1,
                    "familiarity": -1,
                    "lexical_frequency": 0.0,
                    "complexity": "na",
                    "hapax_legomena_lemma": 1,
                    "concrete": false,
                    "sophisticated": true,
                    "passive": "O",
                    "coordination": {},
                    "clitic_type": false,
                    "aux_verbs": "O",
                    "named_entities": "O",
                    "subordination": [],
                    "np_pp_modifiers": {
                        "ids": [],
                        "texts": []
                    }
                },
                "76": {
                    "text": "Faire",
                    "id": 77,
                    "lemma": "faire",
                    "word_length": 5,
                    "word_syllables": 1,
                    "ortho_neighbors": 9,
                    "ortho_neighbors_+freq_cum": 152.26,
                    "age_of_acquisition": 4.853170189099,
                    "familiarity": 6.42857142857143,
                    "lexical_frequency": 5328.99,
                    "complexity": 1,
                    "hapax_legomena_lemma": 0,
                    "concrete": true,
                    "sophisticated": false,
                    "passive": "O",
                    "coordination": {},
                    "clitic_type": false,
                    "aux_verbs": "O",
                    "named_entities": "B",
                    "subordination": [
                        "B1"
                    ],
                    "np_pp_modifiers": {
                        "ids": [],
                        "texts": []
                    }
                },
                "77": {
                    "text": "une",
                    "id": 78,
                    "lemma": "un",
                    "word_length": 3,
                    "word_syllables": 1,
                    "ortho_neighbors": 5,
                    "ortho_neighbors_+freq_cum": 121.50999999999999,
                    "age_of_acquisition": 3.46162402669633,
                    "familiarity": 6.75,
                    "lexical_frequency": 13550.68,
                    "complexity": 1,
                    "hapax_legomena_lemma": 1,
                    "concrete": true,
                    "sophisticated": false,
                    "passive": "O",
                    "coordination": {},
                    "clitic_type": false,
                    "aux_verbs": "O",
                    "named_entities": "I",
                    "subordination": [
                        "I1"
                    ],
                    "np_pp_modifiers": {
                        "ids": [],
                        "texts": []
                    }
                },
                "78": {
                    "text": "check-list",
                    "id": 79,
                    "lemma": "check-list",
                    "word_length": 10,
                    "word_syllables": 2,
                    "ortho_neighbors": "na",
                    "ortho_neighbors_+freq_cum": "na",
                    "age_of_acquisition": -1,
                    "familiarity": -1,
                    "lexical_frequency": 0.0,
                    "complexity": "na",
                    "hapax_legomena_lemma": 1,
                    "concrete": false,
                    "sophisticated": true,
                    "passive": "O",
                    "coordination": {},
                    "clitic_type": false,
                    "aux_verbs": "O",
                    "named_entities": "I",
                    "subordination": [
                        "I1"
                    ],
                    "np_pp_modifiers": {
                        "ids": [
                            82,
                            80,
                            83
                        ],
                        "texts": [
                            "d\u00e9m\u00e9nagement",
                            "sur",
                            "Pr\u00e9voir"
                        ]
                    }
                },
                "79": {
                    "text": "sur",
                    "id": 80,
                    "lemma": "sur",
                    "word_length": 3,
                    "word_syllables": 1,
                    "ortho_neighbors": 15,
                    "ortho_neighbors_+freq_cum": 548.1900000000002,
                    "age_of_acquisition": 4.95995550611791,
                    "familiarity": 6.67857142857143,
                    "lexical_frequency": 5320.47,
                    "complexity": "na",
                    "hapax_legomena_lemma": 1,
                    "concrete": true,
                    "sophisticated": false,
                    "passive": "O",
                    "coordination": {},
                    "clitic_type": false,
                    "aux_verbs": "O",
                    "named_entities": "O",
                    "subordination": [
                        "I1"
                    ],
                    "np_pp_modifiers": {
                        "ids": [],
                        "texts": []
                    }
                },
                "80": {
                    "text": "le",
                    "id": 81,
                    "lemma": "le",
                    "word_length": 2,
                    "word_syllables": 1,
                    "ortho_neighbors": 15,
                    "ortho_neighbors_+freq_cum": 86631.11,
                    "age_of_acquisition": 4.07230255839822,
                    "familiarity": 6.92857142857143,
                    "lexical_frequency": 18310.95,
                    "complexity": 1,
                    "hapax_legomena_lemma": 0,
                    "concrete": true,
                    "sophisticated": false,
                    "passive": "O",
                    "coordination": {},
                    "clitic_type": false,
                    "aux_verbs": "O",
                    "named_entities": "O",
                    "subordination": [
                        "I1"
                    ],
                    "np_pp_modifiers": {
                        "ids": [],
                        "texts": []
                    }
                },
                "81": {
                    "text": "d\u00e9m\u00e9nagement",
                    "id": 82,
                    "lemma": "d\u00e9m\u00e9nagement",
                    "word_length": 12,
                    "word_syllables": 4,
                    "ortho_neighbors": 0,
                    "ortho_neighbors_+freq_cum": "na",
                    "age_of_acquisition": -1,
                    "familiarity": -1,
                    "lexical_frequency": 6.69,
                    "complexity": 2,
                    "hapax_legomena_lemma": 1,
                    "concrete": false,
                    "sophisticated": false,
                    "passive": "O",
                    "coordination": {},
                    "clitic_type": false,
                    "aux_verbs": "O",
                    "named_entities": "O",
                    "subordination": [
                        "I1"
                    ],
                    "np_pp_modifiers": {
                        "ids": [
                            80,
                            83
                        ],
                        "texts": [
                            "sur",
                            "Pr\u00e9voir"
                        ]
                    }
                },
                "82": {
                    "text": "Pr\u00e9voir",
                    "id": 83,
                    "lemma": "pr\u00e9voir",
                    "word_length": 7,
                    "word_syllables": 2,
                    "ortho_neighbors": 3,
                    "ortho_neighbors_+freq_cum": 9.709999999999999,
                    "age_of_acquisition": -1,
                    "familiarity": -1,
                    "lexical_frequency": 77.09,
                    "complexity": "na",
                    "hapax_legomena_lemma": 1,
                    "concrete": false,
                    "sophisticated": false,
                    "passive": "O",
                    "coordination": {},
                    "clitic_type": false,
                    "aux_verbs": "O",
                    "named_entities": "B",
                    "subordination": [
                        "I1",
                        "B2"
                    ],
                    "np_pp_modifiers": {
                        "ids": [],
                        "texts": []
                    }
                },
                "83": {
                    "text": "sortie",
                    "id": 84,
                    "lemma": "sortir",
                    "word_length": 6,
                    "word_syllables": 2,
                    "ortho_neighbors": 4,
                    "ortho_neighbors_+freq_cum": 155.81,
                    "age_of_acquisition": -1,
                    "familiarity": -1,
                    "lexical_frequency": 627.57,
                    "complexity": 1,
                    "hapax_legomena_lemma": 1,
                    "concrete": false,
                    "sophisticated": false,
                    "passive": "O",
                    "coordination": {},
                    "clitic_type": false,
                    "aux_verbs": "O",
                    "named_entities": "I",
                    "subordination": [
                        "I1",
                        "I2"
                    ],
                    "np_pp_modifiers": {
                        "ids": [],
                        "texts": []
                    }
                },
                "84": {
                    "text": "avec",
                    "id": 85,
                    "lemma": "avec",
                    "word_length": 4,
                    "word_syllables": 2,
                    "ortho_neighbors": 5,
                    "ortho_neighbors_+freq_cum": 229.0,
                    "age_of_acquisition": -1,
                    "familiarity": -1,
                    "lexical_frequency": 4000.41,
                    "complexity": "na",
                    "hapax_legomena_lemma": 0,
                    "concrete": false,
                    "sophisticated": false,
                    "passive": "O",
                    "coordination": {},
                    "clitic_type": false,
                    "aux_verbs": "O",
                    "named_entities": "I",
                    "subordination": [
                        "I1",
                        "I2"
                    ],
                    "np_pp_modifiers": {
                        "ids": [],
                        "texts": []
                    }
                },
                "85": {
                    "text": "Marius",
                    "id": 86,
                    "lemma": "Marius",
                    "word_length": 6,
                    "word_syllables": 0,
                    "ortho_neighbors": "na",
                    "ortho_neighbors_+freq_cum": "na",
                    "age_of_acquisition": -1,
                    "familiarity": -1,
                    "lexical_frequency": 1e-10,
                    "complexity": "na",
                    "hapax_legomena_lemma": 0,
                    "concrete": false,
                    "sophisticated": true,
                    "passive": "O",
                    "coordination": {},
                    "clitic_type": false,
                    "aux_verbs": "O",
                    "named_entities": "I",
                    "subordination": [
                        "I1",
                        "I2"
                    ],
                    "np_pp_modifiers": {
                        "ids": [
                            85
                        ],
                        "texts": [
                            "avec"
                        ]
                    }
                },
                "86": {
                    "text": "en",
                    "id": 87,
                    "lemma": "en",
                    "word_length": 2,
                    "word_syllables": 1,
                    "ortho_neighbors": 8,
                    "ortho_neighbors_+freq_cum": 35165.0,
                    "age_of_acquisition": 5.53281423804227,
                    "familiarity": 6.85714285714286,
                    "lexical_frequency": 8732.57,
                    "complexity": "na",
                    "hapax_legomena_lemma": 1,
                    "concrete": true,
                    "sophisticated": false,
                    "passive": "O",
                    "coordination": {},
                    "clitic_type": false,
                    "aux_verbs": "O",
                    "named_entities": "O",
                    "subordination": [
                        "I1",
                        "I2"
                    ],
                    "np_pp_modifiers": {
                        "ids": [],
                        "texts": []
                    }
                },
                "87": {
                    "text": "septembre",
                    "id": 88,
                    "lemma": "septembre",
                    "word_length": 9,
                    "word_syllables": 2,
                    "ortho_neighbors": 0,
                    "ortho_neighbors_+freq_cum": "na",
                    "age_of_acquisition": -1,
                    "familiarity": 5.46,
                    "lexical_frequency": 43.58,
                    "complexity": 1,
                    "hapax_legomena_lemma": 1,
                    "concrete": false,
                    "sophisticated": false,
                    "passive": "O",
                    "coordination": {},
                    "clitic_type": false,
                    "aux_verbs": "O",
                    "named_entities": "O",
                    "subordination": [
                        "I1",
                        "I2"
                    ],
                    "np_pp_modifiers": {
                        "ids": [
                            87
                        ],
                        "texts": [
                            "en"
                        ]
                    }
                }
            },
            "features": {
                "parse_depth": 22,
                "sentence_length": 88,
                "ratio_passive_per_token": 0.0,
                "ratio_passive_per_verb": 0.0,
                "total_token_ratio_passive": 0.0,
                "max_size_passive": 0,
                "ratio_heads_per_token": 1.0,
                "max_nb_heads": 1,
                "max_dist_head_to_coord": 16,
                "ratio_coordination_per_token": 0.06818181818181818,
                "total_token_ratio_coordination": 0.06818181818181818,
                "max_size_coordination": 1,
                "ratio_aux_verbs_per_token": 0.0,
                "ratio_aux_verbs_per_verb": 0.0,
                "total_token_ratio_aux_verbs": 0.0,
                "max_size_aux_verbs": 0,
                "ratio_named_entities_per_token": 0.11363636363636363,
                "ratio_named_entities_per_verb": 0.5882352941176471,
                "total_token_ratio_named_entities": 0.29545454545454547,
                "max_size_named_entities": 5,
                "max_size_np_pp_modifiers": 3,
                "max_size_subordination": 12,
                "words_before_verb": 1,
                "words_after_verb": 2
            }
        }
    }
}