{
    "features": {
        "word_count": 56,
        "sentence_count": 6,
        "document_length": 57,
        "sophisticated_ratio": 0.2807017543859649,
        "concrete_ratio": 0.7192982456140351,
        "lexical_diversity": 0.8677304964539007,
        "hapax_legomena_lemma_ratio": 0.0,
        "ratio_passive_per_token": 0.0,
        "ratio_passive_per_verb": 0.0,
        "total_token_ratio_passive": 0.0,
        "max_size_passive": 0,
        "ratio_coordination_per_token": 0.05263157894736842,
        "total_token_ratio_coordination": 0.05263157894736842,
        "max_size_coordination": 1,
        "ratio_clitic_per_token": 0.17543859649122806,
        "ratio_pre_clitic_pronouns_per_token": 0.03508771929824561,
        "ratio_post_clitic_pronouns_per_token": 0.14035087719298245,
        "ratio_aux_verbs_per_token": 0.03508771929824561,
        "ratio_aux_verbs_per_verb": 0.2222222222222222,
        "total_token_ratio_aux_verbs": 0.07017543859649122,
        "max_size_aux_verbs": 2,
        "ratio_named_entities_per_token": 0.10526315789473684,
        "ratio_named_entities_per_verb": 0.6666666666666666,
        "total_token_ratio_named_entities": 0.47368421052631576,
        "max_size_named_entities": 9,
        "ratio_subordination_per_token": 0.03508771929824561,
        "ratio_subordination_per_verb": 0.2222222222222222,
        "total_token_ratio_subordination": 0.14035087719298245,
        "max_size_subordination": 5,
        "max_size_np_pp_modifiers": 1
    },
    "sentences": {
        "0": {
            "words": {
                "0": {
                    "text": "Il",
                    "id": 1,
                    "lemma": "il",
                    "word_length": 2,
                    "word_syllables": 1,
                    "ortho_neighbors": 4,
                    "ortho_neighbors_+freq_cum": 32.57,
                    "age_of_acquisition": 4.35483870967742,
                    "familiarity": 6.92857142857143,
                    "lexical_frequency": 15832.09,
                    "complexity": 1,
                    "hapax_legomena_lemma": 0,
                    "concrete": true,
                    "sophisticated": false,
                    "passive": "O",
                    "coordination": {},
                    "clitic_type": "postclitic",
                    "aux_verbs": "O",
                    "named_entities": "O",
                    "subordination": [],
                    "np_pp_modifiers": {
                        "ids": [],
                        "texts": []
                    }
                },
                "1": {
                    "text": "pleut",
                    "id": 2,
                    "lemma": "pleuvoir",
                    "word_length": 5,
                    "word_syllables": 1,
                    "ortho_neighbors": 1,
                    "ortho_neighbors_+freq_cum": 0.52,
                    "age_of_acquisition": -1,
                    "familiarity": -1,
                    "lexical_frequency": 47.09,
                    "complexity": "na",
                    "hapax_legomena_lemma": 0,
                    "concrete": false,
                    "sophisticated": true,
                    "passive": "O",
                    "coordination": {
                        "conjuncts": [
                            6
                        ],
                        "cc": []
                    },
                    "clitic_type": false,
                    "aux_verbs": "O",
                    "named_entities": "O",
                    "subordination": [],
                    "np_pp_modifiers": {
                        "ids": [],
                        "texts": []
                    }
                },
                "2": {
                    "text": "Il",
                    "id": 3,
                    "lemma": "il",
                    "word_length": 2,
                    "word_syllables": 1,
                    "ortho_neighbors": 4,
                    "ortho_neighbors_+freq_cum": 32.57,
                    "age_of_acquisition": 4.35483870967742,
                    "familiarity": 6.92857142857143,
                    "lexical_frequency": 15832.09,
                    "complexity": 1,
                    "hapax_legomena_lemma": 0,
                    "concrete": true,
                    "sophisticated": false,
                    "passive": "O",
                    "coordination": {},
                    "clitic_type": "postclitic",
                    "aux_verbs": "O",
                    "named_entities": "B",
                    "subordination": [],
                    "np_pp_modifiers": {
                        "ids": [],
                        "texts": []
                    }
                },
                "3": {
                    "text": "pleut",
                    "id": 4,
                    "lemma": "pleuvoir",
                    "word_length": 5,
                    "word_syllables": 1,
                    "ortho_neighbors": 1,
                    "ortho_neighbors_+freq_cum": 0.52,
                    "age_of_acquisition": -1,
                    "familiarity": -1,
                    "lexical_frequency": 47.09,
                    "complexity": "na",
                    "hapax_legomena_lemma": 0,
                    "concrete": false,
                    "sophisticated": true,
                    "passive": "O",
                    "coordination": {},
                    "clitic_type": false,
                    "aux_verbs": "O",
                    "named_entities": "I",
                    "subordination": [],
                    "np_pp_modifiers": {
                        "ids": [],
                        "texts": []
                    }
                },
                "4": {
                    "text": "Il",
                    "id": 5,
                    "lemma": "il",
                    "word_length": 2,
                    "word_syllables": 1,
                    "ortho_neighbors": 4,
                    "ortho_neighbors_+freq_cum": 32.57,
                    "age_of_acquisition": 4.35483870967742,
                    "familiarity": 6.92857142857143,
                    "lexical_frequency": 15832.09,
                    "complexity": 1,
                    "hapax_legomena_lemma": 0,
                    "concrete": true,
                    "sophisticated": false,
                    "passive": "O",
                    "coordination": {},
                    "clitic_type": "postclitic",
                    "aux_verbs": "O",
                    "named_entities": "I",
                    "subordination": [],
                    "np_pp_modifiers": {
                        "ids": [],
                        "texts": []
                    }
                },
                "5": {
                    "text": "pleut",
                    "id": 6,
                    "lemma": "pleuvoir",
                    "word_length": 5,
                    "word_syllables": 1,
                    "ortho_neighbors": 1,
                    "ortho_neighbors_+freq_cum": 0.52,
                    "age_of_acquisition": -1,
                    "familiarity": -1,
                    "lexical_frequency": 47.09,
                    "complexity": "na",
                    "hapax_legomena_lemma": 0,
                    "concrete": false,
                    "sophisticated": true,
                    "passive": "O",
                    "coordination": {
                        "conjuncts": [
                            8
                        ],
                        "cc": []
                    },
                    "clitic_type": false,
                    "aux_verbs": "O",
                    "named_entities": "I",
                    "subordination": [],
                    "np_pp_modifiers": {
                        "ids": [],
                        "texts": []
                    }
                },
                "6": {
                    "text": "Il",
                    "id": 7,
                    "lemma": "il",
                    "word_length": 2,
                    "word_syllables": 1,
                    "ortho_neighbors": 4,
                    "ortho_neighbors_+freq_cum": 32.57,
                    "age_of_acquisition": 4.35483870967742,
                    "familiarity": 6.92857142857143,
                    "lexical_frequency": 15832.09,
                    "complexity": 1,
                    "hapax_legomena_lemma": 0,
                    "concrete": true,
                    "sophisticated": false,
                    "passive": "O",
                    "coordination": {},
                    "clitic_type": "postclitic",
                    "aux_verbs": "O",
                    "named_entities": "I",
                    "subordination": [],
                    "np_pp_modifiers": {
                        "ids": [],
                        "texts": []
                    }
                },
                "7": {
                    "text": "fait",
                    "id": 8,
                    "lemma": "faire",
                    "word_length": 4,
                    "word_syllables": 1,
                    "ortho_neighbors": 12,
                    "ortho_neighbors_+freq_cum": 1038.95,
                    "age_of_acquisition": 4.853170189099,
                    "familiarity": 6.42857142857143,
                    "lexical_frequency": 5328.99,
                    "complexity": 1,
                    "hapax_legomena_lemma": 0,
                    "concrete": true,
                    "sophisticated": false,
                    "passive": "O",
                    "coordination": {},
                    "clitic_type": false,
                    "aux_verbs": "O",
                    "named_entities": "I",
                    "subordination": [],
                    "np_pp_modifiers": {
                        "ids": [],
                        "texts": []
                    }
                },
                "8": {
                    "text": "beau",
                    "id": 9,
                    "lemma": "beau",
                    "word_length": 4,
                    "word_syllables": 1,
                    "ortho_neighbors": 4,
                    "ortho_neighbors_+freq_cum": 125.32000000000001,
                    "age_of_acquisition": 4.4972191323693,
                    "familiarity": 5.21428571428571,
                    "lexical_frequency": 620.07,
                    "complexity": 1,
                    "hapax_legomena_lemma": 0,
                    "concrete": true,
                    "sophisticated": false,
                    "passive": "O",
                    "coordination": {},
                    "clitic_type": false,
                    "aux_verbs": "O",
                    "named_entities": "I",
                    "subordination": [],
                    "np_pp_modifiers": {
                        "ids": [],
                        "texts": []
                    }
                },
                "9": {
                    "text": "Il",
                    "id": 10,
                    "lemma": "il",
                    "word_length": 2,
                    "word_syllables": 1,
                    "ortho_neighbors": 4,
                    "ortho_neighbors_+freq_cum": 32.57,
                    "age_of_acquisition": 4.35483870967742,
                    "familiarity": 6.92857142857143,
                    "lexical_frequency": 15832.09,
                    "complexity": 1,
                    "hapax_legomena_lemma": 0,
                    "concrete": true,
                    "sophisticated": false,
                    "passive": "O",
                    "coordination": {},
                    "clitic_type": "postclitic",
                    "aux_verbs": "O",
                    "named_entities": "I",
                    "subordination": [],
                    "np_pp_modifiers": {
                        "ids": [],
                        "texts": []
                    }
                },
                "10": {
                    "text": "fait",
                    "id": 11,
                    "lemma": "faire",
                    "word_length": 4,
                    "word_syllables": 1,
                    "ortho_neighbors": 12,
                    "ortho_neighbors_+freq_cum": 1038.95,
                    "age_of_acquisition": 4.853170189099,
                    "familiarity": 6.42857142857143,
                    "lexical_frequency": 5328.99,
                    "complexity": 1,
                    "hapax_legomena_lemma": 0,
                    "concrete": true,
                    "sophisticated": false,
                    "passive": "O",
                    "coordination": {},
                    "clitic_type": false,
                    "aux_verbs": "O",
                    "named_entities": "I",
                    "subordination": [],
                    "np_pp_modifiers": {
                        "ids": [],
                        "texts": []
                    }
                },
                "11": {
                    "text": "de",
                    "id": 12,
                    "lemma": "de",
                    "word_length": 2,
                    "word_syllables": 1,
                    "ortho_neighbors": 19,
                    "ortho_neighbors_+freq_cum": 61689.729999999996,
                    "age_of_acquisition": 4.81646273637375,
                    "familiarity": 6.89285714285714,
                    "lexical_frequency": 38928.92,
                    "complexity": "na",
                    "hapax_legomena_lemma": 0,
                    "concrete": true,
                    "sophisticated": false,
                    "passive": "O",
                    "coordination": {},
                    "clitic_type": false,
                    "aux_verbs": "O",
                    "named_entities": "O",
                    "subordination": [],
                    "np_pp_modifiers": {
                        "ids": [],
                        "texts": []
                    }
                },
                "12": {
                    "text": "le",
                    "id": 13,
                    "lemma": "le",
                    "word_length": 2,
                    "word_syllables": 1,
                    "ortho_neighbors": 15,
                    "ortho_neighbors_+freq_cum": 86631.11,
                    "age_of_acquisition": 4.07230255839822,
                    "familiarity": 6.92857142857143,
                    "lexical_frequency": 18310.95,
                    "complexity": 1,
                    "hapax_legomena_lemma": 0,
                    "concrete": true,
                    "sophisticated": false,
                    "passive": "O",
                    "coordination": {},
                    "clitic_type": false,
                    "aux_verbs": "O",
                    "named_entities": "O",
                    "subordination": [],
                    "np_pp_modifiers": {
                        "ids": [],
                        "texts": []
                    }
                },
                "13": {
                    "text": "soleil",
                    "id": 14,
                    "lemma": "soleil",
                    "word_length": 6,
                    "word_syllables": 2,
                    "ortho_neighbors": 0,
                    "ortho_neighbors_+freq_cum": "na",
                    "age_of_acquisition": 1.42,
                    "familiarity": 6.13,
                    "lexical_frequency": 334.39,
                    "complexity": 1,
                    "hapax_legomena_lemma": 0,
                    "concrete": true,
                    "sophisticated": false,
                    "passive": "O",
                    "coordination": {},
                    "clitic_type": false,
                    "aux_verbs": "O",
                    "named_entities": "I",
                    "subordination": [],
                    "np_pp_modifiers": {
                        "ids": [
                            12
                        ],
                        "texts": [
                            "de"
                        ]
                    }
                }
            },
            "features": {
                "parse_depth": 6,
                "sentence_length": 14,
                "ratio_passive_per_token": 0.0,
                "ratio_passive_per_verb": 0.0,
                "total_token_ratio_passive": 0.0,
                "max_size_passive": 0,
                "ratio_heads_per_token": 1.0,
                "max_nb_heads": 1,
                "max_dist_head_to_coord": 4,
                "ratio_coordination_per_token": 0.14285714285714285,
                "total_token_ratio_coordination": 0.14285714285714285,
                "max_size_coordination": 1,
                "ratio_aux_verbs_per_token": 0.0,
                "ratio_aux_verbs_per_verb": 0.0,
                "total_token_ratio_aux_verbs": 0.0,
                "max_size_aux_verbs": 0,
                "ratio_named_entities_per_token": 0.07142857142857142,
                "ratio_named_entities_per_verb": 0.2,
                "total_token_ratio_named_entities": 0.7142857142857143,
                "max_size_named_entities": 9,
                "max_size_np_pp_modifiers": 1,
                "max_size_subordination": 0,
                "words_before_verb": 1,
                "words_after_verb": 2
            }
        },
        "1": {
            "words": {
                "0": {
                    "text": "Il",
                    "id": 1,
                    "lemma": "il",
                    "word_length": 2,
                    "word_syllables": 1,
                    "ortho_neighbors": 4,
                    "ortho_neighbors_+freq_cum": 32.57,
                    "age_of_acquisition": 4.35483870967742,
                    "familiarity": 6.92857142857143,
                    "lexical_frequency": 15832.09,
                    "complexity": 1,
                    "hapax_legomena_lemma": 0,
                    "concrete": true,
                    "sophisticated": false,
                    "passive": "O",
                    "coordination": {},
                    "clitic_type": "postclitic",
                    "aux_verbs": "O",
                    "named_entities": "O",
                    "subordination": [],
                    "np_pp_modifiers": {
                        "ids": [],
                        "texts": []
                    }
                },
                "1": {
                    "text": "est",
                    "id": 2,
                    "lemma": "\u00eatre",
                    "word_length": 3,
                    "word_syllables": 1,
                    "ortho_neighbors": 1,
                    "ortho_neighbors_+freq_cum": 0.52,
                    "age_of_acquisition": -1,
                    "familiarity": -1,
                    "lexical_frequency": 47.09,
                    "complexity": "na",
                    "hapax_legomena_lemma": 0,
                    "concrete": false,
                    "sophisticated": true,
                    "passive": "O",
                    "coordination": {},
                    "clitic_type": false,
                    "aux_verbs": "B",
                    "named_entities": "O",
                    "subordination": [],
                    "np_pp_modifiers": {
                        "ids": [],
                        "texts": []
                    }
                },
                "2": {
                    "text": "t\u00f4t",
                    "id": 3,
                    "lemma": "t\u00f4t",
                    "word_length": 3,
                    "word_syllables": 1,
                    "ortho_neighbors": 4,
                    "ortho_neighbors_+freq_cum": 32.57,
                    "age_of_acquisition": 4.35483870967742,
                    "familiarity": 6.92857142857143,
                    "lexical_frequency": 15832.09,
                    "complexity": 1,
                    "hapax_legomena_lemma": 0,
                    "concrete": true,
                    "sophisticated": false,
                    "passive": "O",
                    "coordination": {},
                    "clitic_type": false,
                    "aux_verbs": "O",
                    "named_entities": "O",
                    "subordination": [],
                    "np_pp_modifiers": {
                        "ids": [],
                        "texts": []
                    }
                },
                "3": {
                    "text": "Il",
                    "id": 4,
                    "lemma": "il",
                    "word_length": 2,
                    "word_syllables": 1,
                    "ortho_neighbors": 1,
                    "ortho_neighbors_+freq_cum": 0.52,
                    "age_of_acquisition": -1,
                    "familiarity": -1,
                    "lexical_frequency": 47.09,
                    "complexity": "na",
                    "hapax_legomena_lemma": 0,
                    "concrete": false,
                    "sophisticated": true,
                    "passive": "O",
                    "coordination": {},
                    "clitic_type": "postclitic",
                    "aux_verbs": "O",
                    "named_entities": "O",
                    "subordination": [],
                    "np_pp_modifiers": {
                        "ids": [],
                        "texts": []
                    }
                },
                "4": {
                    "text": "se",
                    "id": 5,
                    "lemma": "se",
                    "word_length": 2,
                    "word_syllables": 1,
                    "ortho_neighbors": 4,
                    "ortho_neighbors_+freq_cum": 32.57,
                    "age_of_acquisition": 4.35483870967742,
                    "familiarity": 6.92857142857143,
                    "lexical_frequency": 15832.09,
                    "complexity": 1,
                    "hapax_legomena_lemma": 0,
                    "concrete": true,
                    "sophisticated": false,
                    "passive": "O",
                    "coordination": {},
                    "clitic_type": "postclitic",
                    "aux_verbs": "O",
                    "named_entities": "O",
                    "subordination": [],
                    "np_pp_modifiers": {
                        "ids": [],
                        "texts": []
                    }
                },
                "5": {
                    "text": "fait",
                    "id": 6,
                    "lemma": "faire",
                    "word_length": 4,
                    "word_syllables": 1,
                    "ortho_neighbors": 1,
                    "ortho_neighbors_+freq_cum": 0.52,
                    "age_of_acquisition": -1,
                    "familiarity": -1,
                    "lexical_frequency": 47.09,
                    "complexity": "na",
                    "hapax_legomena_lemma": 0,
                    "concrete": false,
                    "sophisticated": true,
                    "passive": "O",
                    "coordination": {},
                    "clitic_type": false,
                    "aux_verbs": "I",
                    "named_entities": "O",
                    "subordination": [],
                    "np_pp_modifiers": {
                        "ids": [],
                        "texts": []
                    }
                },
                "6": {
                    "text": "tard",
                    "id": 7,
                    "lemma": "tard",
                    "word_length": 4,
                    "word_syllables": 1,
                    "ortho_neighbors": 4,
                    "ortho_neighbors_+freq_cum": 32.57,
                    "age_of_acquisition": 4.35483870967742,
                    "familiarity": 6.92857142857143,
                    "lexical_frequency": 15832.09,
                    "complexity": 1,
                    "hapax_legomena_lemma": 0,
                    "concrete": true,
                    "sophisticated": false,
                    "passive": "O",
                    "coordination": {},
                    "clitic_type": false,
                    "aux_verbs": "O",
                    "named_entities": "O",
                    "subordination": [],
                    "np_pp_modifiers": {
                        "ids": [],
                        "texts": []
                    }
                },
                "7": {
                    "text": "Il",
                    "id": 8,
                    "lemma": "il",
                    "word_length": 2,
                    "word_syllables": 1,
                    "ortho_neighbors": 12,
                    "ortho_neighbors_+freq_cum": 1038.95,
                    "age_of_acquisition": 4.853170189099,
                    "familiarity": 6.42857142857143,
                    "lexical_frequency": 5328.99,
                    "complexity": 1,
                    "hapax_legomena_lemma": 0,
                    "concrete": true,
                    "sophisticated": false,
                    "passive": "O",
                    "coordination": {},
                    "clitic_type": false,
                    "aux_verbs": "O",
                    "named_entities": "B",
                    "subordination": [],
                    "np_pp_modifiers": {
                        "ids": [],
                        "texts": []
                    }
                },
                "8": {
                    "text": "Il",
                    "id": 9,
                    "lemma": "il",
                    "word_length": 2,
                    "word_syllables": 1,
                    "ortho_neighbors": 4,
                    "ortho_neighbors_+freq_cum": 125.32000000000001,
                    "age_of_acquisition": 4.4972191323693,
                    "familiarity": 5.21428571428571,
                    "lexical_frequency": 620.07,
                    "complexity": 1,
                    "hapax_legomena_lemma": 0,
                    "concrete": true,
                    "sophisticated": false,
                    "passive": "O",
                    "coordination": {},
                    "clitic_type": "preclitic",
                    "aux_verbs": "O",
                    "named_entities": "I",
                    "subordination": [],
                    "np_pp_modifiers": {
                        "ids": [],
                        "texts": []
                    }
                },
                "9": {
                    "text": "Il",
                    "id": 10,
                    "lemma": "il",
                    "word_length": 2,
                    "word_syllables": 1,
                    "ortho_neighbors": 4,
                    "ortho_neighbors_+freq_cum": 32.57,
                    "age_of_acquisition": 4.35483870967742,
                    "familiarity": 6.92857142857143,
                    "lexical_frequency": 15832.09,
                    "complexity": 1,
                    "hapax_legomena_lemma": 0,
                    "concrete": true,
                    "sophisticated": false,
                    "passive": "O",
                    "coordination": {},
                    "clitic_type": false,
                    "aux_verbs": "O",
                    "named_entities": "I",
                    "subordination": [],
                    "np_pp_modifiers": {
                        "ids": [],
                        "texts": []
                    }
                },
                "10": {
                    "text": "Toujours",
                    "id": 11,
                    "lemma": "toujours",
                    "word_length": 8,
                    "word_syllables": 2,
                    "ortho_neighbors": 12,
                    "ortho_neighbors_+freq_cum": 1038.95,
                    "age_of_acquisition": 4.853170189099,
                    "familiarity": 6.42857142857143,
                    "lexical_frequency": 5328.99,
                    "complexity": 1,
                    "hapax_legomena_lemma": 0,
                    "concrete": true,
                    "sophisticated": false,
                    "passive": "O",
                    "coordination": {},
                    "clitic_type": false,
                    "aux_verbs": "O",
                    "named_entities": "I",
                    "subordination": [],
                    "np_pp_modifiers": {
                        "ids": [],
                        "texts": []
                    }
                },
                "11": {
                    "text": "Il",
                    "id": 12,
                    "lemma": "il",
                    "word_length": 2,
                    "word_syllables": 1,
                    "ortho_neighbors": 19,
                    "ortho_neighbors_+freq_cum": 61689.729999999996,
                    "age_of_acquisition": 4.81646273637375,
                    "familiarity": 6.89285714285714,
                    "lexical_frequency": 38928.92,
                    "complexity": "na",
                    "hapax_legomena_lemma": 0,
                    "concrete": true,
                    "sophisticated": false,
                    "passive": "O",
                    "coordination": {},
                    "clitic_type": false,
                    "aux_verbs": "O",
                    "named_entities": "I",
                    "subordination": [],
                    "np_pp_modifiers": {
                        "ids": [],
                        "texts": []
                    }
                },
                "12": {
                    "text": "Toujours",
                    "id": 13,
                    "lemma": "toujours",
                    "word_length": 8,
                    "word_syllables": 2,
                    "ortho_neighbors": 15,
                    "ortho_neighbors_+freq_cum": 86631.11,
                    "age_of_acquisition": 4.07230255839822,
                    "familiarity": 6.92857142857143,
                    "lexical_frequency": 18310.95,
                    "complexity": 1,
                    "hapax_legomena_lemma": 0,
                    "concrete": true,
                    "sophisticated": false,
                    "passive": "O",
                    "coordination": {},
                    "clitic_type": false,
                    "aux_verbs": "O",
                    "named_entities": "I",
                    "subordination": [],
                    "np_pp_modifiers": {
                        "ids": [],
                        "texts": []
                    }
                }
            },
            "features": {
                "parse_depth": 3,
                "sentence_length": 13,
                "ratio_passive_per_token": 0.0,
                "ratio_passive_per_verb": 0.0,
                "total_token_ratio_passive": 0.0,
                "max_size_passive": 0,
                "ratio_heads_per_token": 0,
                "max_nb_heads": 0,
                "max_dist_head_to_coord": 0,
                "ratio_coordination_per_token": 0.0,
                "total_token_ratio_coordination": 0.0,
                "max_size_coordination": 0,
                "ratio_aux_verbs_per_token": 0.07692307692307693,
                "ratio_aux_verbs_per_verb": 1.0,
                "total_token_ratio_aux_verbs": 0.15384615384615385,
                "max_size_aux_verbs": 1,
                "ratio_named_entities_per_token": 0.07692307692307693,
                "ratio_named_entities_per_verb": 1.0,
                "total_token_ratio_named_entities": 0.46153846153846156,
                "max_size_named_entities": 0,
                "max_size_np_pp_modifiers": 0,
                "max_size_subordination": 0,
                "words_before_verb": 5,
                "words_after_verb": 3
            }
        },
        "2": {
            "words": {
                "0": {
                    "text": "Il",
                    "id": 1,
                    "lemma": "il",
                    "word_length": 2,
                    "word_syllables": 1,
                    "ortho_neighbors": 4,
                    "ortho_neighbors_+freq_cum": 32.57,
                    "age_of_acquisition": 4.35483870967742,
                    "familiarity": 6.92857142857143,
                    "lexical_frequency": 15832.09,
                    "complexity": 1,
                    "hapax_legomena_lemma": 0,
                    "concrete": true,
                    "sophisticated": false,
                    "passive": "O",
                    "coordination": {},
                    "clitic_type": false,
                    "aux_verbs": "O",
                    "named_entities": "O",
                    "subordination": [],
                    "np_pp_modifiers": {
                        "ids": [
                            3
                        ],
                        "texts": [
                            "pleut"
                        ]
                    }
                },
                "1": {
                    "text": "qui",
                    "id": 2,
                    "lemma": "qui",
                    "word_length": 3,
                    "word_syllables": 1,
                    "ortho_neighbors": 1,
                    "ortho_neighbors_+freq_cum": 0.52,
                    "age_of_acquisition": -1,
                    "familiarity": -1,
                    "lexical_frequency": 47.09,
                    "complexity": "na",
                    "hapax_legomena_lemma": 0,
                    "concrete": false,
                    "sophisticated": true,
                    "passive": "O",
                    "coordination": {},
                    "clitic_type": false,
                    "aux_verbs": "O",
                    "named_entities": "O",
                    "subordination": [],
                    "np_pp_modifiers": {
                        "ids": [],
                        "texts": []
                    }
                },
                "2": {
                    "text": "pleut",
                    "id": 3,
                    "lemma": "pleuvoir",
                    "word_length": 5,
                    "word_syllables": 1,
                    "ortho_neighbors": 4,
                    "ortho_neighbors_+freq_cum": 32.57,
                    "age_of_acquisition": 4.35483870967742,
                    "familiarity": 6.92857142857143,
                    "lexical_frequency": 15832.09,
                    "complexity": 1,
                    "hapax_legomena_lemma": 0,
                    "concrete": true,
                    "sophisticated": false,
                    "passive": "O",
                    "coordination": {
                        "conjuncts": [
                            6
                        ],
                        "cc": [
                            4
                        ]
                    },
                    "clitic_type": false,
                    "aux_verbs": "O",
                    "named_entities": "O",
                    "subordination": [],
                    "np_pp_modifiers": {
                        "ids": [],
                        "texts": []
                    }
                },
                "3": {
                    "text": "et",
                    "id": 4,
                    "lemma": "et",
                    "word_length": 2,
                    "word_syllables": 1,
                    "ortho_neighbors": 1,
                    "ortho_neighbors_+freq_cum": 0.52,
                    "age_of_acquisition": -1,
                    "familiarity": -1,
                    "lexical_frequency": 47.09,
                    "complexity": "na",
                    "hapax_legomena_lemma": 0,
                    "concrete": false,
                    "sophisticated": true,
                    "passive": "O",
                    "coordination": {},
                    "clitic_type": false,
                    "aux_verbs": "O",
                    "named_entities": "O",
                    "subordination": [],
                    "np_pp_modifiers": {
                        "ids": [],
                        "texts": []
                    }
                },
                "4": {
                    "text": "qui",
                    "id": 5,
                    "lemma": "qui",
                    "word_length": 3,
                    "word_syllables": 1,
                    "ortho_neighbors": 4,
                    "ortho_neighbors_+freq_cum": 32.57,
                    "age_of_acquisition": 4.35483870967742,
                    "familiarity": 6.92857142857143,
                    "lexical_frequency": 15832.09,
                    "complexity": 1,
                    "hapax_legomena_lemma": 0,
                    "concrete": true,
                    "sophisticated": false,
                    "passive": "O",
                    "coordination": {},
                    "clitic_type": false,
                    "aux_verbs": "O",
                    "named_entities": "O",
                    "subordination": [
                        "B0"
                    ],
                    "np_pp_modifiers": {
                        "ids": [],
                        "texts": []
                    }
                },
                "5": {
                    "text": "neige",
                    "id": 6,
                    "lemma": "neige",
                    "word_length": 5,
                    "word_syllables": 1,
                    "ortho_neighbors": 1,
                    "ortho_neighbors_+freq_cum": 0.52,
                    "age_of_acquisition": -1,
                    "familiarity": -1,
                    "lexical_frequency": 47.09,
                    "complexity": "na",
                    "hapax_legomena_lemma": 0,
                    "concrete": false,
                    "sophisticated": true,
                    "passive": "O",
                    "coordination": {},
                    "clitic_type": false,
                    "aux_verbs": "O",
                    "named_entities": "O",
                    "subordination": [
                        "I0"
                    ],
                    "np_pp_modifiers": {
                        "ids": [],
                        "texts": []
                    }
                },
                "6": {
                    "text": "Toujours",
                    "id": 7,
                    "lemma": "toujours",
                    "word_length": 8,
                    "word_syllables": 2,
                    "ortho_neighbors": 4,
                    "ortho_neighbors_+freq_cum": 32.57,
                    "age_of_acquisition": 4.35483870967742,
                    "familiarity": 6.92857142857143,
                    "lexical_frequency": 15832.09,
                    "complexity": 1,
                    "hapax_legomena_lemma": 0,
                    "concrete": true,
                    "sophisticated": false,
                    "passive": "O",
                    "coordination": {},
                    "clitic_type": false,
                    "aux_verbs": "O",
                    "named_entities": "B",
                    "subordination": [
                        "I0"
                    ],
                    "np_pp_modifiers": {
                        "ids": [],
                        "texts": []
                    }
                }
            },
            "features": {
                "parse_depth": 4,
                "sentence_length": 7,
                "ratio_passive_per_token": 0.0,
                "ratio_passive_per_verb": 0.0,
                "total_token_ratio_passive": 0.0,
                "max_size_passive": 0,
                "ratio_heads_per_token": 1.0,
                "max_nb_heads": 1,
                "max_dist_head_to_coord": 3,
                "ratio_coordination_per_token": 0.14285714285714285,
                "total_token_ratio_coordination": 0.14285714285714285,
                "max_size_coordination": 1,
                "ratio_aux_verbs_per_token": 0.0,
                "ratio_aux_verbs_per_verb": 0.0,
                "total_token_ratio_aux_verbs": 0.0,
                "max_size_aux_verbs": 0,
                "ratio_named_entities_per_token": 0.14285714285714285,
                "ratio_named_entities_per_verb": 0.5,
                "total_token_ratio_named_entities": 0.14285714285714285,
                "max_size_named_entities": 0,
                "max_size_np_pp_modifiers": 1,
                "max_size_subordination": 3,
                "words_before_verb": 0,
                "words_after_verb": 1
            }
        },
        "3": {
            "words": {
                "0": {
                    "text": "Il",
                    "id": 1,
                    "lemma": "il",
                    "word_length": 2,
                    "word_syllables": 1,
                    "ortho_neighbors": 4,
                    "ortho_neighbors_+freq_cum": 32.57,
                    "age_of_acquisition": 4.35483870967742,
                    "familiarity": 6.92857142857143,
                    "lexical_frequency": 15832.09,
                    "complexity": 1,
                    "hapax_legomena_lemma": 0,
                    "concrete": true,
                    "sophisticated": false,
                    "passive": "O",
                    "coordination": {},
                    "clitic_type": false,
                    "aux_verbs": "O",
                    "named_entities": "O",
                    "subordination": [],
                    "np_pp_modifiers": {
                        "ids": [
                            3
                        ],
                        "texts": [
                            "fait"
                        ]
                    }
                },
                "1": {
                    "text": "qui",
                    "id": 2,
                    "lemma": "qui",
                    "word_length": 3,
                    "word_syllables": 1,
                    "ortho_neighbors": 1,
                    "ortho_neighbors_+freq_cum": 0.52,
                    "age_of_acquisition": -1,
                    "familiarity": -1,
                    "lexical_frequency": 47.09,
                    "complexity": "na",
                    "hapax_legomena_lemma": 0,
                    "concrete": false,
                    "sophisticated": true,
                    "passive": "O",
                    "coordination": {},
                    "clitic_type": false,
                    "aux_verbs": "O",
                    "named_entities": "O",
                    "subordination": [
                        "B0"
                    ],
                    "np_pp_modifiers": {
                        "ids": [],
                        "texts": []
                    }
                },
                "2": {
                    "text": "fait",
                    "id": 3,
                    "lemma": "faire",
                    "word_length": 4,
                    "word_syllables": 1,
                    "ortho_neighbors": 4,
                    "ortho_neighbors_+freq_cum": 32.57,
                    "age_of_acquisition": 4.35483870967742,
                    "familiarity": 6.92857142857143,
                    "lexical_frequency": 15832.09,
                    "complexity": 1,
                    "hapax_legomena_lemma": 0,
                    "concrete": true,
                    "sophisticated": false,
                    "passive": "O",
                    "coordination": {},
                    "clitic_type": false,
                    "aux_verbs": "O",
                    "named_entities": "O",
                    "subordination": [
                        "I0"
                    ],
                    "np_pp_modifiers": {
                        "ids": [],
                        "texts": []
                    }
                },
                "3": {
                    "text": "de",
                    "id": 4,
                    "lemma": "de",
                    "word_length": 2,
                    "word_syllables": 1,
                    "ortho_neighbors": 1,
                    "ortho_neighbors_+freq_cum": 0.52,
                    "age_of_acquisition": -1,
                    "familiarity": -1,
                    "lexical_frequency": 47.09,
                    "complexity": "na",
                    "hapax_legomena_lemma": 0,
                    "concrete": false,
                    "sophisticated": true,
                    "passive": "O",
                    "coordination": {},
                    "clitic_type": false,
                    "aux_verbs": "O",
                    "named_entities": "O",
                    "subordination": [
                        "I0"
                    ],
                    "np_pp_modifiers": {
                        "ids": [],
                        "texts": []
                    }
                },
                "4": {
                    "text": "le",
                    "id": 5,
                    "lemma": "le",
                    "word_length": 2,
                    "word_syllables": 1,
                    "ortho_neighbors": 4,
                    "ortho_neighbors_+freq_cum": 32.57,
                    "age_of_acquisition": 4.35483870967742,
                    "familiarity": 6.92857142857143,
                    "lexical_frequency": 15832.09,
                    "complexity": 1,
                    "hapax_legomena_lemma": 0,
                    "concrete": true,
                    "sophisticated": false,
                    "passive": "O",
                    "coordination": {},
                    "clitic_type": false,
                    "aux_verbs": "O",
                    "named_entities": "O",
                    "subordination": [
                        "I0"
                    ],
                    "np_pp_modifiers": {
                        "ids": [],
                        "texts": []
                    }
                },
                "5": {
                    "text": "soleil",
                    "id": 6,
                    "lemma": "soleil",
                    "word_length": 6,
                    "word_syllables": 2,
                    "ortho_neighbors": 1,
                    "ortho_neighbors_+freq_cum": 0.52,
                    "age_of_acquisition": -1,
                    "familiarity": -1,
                    "lexical_frequency": 47.09,
                    "complexity": "na",
                    "hapax_legomena_lemma": 0,
                    "concrete": false,
                    "sophisticated": true,
                    "passive": "O",
                    "coordination": {},
                    "clitic_type": false,
                    "aux_verbs": "O",
                    "named_entities": "O",
                    "subordination": [
                        "I0"
                    ],
                    "np_pp_modifiers": {
                        "ids": [
                            4
                        ],
                        "texts": [
                            "de"
                        ]
                    }
                },
                "6": {
                    "text": "Toujours",
                    "id": 7,
                    "lemma": "toujours",
                    "word_length": 8,
                    "word_syllables": 2,
                    "ortho_neighbors": 4,
                    "ortho_neighbors_+freq_cum": 32.57,
                    "age_of_acquisition": 4.35483870967742,
                    "familiarity": 6.92857142857143,
                    "lexical_frequency": 15832.09,
                    "complexity": 1,
                    "hapax_legomena_lemma": 0,
                    "concrete": true,
                    "sophisticated": false,
                    "passive": "O",
                    "coordination": {},
                    "clitic_type": false,
                    "aux_verbs": "O",
                    "named_entities": "O",
                    "subordination": [],
                    "np_pp_modifiers": {
                        "ids": [],
                        "texts": []
                    }
                },
                "7": {
                    "text": "Il",
                    "id": 8,
                    "lemma": "il",
                    "word_length": 2,
                    "word_syllables": 1,
                    "ortho_neighbors": 12,
                    "ortho_neighbors_+freq_cum": 1038.95,
                    "age_of_acquisition": 4.853170189099,
                    "familiarity": 6.42857142857143,
                    "lexical_frequency": 5328.99,
                    "complexity": 1,
                    "hapax_legomena_lemma": 0,
                    "concrete": true,
                    "sophisticated": false,
                    "passive": "O",
                    "coordination": {},
                    "clitic_type": false,
                    "aux_verbs": "O",
                    "named_entities": "B",
                    "subordination": [],
                    "np_pp_modifiers": {
                        "ids": [],
                        "texts": []
                    }
                },
                "8": {
                    "text": "Pourquoi",
                    "id": 9,
                    "lemma": "pourquoi",
                    "word_length": 8,
                    "word_syllables": 2,
                    "ortho_neighbors": 4,
                    "ortho_neighbors_+freq_cum": 125.32000000000001,
                    "age_of_acquisition": 4.4972191323693,
                    "familiarity": 5.21428571428571,
                    "lexical_frequency": 620.07,
                    "complexity": 1,
                    "hapax_legomena_lemma": 0,
                    "concrete": true,
                    "sophisticated": false,
                    "passive": "O",
                    "coordination": {},
                    "clitic_type": false,
                    "aux_verbs": "O",
                    "named_entities": "I",
                    "subordination": [],
                    "np_pp_modifiers": {
                        "ids": [],
                        "texts": []
                    }
                },
                "9": {
                    "text": "pas",
                    "id": 10,
                    "lemma": "pas",
                    "word_length": 3,
                    "word_syllables": 1,
                    "ortho_neighbors": 4,
                    "ortho_neighbors_+freq_cum": 32.57,
                    "age_of_acquisition": 4.35483870967742,
                    "familiarity": 6.92857142857143,
                    "lexical_frequency": 15832.09,
                    "complexity": 1,
                    "hapax_legomena_lemma": 0,
                    "concrete": true,
                    "sophisticated": false,
                    "passive": "O",
                    "coordination": {},
                    "clitic_type": false,
                    "aux_verbs": "O",
                    "named_entities": "I",
                    "subordination": [],
                    "np_pp_modifiers": {
                        "ids": [],
                        "texts": []
                    }
                },
                "10": {
                    "text": "Elle",
                    "id": 11,
                    "lemma": "il",
                    "word_length": 4,
                    "word_syllables": 1,
                    "ortho_neighbors": 12,
                    "ortho_neighbors_+freq_cum": 1038.95,
                    "age_of_acquisition": 4.853170189099,
                    "familiarity": 6.42857142857143,
                    "lexical_frequency": 5328.99,
                    "complexity": 1,
                    "hapax_legomena_lemma": 0,
                    "concrete": true,
                    "sophisticated": false,
                    "passive": "O",
                    "coordination": {},
                    "clitic_type": "preclitic",
                    "aux_verbs": "O",
                    "named_entities": "I",
                    "subordination": [],
                    "np_pp_modifiers": {
                        "ids": [
                            13
                        ],
                        "texts": [
                            "Elle"
                        ]
                    }
                },
                "11": {
                    "text": "Jamais",
                    "id": 12,
                    "lemma": "jamais",
                    "word_length": 6,
                    "word_syllables": 2,
                    "ortho_neighbors": 19,
                    "ortho_neighbors_+freq_cum": 61689.729999999996,
                    "age_of_acquisition": 4.81646273637375,
                    "familiarity": 6.89285714285714,
                    "lexical_frequency": 38928.92,
                    "complexity": "na",
                    "hapax_legomena_lemma": 0,
                    "concrete": true,
                    "sophisticated": false,
                    "passive": "O",
                    "coordination": {},
                    "clitic_type": false,
                    "aux_verbs": "O",
                    "named_entities": "I",
                    "subordination": [],
                    "np_pp_modifiers": {
                        "ids": [],
                        "texts": []
                    }
                },
                "12": {
                    "text": "Elle",
                    "id": 13,
                    "lemma": "il",
                    "word_length": 4,
                    "word_syllables": 1,
                    "ortho_neighbors": 15,
                    "ortho_neighbors_+freq_cum": 86631.11,
                    "age_of_acquisition": 4.07230255839822,
                    "familiarity": 6.92857142857143,
                    "lexical_frequency": 18310.95,
                    "complexity": 1,
                    "hapax_legomena_lemma": 0,
                    "concrete": true,
                    "sophisticated": false,
                    "passive": "O",
                    "coordination": {},
                    "clitic_type": false,
                    "aux_verbs": "O",
                    "named_entities": "I",
                    "subordination": [],
                    "np_pp_modifiers": {
                        "ids": [],
                        "texts": []
                    }
                },
                "13": {
                    "text": "Pourtant",
                    "id": 14,
                    "lemma": "pourtant",
                    "word_length": 8,
                    "word_syllables": 2,
                    "ortho_neighbors": 0,
                    "ortho_neighbors_+freq_cum": "na",
                    "age_of_acquisition": 1.42,
                    "familiarity": 6.13,
                    "lexical_frequency": 334.39,
                    "complexity": 1,
                    "hapax_legomena_lemma": 0,
                    "concrete": true,
                    "sophisticated": false,
                    "passive": "O",
                    "coordination": {},
                    "clitic_type": false,
                    "aux_verbs": "O",
                    "named_entities": "I",
                    "subordination": [],
                    "np_pp_modifiers": {
                        "ids": [],
                        "texts": []
                    }
                }
            },
            "features": {
                "parse_depth": 5,
                "sentence_length": 14,
                "ratio_passive_per_token": 0.0,
                "ratio_passive_per_verb": 0.0,
                "total_token_ratio_passive": 0.0,
                "max_size_passive": 0,
                "ratio_heads_per_token": 0,
                "max_nb_heads": 0,
                "max_dist_head_to_coord": 0,
                "ratio_coordination_per_token": 0.0,
                "total_token_ratio_coordination": 0.0,
                "max_size_coordination": 0,
                "ratio_aux_verbs_per_token": 0.0,
                "ratio_aux_verbs_per_verb": 0.0,
                "total_token_ratio_aux_verbs": 0.0,
                "max_size_aux_verbs": 0,
                "ratio_named_entities_per_token": 0.07142857142857142,
                "ratio_named_entities_per_verb": 1.0,
                "total_token_ratio_named_entities": 0.5,
                "max_size_named_entities": 0,
                "max_size_np_pp_modifiers": 1,
                "max_size_subordination": 5,
                "words_before_verb": 0,
                "words_after_verb": 1
            }
        },
        "4": {
            "words": {
                "0": {
                    "text": "Elle",
                    "id": 1,
                    "lemma": "il",
                    "word_length": 4,
                    "word_syllables": 1,
                    "ortho_neighbors": 4,
                    "ortho_neighbors_+freq_cum": 32.57,
                    "age_of_acquisition": 4.35483870967742,
                    "familiarity": 6.92857142857143,
                    "lexical_frequency": 15832.09,
                    "complexity": 1,
                    "hapax_legomena_lemma": 0,
                    "concrete": true,
                    "sophisticated": false,
                    "passive": "O",
                    "coordination": {},
                    "clitic_type": false,
                    "aux_verbs": "O",
                    "named_entities": "O",
                    "subordination": [],
                    "np_pp_modifiers": {
                        "ids": [],
                        "texts": []
                    }
                },
                "1": {
                    "text": "aussi",
                    "id": 2,
                    "lemma": "aussi",
                    "word_length": 5,
                    "word_syllables": 2,
                    "ortho_neighbors": 1,
                    "ortho_neighbors_+freq_cum": 0.52,
                    "age_of_acquisition": -1,
                    "familiarity": -1,
                    "lexical_frequency": 47.09,
                    "complexity": "na",
                    "hapax_legomena_lemma": 0,
                    "concrete": false,
                    "sophisticated": true,
                    "passive": "O",
                    "coordination": {},
                    "clitic_type": false,
                    "aux_verbs": "O",
                    "named_entities": "O",
                    "subordination": [],
                    "np_pp_modifiers": {
                        "ids": [],
                        "texts": []
                    }
                },
                "2": {
                    "text": "Souvent",
                    "id": 3,
                    "lemma": "souvent",
                    "word_length": 7,
                    "word_syllables": 2,
                    "ortho_neighbors": 4,
                    "ortho_neighbors_+freq_cum": 32.57,
                    "age_of_acquisition": 4.35483870967742,
                    "familiarity": 6.92857142857143,
                    "lexical_frequency": 15832.09,
                    "complexity": 1,
                    "hapax_legomena_lemma": 0,
                    "concrete": true,
                    "sophisticated": false,
                    "passive": "O",
                    "coordination": {},
                    "clitic_type": false,
                    "aux_verbs": "O",
                    "named_entities": "B",
                    "subordination": [],
                    "np_pp_modifiers": {
                        "ids": [],
                        "texts": []
                    }
                },
                "3": {
                    "text": "se",
                    "id": 4,
                    "lemma": "se",
                    "word_length": 2,
                    "word_syllables": 1,
                    "ortho_neighbors": 1,
                    "ortho_neighbors_+freq_cum": 0.52,
                    "age_of_acquisition": -1,
                    "familiarity": -1,
                    "lexical_frequency": 47.09,
                    "complexity": "na",
                    "hapax_legomena_lemma": 0,
                    "concrete": false,
                    "sophisticated": true,
                    "passive": "O",
                    "coordination": {},
                    "clitic_type": false,
                    "aux_verbs": "O",
                    "named_entities": "O",
                    "subordination": [],
                    "np_pp_modifiers": {
                        "ids": [],
                        "texts": []
                    }
                },
                "4": {
                    "text": "fait",
                    "id": 5,
                    "lemma": "faire",
                    "word_length": 4,
                    "word_syllables": 1,
                    "ortho_neighbors": 4,
                    "ortho_neighbors_+freq_cum": 32.57,
                    "age_of_acquisition": 4.35483870967742,
                    "familiarity": 6.92857142857143,
                    "lexical_frequency": 15832.09,
                    "complexity": 1,
                    "hapax_legomena_lemma": 0,
                    "concrete": true,
                    "sophisticated": false,
                    "passive": "O",
                    "coordination": {},
                    "clitic_type": false,
                    "aux_verbs": "B",
                    "named_entities": "O",
                    "subordination": [],
                    "np_pp_modifiers": {
                        "ids": [],
                        "texts": []
                    }
                },
                "5": {
                    "text": "belle",
                    "id": 6,
                    "lemma": "beau",
                    "word_length": 5,
                    "word_syllables": 1,
                    "ortho_neighbors": 1,
                    "ortho_neighbors_+freq_cum": 0.52,
                    "age_of_acquisition": -1,
                    "familiarity": -1,
                    "lexical_frequency": 47.09,
                    "complexity": "na",
                    "hapax_legomena_lemma": 0,
                    "concrete": false,
                    "sophisticated": true,
                    "passive": "O",
                    "coordination": {},
                    "clitic_type": false,
                    "aux_verbs": "I",
                    "named_entities": "O",
                    "subordination": [],
                    "np_pp_modifiers": {
                        "ids": [],
                        "texts": []
                    }
                },
                "6": {
                    "text": "!",
                    "id": 7,
                    "lemma": "!",
                    "word_length": 1,
                    "word_syllables": 0,
                    "ortho_neighbors": 4,
                    "ortho_neighbors_+freq_cum": 32.57,
                    "age_of_acquisition": 4.35483870967742,
                    "familiarity": 6.92857142857143,
                    "lexical_frequency": 15832.09,
                    "complexity": 1,
                    "hapax_legomena_lemma": 0,
                    "concrete": true,
                    "sophisticated": false,
                    "passive": "O",
                    "coordination": {},
                    "clitic_type": false,
                    "aux_verbs": "O",
                    "named_entities": "O",
                    "subordination": [],
                    "np_pp_modifiers": {
                        "ids": [],
                        "texts": []
                    }
                }
            },
            "features": {
                "parse_depth": 3,
                "sentence_length": 7,
                "ratio_passive_per_token": 0.0,
                "ratio_passive_per_verb": 0,
                "total_token_ratio_passive": 0.0,
                "max_size_passive": 0,
                "ratio_heads_per_token": 0,
                "max_nb_heads": 0,
                "max_dist_head_to_coord": 0,
                "ratio_coordination_per_token": 0.0,
                "total_token_ratio_coordination": 0.0,
                "max_size_coordination": 0,
                "ratio_aux_verbs_per_token": 0.14285714285714285,
                "ratio_aux_verbs_per_verb": 0,
                "total_token_ratio_aux_verbs": 0.2857142857142857,
                "max_size_aux_verbs": 2,
                "ratio_named_entities_per_token": 0.14285714285714285,
                "ratio_named_entities_per_verb": 0,
                "total_token_ratio_named_entities": 0.14285714285714285,
                "max_size_named_entities": 1,
                "max_size_np_pp_modifiers": 0,
                "max_size_subordination": 0,
                "words_before_verb": 4,
                "words_after_verb": 1
            }
        },
        "5": {
            "words": {
                "0": {
                    "text": "Jacques",
                    "id": 1,
                    "lemma": "Jacques",
                    "word_length": 7,
                    "word_syllables": 1,
                    "ortho_neighbors": 4,
                    "ortho_neighbors_+freq_cum": 32.57,
                    "age_of_acquisition": 4.35483870967742,
                    "familiarity": 6.92857142857143,
                    "lexical_frequency": 15832.09,
                    "complexity": 1,
                    "hapax_legomena_lemma": 0,
                    "concrete": true,
                    "sophisticated": false,
                    "passive": "O",
                    "coordination": {},
                    "clitic_type": false,
                    "aux_verbs": "O",
                    "named_entities": "B",
                    "named_entities_person": true,
                    "subordination": [],
                    "np_pp_modifiers": {
                        "ids": [],
                        "texts": []
                    }
                },
                "1": {
                    "text": "Pr\u00e9vet",
                    "id": 2,
                    "lemma": "Pr\u00e9vet",
                    "word_length": 6,
                    "word_syllables": 0,
                    "ortho_neighbors": 1,
                    "ortho_neighbors_+freq_cum": 0.52,
                    "age_of_acquisition": -1,
                    "familiarity": -1,
                    "lexical_frequency": 47.09,
                    "complexity": "na",
                    "hapax_legomena_lemma": 0,
                    "concrete": false,
                    "sophisticated": true,
                    "passive": "O",
                    "coordination": {},
                    "clitic_type": false,
                    "aux_verbs": "O",
                    "named_entities": "I",
                    "named_entities_person": true,
                    "subordination": [],
                    "np_pp_modifiers": {
                        "ids": [],
                        "texts": []
                    }
                }
            },
            "features": {
                "parse_depth": 2,
                "sentence_length": 2,
                "ratio_passive_per_token": 0.0,
                "ratio_passive_per_verb": 0,
                "total_token_ratio_passive": 0.0,
                "max_size_passive": 0,
                "ratio_heads_per_token": 0,
                "max_nb_heads": 0,
                "max_dist_head_to_coord": 0,
                "ratio_coordination_per_token": 0.0,
                "total_token_ratio_coordination": 0.0,
                "max_size_coordination": 0,
                "ratio_aux_verbs_per_token": 0.0,
                "ratio_aux_verbs_per_verb": 0,
                "total_token_ratio_aux_verbs": 0.0,
                "max_size_aux_verbs": 0,
                "ratio_named_entities_per_token": 0.5,
                "ratio_named_entities_per_verb": 0,
                "total_token_ratio_named_entities": 1.0,
                "max_size_named_entities": 0,
                "max_size_np_pp_modifiers": 0,
                "max_size_subordination": 0,
                "words_before_verb": 0,
                "words_after_verb": 1
            }
        }
    }
}